pairs_id,indate_date,first_instrument,second_instrument,prime_instrument,boundary_unit_num,region_drift,region_0,region_1,region_2,region_3,region_4,region_5,region_6,region_7,up_boundary_5,up_boundary_4,up_boundary_3,up_boundary_2,up_boundary_1,down_boundary_1,down_boundary_2,down_boundary_3,down_boundary_4,down_boundary_5,today_fee,wait_window,favor_times,unfavor_times,abs_threshold,boundary_tick_lock,wait2_windows,after_tick,night_type,if_add,limitcoef,abs_threshold_after,kind,before_tick,before_cancel_flag,before_cancel_num,max_position,min_position,region_tick_lock,region_unit_num
SP2303-2304,20220926_0,SP2303.XSGE,SP2304.XSGE,SP2303.XSGE,0,0,-50.0,-50.0,-99999,-99999.0,-99999,-99999,-99999,-99999,99999,116.18,84.8,53.42,22.04,-9.34,-40.72,-72.1,-103.48,-99999,2,3000000,3,1,50,16,2000,30,1,1,8,25,SP,0,1,1,60,0,35,40
SP2304-2305,20220926_0,SP2304.XSGE,SP2305.XSGE,SP2305.XSGE,0,0,10.0,0.0,-99999,-99999.0,-99999,-99999,-99999,-99999,99999,87.47,70.79,54.11,37.43,20.75,4.07,-12.61,-29.29,-99999,2,3000000,3,1,50,8,2000,30,1,1,8,25,SP,0,1,1,60,0,39,40
SP2305-2306,20220926_0,SP2305.XSGE,SP2306.XSGE,SP2305.XSGE,0,0,2.0,2.0,2,0.0,0,-99999,-99999,-99999,99999,246.14,227.69,209.24,190.79,172.34,153.89,135.44,116.99,-99999,2,3000000,3,1,50,9,2000,30,1,1,8,25,SP,0,1,1,60,0,26,27
SP2306-2307,20220926_0,SP2306.XSGE,SP2307.XSGE,SP2306.XSGE,0,0,2.0,2.0,2,0.0,0,-99999,-99999,-99999,99999,180.14,154.57,129.0,103.43,77.86,52.29,26.72,1.15,-99999,2,3000000,3,1,50,13,2000,30,1,1,8,25,SP,0,1,1,60,0,26,27
SP2307-2308,20220926_0,SP2307.XSGE,SP2308.XSGE,SP2307.XSGE,0,0,4.0,2.0,0,0.0,0,-99999,-99999,-99999,99999,202.47,154.8,107.13,59.46,11.79,-35.88,-83.55,-131.22,-99999,2,3000000,3,1,50,24,2000,30,1,1,8,25,SP,0,1,1,60,0,26,27
SP2308-2309,20220926_0,SP2308.XSGE,SP2309.XSGE,SP2308.XSGE,0,0,4.0,2.0,0,0.0,0,-99999,-99999,-99999,99999,125.38,100.73,76.08,51.43,26.78,2.13,-22.52,-47.17,-99999,2,3000000,3,1,50,12,2000,30,1,1,8,25,SP,0,1,1,60,0,26,27
SP2309-2310,20220926_0,SP2309.XSGE,SP2310.XSGE,SP2310.XSGE,0,0,4.0,2.0,0,0.0,0,-99999,-99999,-99999,99999,267.3,205.17,143.04,80.91,18.78,-43.35,-105.48,-167.61,-99999,2,3000000,3,1,50,31,2000,30,1,1,8,25,SP,0,1,1,60,0,26,27
CF2303-2305,20220926_0,CF2303.XZCE,CF2305.XZCE,CF2305.XZCE,0,0,-99999.0,-99999.0,-99999,-99999.0,-99999,-99999,-99999,-99999,99999,47.21,26.4,5.59,-15.22,-36.03,-56.84,-77.65,-98.46,-99999,2,3000000,3,1,50,4,2000,30,1,1,8,25,CF,0,1,1,60,0,14,20
CF2305-2307,20220926_0,CF2305.XZCE,CF2307.XZCE,CF2305.XZCE,0,0,-50.0,-50.0,-50,-50.0,-50,-99999,-99999,-99999,99999,15.29,-1.27,-17.83,-34.39,-50.95,-67.51,-84.07,-100.63,-99999,2,3000000,3,1,50,3,2000,30,1,1,8,25,CF,0,1,1,60,0,0,20
CF2307-2309,20220926_0,CF2307.XZCE,CF2309.XZCE,CF2309.XZCE,0,0,-140.0,-140.0,-140,-140.0,-140,-99999,-99999,-99999,99999,-56.47,-76.15,-95.83,-115.51,-135.19,-154.87,-174.55,-194.23,-99999,2,3000000,3,1,50,4,2000,30,1,1,8,25,CF,0,1,1,60,0,0,40
CS2303-2305,20220926_0,CS2303.XDCE,CS2305.XDCE,CS2303.XDCE,0,0,-99999.0,-99999.0,-99999,-99999.0,-99999,-99999,-99999,-99999,99999,-125.65,-134.96,-144.27,-153.58,-162.89,-172.2,-181.51,-190.82,-99999,2,3000000,3,1,50,9,2000,30,1,1,8,25,CS,0,1,1,60,0,15,40
CS2305-2307,20220926_0,CS2305.XDCE,CS2307.XDCE,CS2305.XDCE,0,0,-99999.0,-99999.0,-99999,-99999.0,-99999,-99999,-99999,-99999,99999,-0.64,-5.19,-9.74,-14.29,-18.84,-23.39,-27.94,-32.49,-99999,2,3000000,3,1,50,5,2000,30,1,1,8,25,CS,0,1,1,60,0,10,20
CS2307-2309,20220926_0,CS2307.XDCE,CS2309.XDCE,CS2307.XDCE,0,0,-70.0,-99999.0,-99999,-99999.0,-99999,-99999,-99999,-99999,99999,-29.58,-38.29,-47.0,-55.71,-64.42,-73.13,-81.84,-90.55,-99999,2,3000000,3,1,50,9,2000,30,1,1,8,25,CS,0,1,1,60,0,100,13
C2305-2307,20220926_0,C2305.XDCE,C2307.XDCE,C2305.XDCE,0,0,-99999.0,-99999.0,-99999,-99999.0,-99999,-99999,-99999,-99999,99999,13.88,10.25,6.62,2.99,-0.64,-4.27,-7.9,-11.53,-99999,2,3000000,3,1,50,4,2000,30,1,1,8,25,C,0,1,1,60,0,10,20
EG2302-2303,20220926_0,EG2302.XDCE,EG2303.XDCE,EG2302.XDCE,0,0,-99999.0,-99999.0,-99999,-99999.0,-99999,-99999,-99999,-99999,99999,520.16,369.6,219.04,68.48,-82.08,-232.64,-383.2,-533.76,-99999,2,3000000,3,1,50,151,2000,30,1,1,8,25,EG,0,1,1,60,0,48,40
EG2304-2305,20220926_0,EG2304.XDCE,EG2305.XDCE,EG2305.XDCE,0,0,-20.0,-25.0,-30,-73.0,-73,-99999,-99999,-99999,99999,-16.96,-21.66,-26.36,-31.06,-35.76,-40.46,-45.16,-49.86,-99999,2,3000000,3,1,50,5,2000,30,1,1,8,25,EG,0,1,1,60,0,42,53
EG2305-2306,20220926_0,EG2305.XDCE,EG2306.XDCE,EG2305.XDCE,0,0,-20.0,-23.0,-24,-26.0,-26,-26,-27,-33,99999,-5.43,-11.4,-17.37,-23.34,-29.31,-35.28,-41.25,-47.22,-99999,2,3000000,3,1,50,6,2000,30,1,1,8,25,EG,0,1,1,60,0,42,53
EG2306-2307,20220926_0,EG2306.XDCE,EG2307.XDCE,EG2306.XDCE,0,0,-20.0,-23.0,-24,-24.0,-25,-26,-26,-30,99999,31.56,14.6,-2.36,-19.32,-36.28,-53.24,-70.2,-87.16,-99999,2,3000000,3,1,50,17,2000,30,1,1,8,25,EG,0,1,1,60,0,42,53
EG2307-2308,20220926_0,EG2307.XDCE,EG2308.XDCE,EG2307.XDCE,0,0,-20.0,-20.0,-20,-20.0,-22,-26,-28,-30,99999,-7.15,-10.34,-13.53,-16.72,-19.91,-23.1,-26.29,-29.48,-99999,2,3000000,3,1,50,3,2000,30,1,1,8,25,EG,0,1,1,60,0,42,53
EG2308-2309,20220926_0,EG2308.XDCE,EG2309.XDCE,EG2309.XDCE,0,0,-10.0,-10.0,-10,-22.0,-24,-26,-28,-30,99999,-7.07,-8.16,-9.25,-10.34,-11.43,-12.52,-13.61,-14.7,-99999,2,3000000,3,1,50,1,2000,30,1,1,8,25,EG,0,1,1,60,0,42,53
EG2309-2310,20220926_0,EG2309.XDCE,EG2310.XDCE,EG2309.XDCE,0,0,-15.0,-20.0,-25,-30.0,-99999,-99999,-99999,-99999,99999,5.69,0.86,-3.97,-8.8,-13.63,-18.46,-23.29,-28.12,-99999,2,3000000,3,1,50,5,2000,30,1,1,8,25,EG,0,1,1,60,0,42,53
EG2305-2309,20220926_0,EG2305.XDCE,EG2309.XDCE,EG2305.XDCE,0,0,-80.0,-99999.0,-99999,-99999.0,-99999,-99999,-99999,-99999,99999,-69.15,-70.94,-72.73,-74.52,-76.31,-78.1,-79.89,-81.68,-99999,2,3000000,3,1,50,2,2000,30,1,1,8,25,EG,0,1,1,60,0,100,53
PG2305-2306,20220926_0,PG2305.XDCE,PG2306.XDCE,PG2305.XDCE,0,0,-99999.0,-99999.0,-99999,-99999.0,-99999,-99999,-99999,-99999,99999,128.2,121.35,114.5,107.65,100.8,93.95,87.1,80.25,-99999,2,3000000,3,1,50,7,2000,30,1,1,8,25,PG,0,1,1,60,0,99999,0
RU2303-2304,20220926_0,RU2303.XSGE,RU2304.XSGE,RU2304.XSGE,0,0,-385.0,-385.0,-385,-99999.0,-99999,-99999,-99999,-99999,99999,276.83,159.02,41.21,-76.6,-194.41,-312.22,-430.03,-547.84,-99999,2,3000000,3,1,50,24,2000,30,1,1,8,25,RU,0,1,1,60,0,50,20
RU2304-2305,20220926_0,RU2304.XSGE,RU2305.XSGE,RU2305.XSGE,0,0,-70.0,-100.0,-320,-320.0,-320,-320,-99999,-99999,99999,408.33,282.25,156.17,30.09,-95.99,-222.07,-348.15,-474.23,-99999,2,3000000,3,1,50,25,2000,30,1,1,8,25,RU,0,1,1,60,0,48,20
RU2305-2306,20220926_0,RU2305.XSGE,RU2306.XSGE,RU2305.XSGE,0,0,-70.0,-80.0,-90,-100.0,-110,-120,-99999,-99999,99999,70.27,45.81,21.35,-3.11,-27.57,-52.03,-76.49,-100.95,-99999,2,3000000,3,1,50,5,2000,30,1,1,8,25,RU,0,1,1,60,0,50,20
RU2306-2307,20220926_0,RU2306.XSGE,RU2307.XSGE,RU2306.XSGE,0,0,-70.0,-80.0,-90,-100.0,-110,-120,-99999,-99999,99999,96.6,67.86,39.12,10.38,-18.36,-47.1,-75.84,-104.58,-99999,2,3000000,3,1,50,6,2000,30,1,1,8,25,RU,0,1,1,60,0,50,20
RU2307-2308,20220926_0,RU2307.XSGE,RU2308.XSGE,RU2307.XSGE,0,0,-70.0,-80.0,-90,-100.0,-110,-120,-99999,-99999,99999,202.78,137.1,71.42,5.74,-59.94,-125.62,-191.3,-256.98,-99999,2,3000000,3,1,50,13,2000,30,1,1,8,25,RU,0,1,1,60,0,50,20
RU2308-2309,20220926_0,RU2308.XSGE,RU2309.XSGE,RU2309.XSGE,0,0,-70.0,-80.0,-90,-100.0,-110,-120,-99999,-99999,99999,188.93,128.97,69.01,9.05,-50.91,-110.87,-170.83,-230.79,-99999,2,3000000,3,1,50,12,2000,30,1,1,8,25,RU,0,1,1,60,0,50,20
RU2303-2305,20220926_0,RU2303.XSGE,RU2305.XSGE,RU2305.XSGE,0,0,-275.0,-275.0,-275,-99999.0,-99999,-99999,-99999,-99999,99999,-61.57,-97.52,-133.47,-169.42,-205.37,-241.32,-277.27,-313.22,-99999,2,3000000,3,1,50,7,2000,30,1,1,8,25,RU,0,1,1,60,0,15,20
RU2305-2309,20220926_0,RU2305.XSGE,RU2309.XSGE,RU2305.XSGE,0,0,-99999.0,-99999.0,-99999,-99999.0,-99999,-99999,-99999,-99999,99999,14.59,-8.66,-31.91,-55.16,-78.41,-101.66,-124.91,-148.16,-99999,2,3000000,3,1,50,5,2000,30,1,1,8,25,RU,0,1,1,60,0,100,20
RU2306-2305,20220926_0,RU2306.XSGE,RU2305.XSGE,RU2305.XSGE,0,0,-45.0,-45.0,-99999,-99999.0,-99999,-99999,-99999,-99999,99999,100.95,76.49,52.03,27.57,3.11,-21.35,-45.81,-70.27,-99999,2,3000000,3,1,50,5,2000,30,1,1,8,25,RU,0,1,1,60,0,12,20
L2302-2303,20220926_0,L2302.XDCE,L2303.XDCE,L2302.XDCE,0,0,-99999.0,-99999.0,-99999,-99999.0,-99999,-99999,-99999,-99999,99999,2673.24,1982.49,1291.74,600.99,-89.76,-780.51,-1471.26,-2162.01,-99999,2,3000000,3,1,50,691,2000,30,1,1,8,25,L,0,1,1,60,0,20,40
L2304-2305,20220926_0,L2304.XDCE,L2305.XDCE,L2305.XDCE,0,0,-10.0,-20.0,-30,-40.0,-50,-99999,-99999,-99999,99999,32.51,26.68,20.85,15.02,9.19,3.36,-2.47,-8.3,-99999,2,3000000,3,1,50,6,2000,30,1,1,8,25,L,0,1,1,60,0,20,40
L2305-2306,20220926_0,L2305.XDCE,L2306.XDCE,L2305.XDCE,0,0,-5.0,-10.0,-15,-25.0,-35,-99999,-99999,-99999,99999,47.37,41.74,36.11,30.48,24.85,19.22,13.59,7.96,-99999,2,3000000,3,1,50,6,2000,30,1,1,8,25,L,0,1,1,60,0,20,40
L2306-2307,20220926_0,L2306.XDCE,L2307.XDCE,L2306.XDCE,0,0,-5.0,-10.0,-15,-25.0,-35,-99999,-99999,-99999,99999,19.74,18.48,17.22,15.96,14.7,13.44,12.18,10.92,-99999,2,3000000,3,1,50,1,2000,30,1,1,8,25,L,0,1,1,60,0,20,40
L2307-2308,20220926_0,L2307.XDCE,L2308.XDCE,L2307.XDCE,0,0,-5.0,-10.0,-15,-25.0,-35,-99999,-99999,-99999,99999,254.44,175.28,96.12,16.96,-62.2,-141.36,-220.52,-299.68,-99999,2,3000000,3,1,50,79,2000,30,1,1,8,25,L,0,1,1,60,0,20,40
L2308-2309,20220926_0,L2308.XDCE,L2309.XDCE,L2309.XDCE,0,0,0.0,-10.0,-15,-25.0,-35,-99999,-99999,-99999,99999,22.13,18.83,15.53,12.23,8.93,5.63,2.33,-0.97,-99999,2,3000000,3,1,50,3,2000,30,1,1,8,25,L,0,1,1,60,0,20,40
L2309-2310,20220926_0,L2309.XDCE,L2310.XDCE,L2309.XDCE,0,0,-5.0,-15.0,-25,-35.0,-45,-99999,-99999,-99999,99999,31.21,25.38,19.55,13.72,7.89,2.06,-3.77,-9.6,-99999,2,3000000,3,1,50,6,2000,30,1,1,8,25,L,0,1,1,60,0,25,40
L2305-2309,20220926_0,L2305.XDCE,L2309.XDCE,L2305.XDCE,0,0,-5.0,-25.0,-45,-65.0,-85,-99999,-99999,-99999,99999,117.16,101.08,85.0,68.92,52.84,36.76,20.68,4.6,-99999,2,3000000,3,1,50,16,2000,30,1,1,8,25,L,0,1,1,60,0,15,40
HC2302-2303,20220926_0,HC2302.XSGE,HC2303.XSGE,HC2302.XSGE,0,0,-99999.0,-99999.0,-99999,-99999.0,-99999,-99999,-99999,-99999,99999,136.67,122.4,108.13,93.86,79.59,65.32,51.05,36.78,-99999,2,3000000,3,1,50,14,2000,30,1,1,8,25,HC,0,1,1,60,0,10,40
HC2303-2304,20220926_0,HC2303.XSGE,HC2304.XSGE,HC2304.XSGE,0,0,-99999.0,-99999.0,-99999,-99999.0,-99999,-99999,-99999,-99999,99999,165.87,116.01,66.15,16.29,-33.57,-83.43,-133.29,-183.15,-99999,2,3000000,3,1,50,50,2000,30,1,1,8,25,HC,0,1,1,60,0,10,40
HC2304-2305,20220926_0,HC2304.XSGE,HC2305.XSGE,HC2305.XSGE,0,0,-99999.0,-99999.0,-99999,-99999.0,-99999,-99999,-99999,-99999,99999,120.17,93.28,66.39,39.5,12.61,-14.28,-41.17,-68.06,-99999,2,3000000,3,1,50,27,2000,30,1,1,8,25,HC,0,1,1,60,0,25,40
HC2305-2306,20220926_0,HC2305.XSGE,HC2306.XSGE,HC2305.XSGE,0,0,5.0,-5.0,-10,-20.0,-30,-99999,-99999,-99999,99999,32.05,26.18,20.31,14.44,8.57,2.7,-3.17,-9.04,-99999,2,3000000,3,1,50,6,2000,30,1,1,8,25,HC,0,1,1,60,0,25,40
HC2306-2307,20220926_0,HC2306.XSGE,HC2307.XSGE,HC2306.XSGE,0,0,5.0,-5.0,-10,-20.0,-30,-99999,-99999,-99999,99999,40.47,32.15,23.83,15.51,7.19,-1.13,-9.45,-17.77,-99999,2,3000000,3,1,50,8,2000,30,1,1,8,25,HC,0,1,1,60,0,25,40
HC2307-2308,20220926_0,HC2307.XSGE,HC2308.XSGE,HC2308.XSGE,0,0,5.0,-5.0,-10,-20.0,-30,-99999,-99999,-99999,99999,137.1,99.42,61.74,24.06,-13.62,-51.3,-88.98,-126.66,-99999,2,3000000,3,1,50,38,2000,30,1,1,8,25,HC,0,1,1,60,0,25,40
HC2308-2309,20220926_0,HC2308.XSGE,HC2309.XSGE,HC2309.XSGE,0,0,5.0,-5.0,-10,-20.0,-30,-99999,-99999,-99999,99999,229.64,170.53,111.42,52.31,-6.8,-65.91,-125.02,-184.13,-99999,2,3000000,3,1,50,59,2000,30,1,1,8,25,HC,0,1,1,60,0,25,40
HC2309-2310,20220926_0,HC2309.XSGE,HC2310.XSGE,HC2310.XSGE,0,0,5.0,-5.0,-10,-20.0,-30,-99999,-99999,-99999,99999,109.79,85.75,61.71,37.67,13.63,-10.41,-34.45,-58.49,-99999,2,3000000,3,1,50,24,2000,30,1,1,8,25,HC,0,1,1,60,0,25,40
HC2310-2311,20220926_0,HC2310.XSGE,HC2311.XSGE,HC2310.XSGE,0,0,5.0,0.0,-5,-10.0,-20,-99999,-99999,-99999,99999,257.03,193.93,130.83,67.73,4.63,-58.47,-121.57,-184.67,-99999,2,3000000,3,1,50,63,2000,30,1,1,8,25,HC,0,1,1,60,0,25,40
HC2305-2309,20220926_0,HC2305.XSGE,HC2309.XSGE,HC2305.XSGE,0,0,10.0,-10.0,-30,-50.0,-70,-99999,-99999,-99999,99999,120.3,100.28,80.26,60.24,40.22,20.2,0.18,-19.84,-99999,2,3000000,3,1,50,20,2000,30,1,1,8,25,HC,0,1,1,60,0,100,40
RB2303-2304,20220926_0,RB2303.XSGE,RB2304.XSGE,RB2303.XSGE,0,0,-30.0,-45.0,-99999,-99999.0,-99999,-99999,-99999,-99999,99999,89.16,66.51,43.86,21.21,-1.44,-24.09,-46.74,-69.39,-99999,2,3000000,3,1,50,23,2000,30,1,1,8,25,RB,0,1,1,60,0,12,33
RB2304-2305,20220926_0,RB2304.XSGE,RB2305.XSGE,RB2305.XSGE,0,0,-30.0,-99999.0,-99999,-99999.0,-99999,-99999,-99999,-99999,99999,34.79,21.91,9.03,-3.85,-16.73,-29.61,-42.49,-55.37,-99999,2,3000000,3,1,50,13,2000,30,1,1,8,25,RB,0,1,1,60,0,30,40
RB2305-2306,20220926_0,RB2305.XSGE,RB2306.XSGE,RB2305.XSGE,0,0,-99999.0,-99999.0,-99999,-99999.0,-99999,-99999,-99999,-99999,99999,44.22,40.26,36.3,32.34,28.38,24.42,20.46,16.5,-99999,2,3000000,3,1,50,4,2000,30,1,1,8,25,RB,0,1,1,60,0,100,20
RB2306-2307,20220926_0,RB2306.XSGE,RB2307.XSGE,RB2306.XSGE,0,0,-5.0,-10.0,-20,-30.0,-99999,-99999,-99999,-99999,99999,12.79,9.34,5.89,2.44,-1.01,-4.46,-7.91,-11.36,-99999,2,3000000,3,1,50,3,2000,30,1,1,8,25,RB,0,1,1,60,0,100,20
RB2307-2308,20220926_0,RB2307.XSGE,RB2308.XSGE,RB2308.XSGE,0,0,-99999.0,-99999.0,-99999,-99999.0,-99999,-99999,-99999,-99999,99999,290.46,213.22,135.98,58.74,-18.5,-95.74,-172.98,-250.22,-99999,2,3000000,3,1,50,77,2000,30,1,1,8,25,RB,0,1,1,60,0,100,20
RB2308-2309,20220926_0,RB2308.XSGE,RB2309.XSGE,RB2309.XSGE,0,0,-99999.0,-99999.0,-99999,-99999.0,-99999,-99999,-99999,-99999,99999,259.43,181.8,104.17,26.54,-51.09,-128.72,-206.35,-283.98,-99999,2,3000000,3,1,50,78,2000,30,1,1,8,25,RB,0,1,1,60,0,100,20
RB2309-2310,20220926_0,RB2309.XSGE,RB2310.XSGE,RB2310.XSGE,0,0,-99999.0,-99999.0,-99999,-99999.0,-99999,-99999,-99999,-99999,99999,59.58,49.88,40.18,30.48,20.78,11.08,1.38,-8.32,-99999,2,3000000,3,1,50,10,2000,30,1,1,8,25,RB,0,1,1,60,0,100,20
RB2310-2311,20220926_0,RB2310.XSGE,RB2311.XSGE,RB2310.XSGE,0,0,-99999.0,-99999.0,-99999,-99999.0,-99999,-99999,-99999,-99999,99999,105.83,80.87,55.91,30.95,5.99,-18.97,-43.93,-68.89,-99999,2,3000000,3,1,50,25,2000,30,1,1,8,25,RB,0,1,1,60,0,100,20
RB2305-2309,20220926_0,RB2305.XSGE,RB2309.XSGE,RB2305.XSGE,0,0,-99999.0,-99999.0,-99999,-99999.0,-99999,-99999,-99999,-99999,99999,69.2,59.84,50.48,41.12,31.76,22.4,13.04,3.68,-99999,2,3000000,3,1,50,9,2000,30,1,1,8,25,RB,0,1,1,60,0,100,13
FU2302-2303,20220926_0,FU2302.XSGE,FU2303.XSGE,FU2303.XSGE,0,0,-99999.0,-99999.0,-99999,-99999.0,-99999,-99999,-99999,-99999,99999,191.13,117.89,44.65,-28.59,-101.83,-175.07,-248.31,-321.55,-99999,2,3000000,3,1,50,73,2000,30,1,1,8,25,FU,0,1,1,60,0,0,0
FU2303-2304,20220926_0,FU2303.XSGE,FU2304.XSGE,FU2303.XSGE,0,0,-99999.0,-99999.0,-99999,-99999.0,-99999,-99999,-99999,-99999,99999,213.31,143.53,73.75,3.97,-65.81,-135.59,-205.37,-275.15,-99999,2,3000000,3,1,50,70,2000,30,1,1,8,25,FU,0,1,1,60,0,0,0
FU2304-2305,20220926_0,FU2304.XSGE,FU2305.XSGE,FU2305.XSGE,0,0,-99999.0,-99999.0,-99999,-99999.0,-99999,-99999,-99999,-99999,99999,156.84,107.98,59.12,10.26,-38.6,-87.46,-136.32,-185.18,-99999,2,3000000,3,1,50,49,2000,30,1,1,8,25,FU,0,1,1,60,0,0,0
FU2305-2306,20220926_0,FU2305.XSGE,FU2306.XSGE,FU2305.XSGE,0,0,5.0,0.0,-30,-35.0,-99999,-99999,-99999,-99999,99999,47.05,35.25,23.45,11.65,-0.15,-11.95,-23.75,-35.55,-99999,2,3000000,3,1,50,12,2000,30,1,1,8,25,FU,0,1,1,60,0,30,20
FU2306-2307,20220926_0,FU2306.XSGE,FU2307.XSGE,FU2303.XSGE,0,0,-20.0,-25.0,-30,-35.0,-99999,-99999,-99999,-99999,99999,70.69,56.93,43.17,29.41,15.65,1.89,-11.87,-25.63,-99999,2,3000000,3,1,50,14,2000,30,1,1,8,25,FU,0,1,1,60,0,25,40
FU2307-2308,20220926_0,FU2307.XSGE,FU2308.XSGE,FU2307.XSGE,0,0,-20.0,-25.0,-30,-35.0,-99999,-99999,-99999,-99999,99999,85.72,66.22,46.72,27.22,7.72,-11.78,-31.28,-50.78,-99999,2,3000000,3,1,50,20,2000,30,1,1,8,25,FU,0,1,1,60,0,25,40
FU2308-2309,20220926_0,FU2308.XSGE,FU2309.XSGE,FU2309.XSGE,0,0,5.0,0.0,-30,-35.0,-99999,-99999,-99999,-99999,99999,51.26,38.55,25.84,13.13,0.42,-12.29,-25.0,-37.71,-99999,2,3000000,3,1,50,13,2000,30,1,1,8,25,FU,0,1,1,60,0,30,20
FU2309-2310,20220926_0,FU2309.XSGE,FU2310.XSGE,FU2309.XSGE,0,0,-20.0,-25.0,-30,-35.0,-99999,-99999,-99999,-99999,99999,70.09,53.25,36.41,19.57,2.73,-14.11,-30.95,-47.79,-99999,2,3000000,3,1,50,17,2000,30,1,1,8,25,FU,0,1,1,60,0,30,40
FU2302-2305,20220926_0,FU2302.XSGE,FU2305.XSGE,FU2305.XSGE,0,0,-99999.0,-99999.0,-99999,-99999.0,-99999,-99999,-99999,-99999,99999,168.72,94.46,20.2,-54.06,-128.32,-202.58,-276.84,-351.1,-99999,2,3000000,3,1,50,74,2000,30,1,1,8,25,FU,0,1,1,60,0,100,0
FU2303-2305,20220926_0,FU2303.XSGE,FU2305.XSGE,FU2305.XSGE,0,0,-99999.0,-99999.0,-99999,-99999.0,-99999,-99999,-99999,-99999,99999,87.28,51.61,15.94,-19.73,-55.4,-91.07,-126.74,-162.41,-99999,2,3000000,3,1,50,36,2000,30,1,1,8,25,FU,0,1,1,60,0,100,0
FU2305-2307,20220926_0,FU2305.XSGE,FU2307.XSGE,FU2305.XSGE,0,0,-99999.0,-99999.0,-99999,-99999.0,-99999,-99999,-99999,-99999,99999,75.19,62.41,49.63,36.85,24.07,11.29,-1.49,-14.27,-99999,2,3000000,3,1,50,13,2000,30,1,1,8,25,FU,0,1,1,60,0,100,0
FU2305-2309,20220926_0,FU2305.XSGE,FU2309.XSGE,FU2305.XSGE,0,0,-100.0,-120.0,-99999,-99999.0,-99999,-99999,-99999,-99999,99999,83.75,76.04,68.33,60.62,52.91,45.2,37.49,29.78,-99999,2,3000000,3,1,50,8,2000,30,1,1,8,25,FU,0,1,1,60,0,35,20
FU2306-2305,20220926_0,FU2306.XSGE,FU2305.XSGE,FU2305.XSGE,0,0,-99999.0,-99999.0,-99999,-99999.0,-99999,-99999,-99999,-99999,99999,35.55,23.75,11.95,0.15,-11.65,-23.45,-35.25,-47.05,-99999,2,3000000,3,1,50,12,2000,30,1,1,8,25,FU,0,1,1,60,0,30,20
BU2302-2303,20220926_0,BU2302.XSGE,BU2303.XSGE,BU2303.XSGE,0,0,-99999.0,-99999.0,-99999,-99999.0,-99999,-99999,-99999,-99999,99999,2995.92,2183.89,1371.86,559.83,-252.2,-1064.23,-1876.26,-2688.29,-99999,2,3000000,3,1,50,812,2000,30,1,1,8,25,BU,0,1,1,60,0,30,20
BU2303-2304,20220926_0,BU2303.XSGE,BU2304.XSGE,BU2303.XSGE,0,0,-15.0,-25.0,-25,-30.0,-35,-40,-99999,-99999,99999,127.6,91.3,55.0,18.7,-17.6,-53.9,-90.2,-126.5,-99999,2,3000000,3,1,50,36,2000,30,1,1,8,25,BU,0,1,1,60,0,21,40
BU2304-2305,20220926_0,BU2304.XSGE,BU2305.XSGE,BU2305.XSGE,0,0,-22.0,-22.0,-25,-30.0,-35,-40,-99999,-99999,99999,96.01,75.06,54.11,33.16,12.21,-8.74,-29.69,-50.64,-99999,2,3000000,3,1,50,21,2000,30,1,1,8,25,BU,0,1,1,60,0,30,40
BU2305-2306,20220926_0,BU2305.XSGE,BU2306.XSGE,BU2306.XSGE,0,0,-10.0,-20.0,-30,-40.0,-50,-99999,-99999,-99999,99999,39.59,33.1,26.61,20.12,13.63,7.14,0.65,-5.84,-99999,2,3000000,3,1,50,6,2000,30,1,1,8,25,BU,0,1,1,60,0,18,40
BU2306-2307,20220926_0,BU2306.XSGE,BU2307.XSGE,BU2306.XSGE,0,0,-10.0,-20.0,-30,-40.0,-50,-99999,-99999,-99999,99999,27.05,22.81,18.57,14.33,10.09,5.85,1.61,-2.63,-99999,2,3000000,3,1,50,4,2000,30,1,1,8,25,BU,0,1,1,60,0,30,20
BU2302-2306,20220926_0,BU2302.XSGE,BU2306.XSGE,BU2302.XSGE,0,0,-99999.0,-99999.0,-99999,-99999.0,-99999,-99999,-99999,-99999,99999,2728.04,2003.3,1278.56,553.82,-170.92,-895.66,-1620.4,-2345.14,-99999,2,3000000,3,1,50,725,2000,30,1,1,8,25,BU,0,1,1,60,0,100,20
BU2303-2306,20220926_0,BU2303.XSGE,BU2306.XSGE,BU2306.XSGE,0,0,-99999.0,-99999.0,-99999,-99999.0,-99999,-99999,-99999,-99999,99999,99.4,81.83,64.26,46.69,29.12,11.55,-6.02,-23.59,-99999,2,3000000,3,1,50,18,2000,30,1,1,8,25,BU,0,1,1,60,0,100,20
BU2304-2306,20220926_0,BU2304.XSGE,BU2306.XSGE,BU2306.XSGE,0,0,-99999.0,-99999.0,-99999,-99999.0,-99999,-99999,-99999,-99999,99999,123.29,98.76,74.23,49.7,25.17,0.64,-23.89,-48.42,-99999,2,3000000,3,1,50,25,2000,30,1,1,8,25,BU,0,1,1,60,0,100,20
BU2305-2309,20220926_0,BU2305.XSGE,BU2309.XSGE,BU2305.XSGE,0,0,-99999.0,-99999.0,-99999,-99999.0,-99999,-99999,-99999,-99999,99999,81.81,74.52,67.23,59.94,52.65,45.36,38.07,30.78,-99999,2,3000000,3,1,50,7,2000,30,1,1,8,25,BU,0,1,1,60,0,100,20
BU2306-2309,20220926_0,BU2306.XSGE,BU2309.XSGE,BU2306.XSGE,0,0,-99999.0,-99999.0,-99999,-99999.0,-99999,-99999,-99999,-99999,99999,63.79,56.88,49.97,43.06,36.15,29.24,22.33,15.42,-99999,2,3000000,3,1,50,7,2000,30,1,1,8,25,BU,0,1,1,60,0,100,20
BU2303-2305,20220926_0,BU2303.XSGE,BU2305.XSGE,BU2303.XSGE,0,0,-35.0,-40.0,-45,-99999.0,-99999,-99999,-99999,-99999,99999,86.78,68.0,49.22,30.44,11.66,-7.12,-25.9,-44.68,-99999,2,3000000,3,1,50,19,2000,30,1,1,8,25,BU,0,1,1,60,0,80,40
AL2303-2304,20220926_0,AL2303.XSGE,AL2304.XSGE,AL2303.XSGE,0,0,-75.0,-75.0,-75,-75.0,-99999,-99999,-99999,-99999,99999,51.24,34.02,16.8,-0.42,-17.64,-34.86,-52.08,-69.3,-99999,2,3000000,3,1,50,3,2000,30,1,1,8,25,AL,0,1,1,60,0,15,27
AL2304-2305,20220926_0,AL2304.XSGE,AL2305.XSGE,AL2304.XSGE,0,0,-25.0,-25.0,-50,-60.0,-99999,-99999,-99999,-99999,99999,55.28,38.73,22.18,5.63,-10.92,-27.47,-44.02,-60.57,-99999,2,3000000,3,1,50,3,2000,30,1,1,8,25,AL,0,1,1,60,0,12,40
AL2305-2306,20220926_0,AL2305.XSGE,AL2306.XSGE,AL2305.XSGE,0,0,-20.0,-30.0,-40,-50.0,-99999,-99999,-99999,-99999,99999,104.53,82.37,60.21,38.05,15.89,-6.27,-28.43,-50.59,-99999,2,3000000,3,1,50,4,2000,30,1,1,8,25,AL,0,1,1,60,0,12,20
AL2306-2307,20220926_0,AL2306.XSGE,AL2307.XSGE,AL2306.XSGE,0,0,-20.0,-30.0,-40,-50.0,-99999,-99999,-99999,-99999,99999,235.29,178.13,120.97,63.81,6.65,-50.51,-107.67,-164.83,-99999,2,3000000,3,1,50,11,2000,30,1,1,8,25,AL,0,1,1,60,0,12,20
AL2307-2308,20220926_0,AL2307.XSGE,AL2308.XSGE,AL2308.XSGE,0,0,-40.0,-50.0,-60,-70.0,-99999,-99999,-99999,-99999,99999,296.63,213.16,129.69,46.22,-37.25,-120.72,-204.19,-287.66,-99999,2,3000000,3,1,50,17,2000,30,1,1,8,25,AL,0,1,1,60,0,16,20
AL2308-2309,20220926_0,AL2308.XSGE,AL2309.XSGE,AL2308.XSGE,0,0,-40.0,-50.0,-60,-70.0,-99999,-99999,-99999,-99999,99999,525.19,368.91,212.63,56.35,-99.93,-256.21,-412.49,-568.77,-99999,2,3000000,3,1,50,31,2000,30,1,1,8,25,AL,0,1,1,60,0,18,20
AL2305-2309,20220926_0,AL2305.XSGE,AL2309.XSGE,AL2305.XSGE,0,0,-99999.0,-99999.0,-99999,-99999.0,-99999,-99999,-99999,-99999,99999,420.4,311.76,203.12,94.48,-14.16,-122.8,-231.44,-340.08,-99999,2,3000000,3,1,50,22,2000,30,1,1,8,25,AL,0,1,1,60,0,40,20
PF2303-2304,20220926_0,PF2303.XZCE,PF2304.XZCE,PF2303.XZCE,0,0,-65.0,-65.0,-65,-99999.0,-99999,-99999,-99999,-99999,99999,14.3,4.47,-5.36,-15.19,-25.02,-34.85,-44.68,-54.51,-99999,2,3000000,3,1,50,5,2000,30,1,1,8,25,PF,0,1,1,60,0,24,40
PF2304-2305,20220926_0,PF2304.XZCE,PF2305.XZCE,PF2305.XZCE,0,0,-18.0,-18.0,-18,-99999.0,-99999,-99999,-99999,-99999,99999,12.68,5.12,-2.44,-10.0,-17.56,-25.12,-32.68,-40.24,-99999,2,3000000,3,1,50,4,2000,30,1,1,8,25,PF,0,1,1,60,0,12,40
PF2306-2307,20220926_0,PF2306.XZCE,PF2307.XZCE,PF2306.XZCE,0,0,-10.0,-20.0,-99999,-99999.0,-99999,-99999,-99999,-99999,99999,22.02,14.01,6.0,-2.01,-10.02,-18.03,-26.04,-34.05,-99999,2,3000000,3,1,50,4,2000,30,1,1,8,25,PF,0,1,1,60,0,40,40
PF2307-2308,20220926_0,PF2307.XZCE,PF2308.XZCE,PF2307.XZCE,0,0,-20.0,-99999.0,-99999,-99999.0,-99999,-99999,-99999,-99999,99999,39.4,26.25,13.1,-0.05,-13.2,-26.35,-39.5,-52.65,-99999,2,3000000,3,1,50,7,2000,30,1,1,8,25,PF,0,1,1,60,0,40,40
PF2308-2309,20220926_0,PF2308.XZCE,PF2309.XZCE,PF2309.XZCE,0,0,-20.0,-99999.0,-99999,-99999.0,-99999,-99999,-99999,-99999,99999,55.04,37.27,19.5,1.73,-16.04,-33.81,-51.58,-69.35,-99999,2,3000000,3,1,50,9,2000,30,1,1,8,25,PF,0,1,1,60,0,40,40
PF2303-2305,20220926_0,PF2303.XZCE,PF2305.XZCE,PF2303.XZCE,0,0,-99999.0,-99999.0,-99999,-99999.0,-99999,-99999,-99999,-99999,99999,5.3,-6.29,-17.88,-29.47,-41.06,-52.65,-64.24,-75.83,-99999,2,3000000,3,1,50,6,2000,30,1,1,8,25,PF,0,1,1,60,0,99999,0
PF2306-2309,20220926_0,PF2306.XZCE,PF2309.XZCE,PF2309.XZCE,0,0,-99999.0,-99999.0,-99999,-99999.0,-99999,-99999,-99999,-99999,99999,19.63,8.61,-2.41,-13.43,-24.45,-35.47,-46.49,-57.51,-99999,2,3000000,3,1,50,6,2000,30,1,1,8,25,PF,0,1,1,60,0,40,40
V2302-2303,20220926_0,V2302.XDCE,V2303.XDCE,V2302.XDCE,0,0,-99999.0,-99999.0,-99999,-99999.0,-99999,-99999,-99999,-99999,99999,804.78,591.12,377.46,163.8,-49.86,-263.52,-477.18,-690.84,-99999,2,3000000,3,1,50,214,2000,30,1,1,8,25,V,0,1,1,60,0,100,0
V2304-2305,20220926_0,V2304.XDCE,V2305.XDCE,V2305.XDCE,0,0,0.0,-10.0,-99999,-99999.0,-99999,-99999,-99999,-99999,99999,7.66,2.58,-2.5,-7.58,-12.66,-17.74,-22.82,-27.9,-99999,2,3000000,3,1,50,5,2000,30,1,1,8,25,V,0,1,1,60,0,20,53
V2305-2306,20220926_0,V2305.XDCE,V2306.XDCE,V2305.XDCE,0,0,0.0,-5.0,-10,-15.0,-20,-99999,-99999,-99999,99999,28.89,22.07,15.25,8.43,1.61,-5.21,-12.03,-18.85,-99999,2,3000000,3,1,50,7,2000,30,1,1,8,25,V,0,1,1,60,0,50,53
V2306-2307,20220926_0,V2306.XDCE,V2307.XDCE,V2307.XDCE,0,0,-5.0,-10.0,-15,-20.0,-25,-99999,-99999,-99999,99999,60.97,42.11,23.25,4.39,-14.47,-33.33,-52.19,-71.05,-99999,2,3000000,3,1,50,19,2000,30,1,1,8,25,V,0,1,1,60,0,50,53
V2307-2308,20220926_0,V2307.XDCE,V2308.XDCE,V2307.XDCE,0,0,-5.0,-10.0,-15,-20.0,-25,-99999,-99999,-99999,99999,32.6,22.22,11.84,1.46,-8.92,-19.3,-29.68,-40.06,-99999,2,3000000,3,1,50,10,2000,30,1,1,8,25,V,0,1,1,60,0,50,53
V2308-2309,20220926_0,V2308.XDCE,V2309.XDCE,V2309.XDCE,0,0,-5.0,-10.0,-15,-20.0,-25,-99999,-99999,-99999,99999,29.18,21.17,13.16,5.15,-2.86,-10.87,-18.88,-26.89,-99999,2,3000000,3,1,50,8,2000,30,1,1,8,25,V,0,1,1,60,0,50,53
V2309-2310,20220926_0,V2309.XDCE,V2310.XDCE,V2309.XDCE,0,0,-10.0,-10.0,-10,-20.0,-25,-99999,-99999,-99999,99999,38.59,30.42,22.25,14.08,5.91,-2.26,-10.43,-18.6,-99999,2,3000000,3,1,50,8,2000,30,1,1,8,25,V,0,1,1,60,0,30,53
V2310-2311,20220926_0,V2310.XDCE,V2311.XDCE,V2310.XDCE,0,0,-10.0,-10.0,-10,-20.0,-25,-99999,-99999,-99999,99999,155.96,115.6,75.24,34.88,-5.48,-45.84,-86.2,-126.56,-99999,2,3000000,3,1,50,40,2000,30,1,1,8,25,V,0,1,1,60,0,30,53
V2309-2311,20220926_0,V2309.XDCE,V2311.XDCE,V2309.XDCE,0,0,-20.0,-20.0,-20,-40.0,-50,-99999,-99999,-99999,99999,161.32,122.59,83.86,45.13,6.4,-32.33,-71.06,-109.79,-99999,2,3000000,3,1,50,39,2000,30,1,1,8,25,V,0,1,1,60,0,60,53
V2305-2309,20220926_0,V2305.XDCE,V2309.XDCE,V2305.XDCE,0,0,-20.0,-20.0,-38,-99999.0,-99999,-99999,-99999,-99999,99999,30.76,22.1,13.44,4.78,-3.88,-12.54,-21.2,-29.86,-99999,2,3000000,3,1,50,9,2000,30,1,1,8,25,V,0,1,1,60,0,50,40
V2306-2309,20220926_0,V2306.XDCE,V2309.XDCE,V2306.XDCE,0,0,-99999.0,-99999.0,-99999,-99999.0,-99999,-99999,-99999,-99999,99999,36.37,24.68,12.99,1.3,-10.39,-22.08,-33.77,-45.46,-99999,2,3000000,3,1,50,12,2000,30,1,1,8,25,V,0,1,1,60,0,100,0
PP2302-2303,20220926_0,PP2302.XDCE,PP2303.XDCE,PP2302.XDCE,0,0,-99999.0,-99999.0,-99999,-99999.0,-99999,-99999,-99999,-99999,99999,205.18,187.32,169.46,151.6,133.74,115.88,98.02,80.16,-99999,2,3000000,3,1,50,18,2000,30,1,1,8,25,PP,0,1,1,60,0,10,40
PP2304-2305,20220926_0,PP2304.XDCE,PP2305.XDCE,PP2305.XDCE,0,0,-5.0,-10.0,-15,-20.0,-99999,-99999,-99999,-99999,99999,14.79,8.2,1.61,-4.98,-11.57,-18.16,-24.75,-31.34,-99999,2,3000000,3,1,50,7,2000,30,1,1,8,25,PP,0,1,1,60,0,30,40
PP2305-2306,20220926_0,PP2305.XDCE,PP2306.XDCE,PP2305.XDCE,0,0,0.0,-9.0,-10,-15.0,-20,-99999,-99999,-99999,99999,45.92,39.44,32.96,26.48,20.0,13.52,7.04,0.56,-99999,2,3000000,3,1,50,6,2000,30,1,1,8,25,PP,0,1,1,60,0,35,40
PP2306-2307,20220926_0,PP2306.XDCE,PP2307.XDCE,PP2306.XDCE,0,0,0.0,-9.0,-10,-15.0,-20,-99999,-99999,-99999,99999,25.65,20.25,14.85,9.45,4.05,-1.35,-6.75,-12.15,-99999,2,3000000,3,1,50,5,2000,30,1,1,8,25,PP,0,1,1,60,0,35,40
PP2307-2308,20220926_0,PP2307.XDCE,PP2308.XDCE,PP2307.XDCE,0,0,0.0,-9.0,-10,-15.0,-20,-99999,-99999,-99999,99999,26.42,20.23,14.04,7.85,1.66,-4.53,-10.72,-16.91,-99999,2,3000000,3,1,50,6,2000,30,1,1,8,25,PP,0,1,1,60,0,35,40
PP2308-2309,20220926_0,PP2308.XDCE,PP2309.XDCE,PP2309.XDCE,0,0,0.0,-9.0,-10,-15.0,-20,-99999,-99999,-99999,99999,15.94,12.53,9.12,5.71,2.3,-1.11,-4.52,-7.93,-99999,2,3000000,3,1,50,3,2000,30,1,1,8,25,PP,0,1,1,60,0,35,40
PP2309-2310,20220926_0,PP2309.XDCE,PP2310.XDCE,PP2309.XDCE,0,0,0.0,-3.0,-10,-15.0,-20,-99999,-99999,-99999,99999,49.12,38.31,27.5,16.69,5.88,-4.93,-15.74,-26.55,-99999,2,3000000,3,1,50,11,2000,30,1,1,8,25,PP,0,1,1,60,0,35,40
PP2305-2309,20220926_0,PP2305.XDCE,PP2309.XDCE,PP2305.XDCE,0,0,-99999.0,-99999.0,-99999,-99999.0,-99999,-99999,-99999,-99999,99999,87.13,73.31,59.49,45.67,31.85,18.03,4.21,-9.61,-99999,2,3000000,3,1,50,14,2000,30,1,1,8,25,PP,0,1,1,60,0,100,0
PP2306-2309,20220926_0,PP2306.XDCE,PP2309.XDCE,PP2306.XDCE,0,0,-20.0,-99999.0,-99999,-99999.0,-99999,-99999,-99999,-99999,99999,50.13,39.71,29.29,18.87,8.45,-1.97,-12.39,-22.81,-99999,2,3000000,3,1,50,10,2000,30,1,1,8,25,PP,0,1,1,60,0,80,40
TA2302-2303,20220926_0,TA2302.XZCE,TA2303.XZCE,TA2303.XZCE,0,0,-99999.0,-99999.0,-99999,-99999.0,-99999,-99999,-99999,-99999,99999,95.88,66.03,36.18,6.33,-23.52,-53.37,-83.22,-113.07,-99999,2,3000000,3,1,50,15,2000,30,1,1,8,25,TA,0,1,1,60,0,0,0
TA2303-2304,20220926_0,TA2303.XZCE,TA2304.XZCE,TA2303.XZCE,0,0,-99999.0,-99999.0,-99999,-99999.0,-99999,-99999,-99999,-99999,99999,24.19,16.77,9.35,1.93,-5.49,-12.91,-20.33,-27.75,-99999,2,3000000,3,1,50,4,2000,30,1,1,8,25,TA,0,1,1,60,0,0,0
TA2304-2305,20220926_0,TA2304.XZCE,TA2305.XZCE,TA2305.XZCE,0,0,-99999.0,-99999.0,-99999,-99999.0,-99999,-99999,-99999,-99999,99999,21.97,16.09,10.21,4.33,-1.55,-7.43,-13.31,-19.19,-99999,2,3000000,3,1,50,3,2000,30,1,1,8,25,TA,0,1,1,60,0,0,0
TA2305-2306,20220926_0,TA2305.XZCE,TA2306.XZCE,TA2305.XZCE,0,0,-99999.0,-99999.0,-99999,-99999.0,-99999,-99999,-99999,-99999,99999,26.3,20.0,13.7,7.4,1.1,-5.2,-11.5,-17.8,-99999,2,3000000,3,1,50,3,2000,30,1,1,8,25,TA,0,1,1,60,0,0,40
TA2306-2307,20220926_0,TA2306.XZCE,TA2307.XZCE,TA2307.XZCE,0,0,-99999.0,-99999.0,-99999,-99999.0,-99999,-99999,-99999,-99999,99999,39.68,29.74,19.8,9.86,-0.08,-10.02,-19.96,-29.9,-99999,2,3000000,3,1,50,5,2000,30,1,1,8,25,TA,0,1,1,60,0,0,40
TA2307-2308,20220926_0,TA2307.XZCE,TA2308.XZCE,TA2307.XZCE,0,0,-99999.0,-99999.0,-99999,-99999.0,-99999,-99999,-99999,-99999,99999,55.66,43.05,30.44,17.83,5.22,-7.39,-20.0,-32.61,-99999,2,3000000,3,1,50,6,2000,30,1,1,8,25,TA,0,1,1,60,0,0,40
TA2308-2309,20220926_0,TA2308.XZCE,TA2309.XZCE,TA2309.XZCE,0,0,-99999.0,-99999.0,-99999,-99999.0,-99999,-99999,-99999,-99999,99999,47.16,37.06,26.96,16.86,6.76,-3.34,-13.44,-23.54,-99999,2,3000000,3,1,50,5,2000,30,1,1,8,25,TA,0,1,1,60,0,0,40
TA2307-2309,20220926_0,TA2307.XZCE,TA2309.XZCE,TA2309.XZCE,0,0,-99999.0,-99999.0,-99999,-99999.0,-99999,-99999,-99999,-99999,99999,60.99,50.51,40.03,29.55,19.07,8.59,-1.89,-12.37,-99999,2,3000000,3,1,50,5,2000,30,1,1,8,25,TA,0,1,1,60,0,0,40
TA2305-2309,20220926_0,TA2305.XZCE,TA2309.XZCE,TA2305.XZCE,0,0,-99999.0,-99999.0,-99999,-99999.0,-99999,-99999,-99999,-99999,99999,66.65,57.93,49.21,40.49,31.77,23.05,14.33,5.61,-99999,2,3000000,3,1,50,4,2000,30,1,1,8,25,TA,0,1,1,60,0,0,40
I2302-2303,20220926_0,I2302.XDCE,I2303.XDCE,I2302.XDCE,0,0,-99999.0,-99999.0,-99999,-99999.0,-99999,-99999,-99999,-99999,99999,603.44,425.71,247.98,70.25,-107.48,-285.21,-462.94,-640.67,-99999,2,3000000,3,1,50,355,2000,30,1,1,8,25,I,0,1,1,60,0,100,0
I2304-2305,20220926_0,I2304.XDCE,I2305.XDCE,I2305.XDCE,0,0,3.5,-2.0,-99999,-99999.0,-99999,-99999,-99999,-99999,99999,37.38,32.97,28.56,24.15,19.74,15.33,10.92,6.51,-99999,2,3000000,3,1,50,9,2000,30,1,1,8,25,I,0,1,1,60,0,14,20
I2305-2306,20220926_0,I2305.XDCE,I2306.XDCE,I2305.XDCE,0,0,3.0,-1.0,-99999,-99999.0,-99999,-99999,-99999,-99999,99999,29.24,25.23,21.22,17.21,13.2,9.19,5.18,1.17,-99999,2,3000000,3,1,50,8,2000,30,1,1,8,25,I,0,1,1,60,0,9,20
I2306-2307,20220926_0,I2306.XDCE,I2307.XDCE,I2306.XDCE,0,0,3.5,-1.0,-99999,-99999.0,-99999,-99999,-99999,-99999,99999,26.1,22.66,19.22,15.78,12.34,8.9,5.46,2.02,-99999,2,3000000,3,1,50,7,2000,30,1,1,8,25,I,0,1,1,60,0,11,20
I2307-2308,20220926_0,I2307.XDCE,I2308.XDCE,I2308.XDCE,0,0,4.0,-1.0,-99999,-99999.0,-99999,-99999,-99999,-99999,99999,75.94,58.9,41.86,24.82,7.78,-9.26,-26.3,-43.34,-99999,2,3000000,3,1,50,34,2000,30,1,1,8,25,I,0,1,1,60,0,12,20
I2308-2309,20220926_0,I2308.XDCE,I2309.XDCE,I2309.XDCE,0,0,4.5,-1.0,-99999,-99999.0,-99999,-99999,-99999,-99999,99999,29.04,24.87,20.7,16.53,12.36,8.19,4.02,-0.15,-99999,2,3000000,3,1,50,8,2000,30,1,1,8,25,I,0,1,1,60,0,10,20
I2309-2310,20220926_0,I2309.XDCE,I2310.XDCE,I2309.XDCE,0,0,3.0,-1.0,-99999,-99999.0,-99999,-99999,-99999,-99999,99999,26.43,23.14,19.85,16.56,13.27,9.98,6.69,3.4,-99999,2,3000000,3,1,50,7,2000,30,1,1,8,25,I,0,1,1,60,0,11,20
I2310-2311,20220926_0,I2310.XDCE,I2311.XDCE,I2310.XDCE,0,0,3.0,2.0,-99999,-99999.0,-99999,-99999,-99999,-99999,99999,24.25,20.43,16.61,12.79,8.97,5.15,1.33,-2.49,-99999,2,3000000,3,1,50,8,2000,30,1,1,8,25,I,0,1,1,60,0,12,40
I2311-2312,20220926_0,I2311.XDCE,I2312.XDCE,I2311.XDCE,0,0,3.0,2.0,-99999,-99999.0,-99999,-99999,-99999,-99999,99999,22.2,18.65,15.1,11.55,8.0,4.45,0.9,-2.65,-99999,2,3000000,3,1,50,7,2000,30,1,1,8,25,I,0,1,1,60,0,12,40
SM2303-2305,20220926_0,SM2303.XZCE,SM2305.XZCE,SM2303.XZCE,0,0,-99999.0,-99999.0,-99999,-99999.0,-99999,-99999,-99999,-99999,99999,133.08,112.32,91.56,70.8,50.04,29.28,8.52,-12.24,-99999,2,3000000,3,1,50,10,2000,30,1,1,8,25,SM,0,1,1,60,0,10,0
SM2305-2306,20220926_0,SM2305.XZCE,SM2306.XZCE,SM2305.XZCE,0,0,-99999.0,-99999.0,-99999,-99999.0,-99999,-99999,-99999,-99999,99999,79.16,70.78,62.4,54.02,45.64,37.26,28.88,20.5,-99999,2,3000000,3,1,50,4,2000,30,1,1,8,25,SM,0,1,1,60,0,100,0
AU2306-2308,20220926_0,AU2306.XSGE,AU2308.XSGE,AU2306.XSGE,0,0,-0.9,-0.95,-1,-1.05,-99999,-99999,-99999,-99999,99999,0.04,-0.1,-0.24,-0.38,-0.52,-0.66,-0.8,-0.94,-99999,2,3000000,3,1,50,7,2000,30,1,1,8,25,AU,0,1,1,60,0,25,7
AU2308-2310,20220926_0,AU2308.XSGE,AU2310.XSGE,AU2308.XSGE,0,0,-0.9,-0.95,-1,-1.05,-99999,-99999,-99999,-99999,99999,0.75,0.37,-0.01,-0.39,-0.77,-1.15,-1.53,-1.91,-99999,2,3000000,3,1,50,19,2000,30,1,1,8,25,AU,0,1,1,60,0,25,7
AU2310-2312,20220926_0,AU2310.XSGE,AU2312.XSGE,AU2310.XSGE,0,0,-0.9,-0.95,-1,-1.05,-99999,-99999,-99999,-99999,99999,1.06,0.54,0.02,-0.5,-1.02,-1.54,-2.06,-2.58,-99999,2,3000000,3,1,50,26,2000,30,1,1,8,25,AU,0,1,1,60,0,25,7
AU2306-2304,20220926_0,AU2306.XSGE,AU2304.XSGE,AU2304.XSGE,0,0,-99999.0,-99999.0,-99999,-99999.0,-99999,-99999,-99999,-99999,99999,1.16,1.02,0.88,0.74,0.6,0.46,0.32,0.18,-99999,2,3000000,3,1,50,7,2000,30,1,1,8,25,AU,0,1,1,60,0,100,0
AU2308-2306,20220926_0,AU2308.XSGE,AU2306.XSGE,AU2306.XSGE,0,0,-99999.0,-99999.0,-99999,-99999.0,-99999,-99999,-99999,-99999,99999,0.94,0.8,0.66,0.52,0.38,0.24,0.1,-0.04,-99999,2,3000000,3,1,50,7,2000,30,1,1,8,25,AU,0,1,1,60,0,100,0
FG2303-2304,20220926_0,FG2303.XZCE,FG2304.XZCE,FG2303.XZCE,0,0,-99999.0,-99999.0,-99999,-99999.0,-99999,-99999,-99999,-99999,99999,-35.03,-43.46,-51.89,-60.32,-68.75,-77.18,-85.61,-94.04,-99999,2,3000000,3,1,50,8,2000,30,1,1,8,25,FG,0,1,1,60,0,100,0
FG2303-2305,20220926_0,FG2303.XZCE,FG2305.XZCE,FG2303.XZCE,0,0,-99999.0,-99999.0,-99999,-99999.0,-99999,-99999,-99999,-99999,99999,3.62,-4.06,-11.74,-19.42,-27.1,-34.78,-42.46,-50.14,-99999,2,3000000,3,1,50,8,2000,30,1,1,8,25,FG,0,1,1,60,0,100,0
FG2306-2309,20220926_0,FG2306.XZCE,FG2309.XZCE,FG2309.XZCE,0,0,-99999.0,-99999.0,-99999,-99999.0,-99999,-99999,-99999,-99999,99999,15.14,9.22,3.3,-2.62,-8.54,-14.46,-20.38,-26.3,-99999,2,3000000,3,1,50,6,2000,30,1,1,8,25,FG,0,1,1,60,0,100,0
FG2307-2309,20220926_0,FG2307.XZCE,FG2309.XZCE,FG2309.XZCE,0,0,-99999.0,-99999.0,-99999,-99999.0,-99999,-99999,-99999,-99999,99999,0.06,-5.32,-10.7,-16.08,-21.46,-26.84,-32.22,-37.6,-99999,2,3000000,3,1,50,5,2000,30,1,1,8,25,FG,0,1,1,60,0,100,0
IH2302-2303,20220926_0,IH2302.CCFX,IH2303.CCFX,IH2302.CCFX,0,0,-99999.0,-99999.0,-99999,-99999.0,-99999,-99999,-99999,-99999,99999,93.98,67.84,41.7,15.56,-10.58,-36.72,-62.86,-89.0,-99999,0,3000000,3,1,50,131,2000,30,1,1,8,25,IH,0,1,1,60,0,20,3
IH2303-2304,20220926_0,IH2303.CCFX,IH2304.CCFX,IH2303.CCFX,0,0,-99999.0,-99999.0,-99999,-99999.0,-99999,-99999,-99999,-99999,99999,699993.0,499995.0,299997.0,99999.0,-99999.0,-299997.0,-499995.0,-699993.0,-99999,0,3000000,3,1,50,999990,2000,30,1,1,8,25,IH,0,1,1,60,0,20,3
IH2303-2306,20220926_0,IH2303.CCFX,IH2306.CCFX,IH2303.CCFX,0,0,-99999.0,-99999.0,-99999,-99999.0,-99999,-99999,-99999,-99999,99999,3.28,0.9,-1.48,-3.86,-6.24,-8.62,-11.0,-13.38,-99999,0,3000000,3,1,50,12,2000,30,1,1,8,25,IH,0,1,1,60,0,10,10
IH2306-2303,20220926_0,IH2306.CCFX,IH2303.CCFX,IH2303.CCFX,0,0,-99999.0,-99999.0,-99999,-99999.0,-99999,-99999,-99999,-99999,99999,13.38,11.0,8.62,6.24,3.86,1.48,-0.9,-3.28,-99999,0,3000000,3,1,50,12,2000,30,1,1,8,25,IH,0,1,1,60,0,3,8
IF2302-2303,20220926_0,IF2302.CCFX,IF2303.CCFX,IF2302.CCFX,0,0,-99999.0,-99999.0,-99999,-99999.0,-99999,-99999,-99999,-99999,99999,121.69,88.38,55.07,21.76,-11.55,-44.86,-78.17,-111.48,-99999,0,3000000,3,1,50,167,2000,30,1,1,8,25,IF,0,1,1,60,0,0,7
IF2303-2304,20220926_0,IF2303.CCFX,IF2304.CCFX,IF2303.CCFX,0,0,-99999.0,-99999.0,-99999,-99999.0,-99999,-99999,-99999,-99999,99999,699993.0,499995.0,299997.0,99999.0,-99999.0,-299997.0,-499995.0,-699993.0,-99999,0,3000000,3,1,50,999990,2000,30,1,1,8,25,IF,0,1,1,60,0,0,7
IC2302-2303,20220926_0,IC2302.CCFX,IC2303.CCFX,IC2302.CCFX,0,0,-99999.0,-99999.0,-99999,-99999.0,-99999,-99999,-99999,-99999,99999,103.09,74.46,45.83,17.2,-11.43,-40.06,-68.69,-97.32,-99999,1,3000000,3,1,50,143,2000,30,1,1,8,25,IC,0,1,1,60,0,20,8
IC2303-2304,20220926_0,IC2303.CCFX,IC2304.CCFX,IC2303.CCFX,0,0,-99999.0,-99999.0,-99999,-99999.0,-99999,-99999,-99999,-99999,99999,699993.0,499995.0,299997.0,99999.0,-99999.0,-299997.0,-499995.0,-699993.0,-99999,1,3000000,3,1,50,999990,2000,30,1,1,8,25,IC,0,1,1,60,0,20,8
IC2303-2306,20220926_0,IC2303.CCFX,IC2306.CCFX,IC2303.CCFX,0,0,-99999.0,-99999.0,-99999,-99999.0,-99999,-99999,-99999,-99999,99999,82.16,77.65,73.14,68.63,64.12,59.61,55.1,50.59,-99999,1,3000000,3,1,50,23,2000,30,1,1,8,25,IC,0,1,1,60,0,10,8
IM2302-2303,20220926_0,IM2302.CCFX,IM2303.CCFX,IM2302.CCFX,0,0,-99999.0,-99999.0,-99999,-99999.0,-99999,-99999,-99999,-99999,99999,124.73,92.55,60.37,28.19,-3.99,-36.17,-68.35,-100.53,-99999,1,3000000,3,1,50,161,2000,30,1,1,8,25,IM,0,1,1,60,0,20,8
IM2303-2304,20220926_0,IM2303.CCFX,IM2304.CCFX,IM2303.CCFX,0,0,-99999.0,-99999.0,-99999,-99999.0,-99999,-99999,-99999,-99999,99999,699993.0,499995.0,299997.0,99999.0,-99999.0,-299997.0,-499995.0,-699993.0,-99999,1,3000000,3,1,50,999990,2000,30,1,1,8,25,IM,0,1,1,60,0,20,8
IM2303-2306,20220926_0,IM2303.CCFX,IM2306.CCFX,IM2303.CCFX,0,0,-99999.0,-99999.0,-99999,-99999.0,-99999,-99999,-99999,-99999,99999,136.65,127.34,118.03,108.72,99.41,90.1,80.79,71.48,-99999,1,3000000,3,1,50,47,2000,30,1,1,8,25,IM,0,1,1,60,0,10,8
SR2305-2309,20220926_0,SR2305.XZCE,SR2309.XZCE,SR2305.XZCE,0,0,-99999.0,-99999.0,-99999,-99999.0,-99999,-99999,-99999,-99999,99999,-1.22,-4.63,-8.04,-11.45,-14.86,-18.27,-21.68,-25.09,-99999,2,3000000,3,1,50,3,2000,30,1,1,8,25,SR,0,1,1,60,0,100,0
SC2303-2304,20220926_0,SC2303.XINE,SC2304.XINE,SC2303.XINE,0,0,-99999.0,-99999.0,-99999,-99999.0,-99999,-99999,-99999,-99999,99999,29.58,22.07,14.56,7.05,-0.46,-7.97,-15.48,-22.99,-99999,2,3000000,3,1,50,75,2000,30,2,1,8,25,SC,0,1,1,60,0,25,0
SC2304-2305,20220926_0,SC2304.XINE,SC2305.XINE,SC2304.XINE,0,0,-2.0,-3.0,-3,-4.0,-99999,-99999,-99999,-99999,99999,1.91,1.89,1.87,1.85,1.83,1.81,1.79,1.77,-99999,2,3000000,3,1,50,0,2000,30,2,1,8,25,SC,0,1,1,60,0,53,3
SC2305-2306,20220926_0,SC2305.XINE,SC2306.XINE,SC2305.XINE,0,0,-1.5,-2.0,-3,-99999.0,-99999,-99999,-99999,-99999,99999,2.43,2.16,1.89,1.62,1.35,1.08,0.81,0.54,-99999,2,3000000,3,1,50,3,2000,30,2,1,8,25,SC,0,1,1,60,0,30,10
SC2306-2307,20220926_0,SC2306.XINE,SC2307.XINE,SC2306.XINE,0,0,-1.0,-99999.0,-99999,-99999.0,-99999,-99999,-99999,-99999,99999,4.89,3.89,2.89,1.89,0.89,-0.11,-1.11,-2.11,-99999,2,3000000,3,1,50,10,2000,30,2,1,8,25,SC,0,1,1,60,0,22,3
SC2304-2303,20220926_0,SC2304.XINE,SC2303.XINE,SC2303.XINE,0,0,-99999.0,-99999.0,-99999,-99999.0,-99999,-99999,-99999,-99999,99999,22.99,15.48,7.97,0.46,-7.05,-14.56,-22.07,-29.58,-99999,2,3000000,3,1,50,75,2000,30,2,1,8,25,SC,0,1,1,60,0,30,7
A2305-2307,20220926_0,A2305.XDCE,A2307.XDCE,A2305.XDCE,0,0,0.0,-5.0,-10,-15.0,-20,-99999,-99999,-99999,99999,90.42,83.24,76.06,68.88,61.7,54.52,47.34,40.16,-99999,2,3000000,3,1,50,7,2000,30,1,1,8,25,A,0,1,1,60,0,20,40
A2307-2309,20220926_0,A2307.XDCE,A2309.XDCE,A2307.XDCE,0,0,10.0,10.0,10,-15.0,-20,-99999,-99999,-99999,99999,46.72,41.0,35.28,29.56,23.84,18.12,12.4,6.68,-99999,2,3000000,3,1,50,6,2000,30,1,1,8,25,A,0,1,1,60,0,80,40
A2309-2311,20220926_0,A2309.XDCE,A2311.XDCE,A2309.XDCE,0,0,0.0,-5.0,-10,-15.0,-20,-99999,-99999,-99999,99999,56.72,47.39,38.06,28.73,19.4,10.07,0.74,-8.59,-99999,2,3000000,3,1,50,9,2000,30,1,1,8,25,A,0,1,1,60,0,80,40
A2307-2305,20220926_0,A2307.XDCE,A2305.XDCE,A2305.XDCE,0,0,-99999.0,-99999.0,-99999,-99999.0,-99999,-99999,-99999,-99999,99999,-40.16,-47.34,-54.52,-61.7,-68.88,-76.06,-83.24,-90.42,-99999,2,3000000,3,1,50,7,2000,30,1,1,8,25,A,0,1,1,60,0,40,20
SA2305-2304,20220926_0,SA2305.XZCE,SA2304.XZCE,SA2305.XZCE,0,0,-99999.0,-99999.0,-99999,-99999.0,-99999,-99999,-99999,-99999,99999,-28.77,-38.12,-47.47,-56.82,-66.17,-75.52,-84.87,-94.22,-99999,2,3000000,3,1,50,9,2000,30,1,1,8,25,SA,0,1,1,60,0,5,20
SA2306-2305,20220926_0,SA2306.XZCE,SA2305.XZCE,SA2305.XZCE,0,0,-99999.0,-99999.0,-99999,-99999.0,-99999,-99999,-99999,-99999,99999,-87.39,-94.96,-102.53,-110.1,-117.67,-125.24,-132.81,-140.38,-99999,2,3000000,3,1,50,8,2000,30,1,1,8,25,SA,0,1,1,60,0,18,20
SA2307-2306,20220926_0,SA2307.XZCE,SA2306.XZCE,SA2306.XZCE,0,0,-99999.0,-99999.0,-99999,-99999.0,-99999,-99999,-99999,-99999,99999,-90.52,-97.79,-105.06,-112.33,-119.6,-126.87,-134.14,-141.41,-99999,2,3000000,3,1,50,7,2000,30,1,1,8,25,SA,0,1,1,60,0,50,20
SS2303-2304,20220926_0,SS2303.XSGE,SS2304.XSGE,SS2303.XSGE,0,0,-40.0,-99999.0,-99999,-99999.0,-99999,-99999,-99999,-99999,99999,86.68,63.42,40.16,16.9,-6.36,-29.62,-52.88,-76.14,-99999,2,3000000,3,1,50,5,2000,30,1,1,8,25,SS,0,1,1,60,0,100,40
SS2304-2305,20220926_0,SS2304.XSGE,SS2305.XSGE,SS2304.XSGE,0,0,-40.0,-99999.0,-99999,-99999.0,-99999,-99999,-99999,-99999,99999,141.33,118.87,96.41,73.95,51.49,29.03,6.57,-15.89,-99999,2,3000000,3,1,50,4,2000,30,1,1,8,25,SS,0,1,1,60,0,100,40
PB2303-2304,20220926_0,PB2303.XSGE,PB2304.XSGE,PB2303.XSGE,0,0,-40.0,-99999.0,-99999,-99999.0,-99999,-99999,-99999,-99999,99999,19.38,10.57,1.76,-7.05,-15.86,-24.67,-33.48,-42.29,-99999,2,3000000,3,1,50,2,2000,30,1,1,8,25,PB,0,1,1,60,0,40,40
PB2304-2305,20220926_0,PB2304.XSGE,PB2305.XSGE,PB2304.XSGE,0,0,-40.0,-99999.0,-99999,-99999.0,-99999,-99999,-99999,-99999,99999,12.19,4.49,-3.21,-10.91,-18.61,-26.31,-34.01,-41.71,-99999,2,3000000,3,1,50,2,2000,30,1,1,8,25,PB,0,1,1,60,0,40,40
PB2305-2306,20220926_0,PB2305.XSGE,PB2306.XSGE,PB2305.XSGE,0,0,-40.0,-99999.0,-99999,-99999.0,-99999,-99999,-99999,-99999,99999,163.46,115.13,66.8,18.47,-29.86,-78.19,-126.52,-174.85,-99999,2,3000000,3,1,50,10,2000,30,1,1,8,25,PB,0,1,1,60,0,40,40
SN2303-2304,20220926_0,SN2303.XSGE,SN2304.XSGE,SN2303.XSGE,0,0,-99999.0,-99999.0,-99999,-99999.0,-99999,-99999,-99999,-99999,99999,637.68,478.8,319.92,161.04,2.16,-156.72,-315.6,-474.48,-99999,2,3000000,3,1,50,16,2000,30,1,1,8,25,SN,0,1,1,60,0,20,3
SN2304-2305,20220926_0,SN2304.XSGE,SN2305.XSGE,SN2304.XSGE,0,0,-99999.0,-99999.0,-99999,-99999.0,-99999,-99999,-99999,-99999,99999,897.84,621.6,345.36,69.12,-207.12,-483.36,-759.6,-1035.84,-99999,2,3000000,3,1,50,28,2000,30,1,1,8,25,SN,0,1,1,60,0,100,7
AP2310-2305,20220926_0,AP2310.XZCE,AP2305.XZCE,AP2305.XZCE,0,0,-99999.0,-99999.0,-99999,-99999.0,-99999,-99999,-99999,-99999,99999,-183.85,-224.7,-265.55,-306.4,-347.25,-388.1,-428.95,-469.8,-99999,2,3000000,3,1,50,41,2000,30,1,1,8,25,AP,0,1,1,60,0,360,0
UR2309-2305,20220926_0,UR2309.XZCE,UR2305.XZCE,UR2305.XZCE,0,0,-178.0,-99999.0,-99999,-99999.0,-99999,-99999,-99999,-99999,99999,-159.02,-164.88,-170.74,-176.6,-182.46,-188.32,-194.18,-200.04,-99999,2,3000000,3,1,50,6,2000,30,1,1,8,25,UR,0,1,1,60,0,100,13
JD2309-2305,20220926_0,JD2309.XDCE,JD2305.XDCE,JD2305.XDCE,0,0,285.0,-99999.0,-99999,-99999.0,-99999,-99999,-99999,-99999,99999,339.06,326.13,313.2,300.27,287.34,274.41,261.48,248.55,-99999,2,3000000,3,1,50,13,2000,30,1,1,8,25,JD,0,1,1,60,0,200,40
MA2309-2305,20220926_0,MA2309.XDCE,MA2305.XDCE,MA2305.XDCE,0,0,-99999.0,-99999.0,-99999,-99999.0,-99999,-99999,-99999,-99999,99999,-25.2,-32.59,-39.98,-47.37,-54.76,-62.15,-69.54,-76.93,-99999,2,3000000,3,1,50,7,2000,30,1,1,8,25,MA,0,1,1,60,0,200,20
