pairs_id,indate_date,first_instrument,second_instrument,prime_instrument,boundary_unit_num,region_drift,region_0,region_1,region_2,region_3,region_4,region_5,region_6,region_7,up_boundary_5,up_boundary_4,up_boundary_3,up_boundary_2,up_boundary_1,down_boundary_1,down_boundary_2,down_boundary_3,down_boundary_4,down_boundary_5,today_fee,wait_window,favor_times,unfavor_times,abs_threshold,boundary_tick_lock,wait2_windows,after_tick,night_type,if_add,limitcoef,abs_threshold_after,kind,before_tick,before_cancel_flag,before_cancel_num,max_position,min_position,region_tick_lock,region_unit_num,If_SP,SP_InstrumentID
AG2401-2402,20221017_0,AG2401.XSGE,AG2402.XSGE,AG2401.XSGE,0,0,-16.0,-17.0,-17.0,-17.0,-17.0,-18.0,-19.0,-99999.0,99999,99999,99999,99999,99999,-99999,-99999,-99999,-99999,-99999,2,3000000,3,1,50,99999,2000,10,2,1,1,32,AG,0,1,1,14,0,25,1,0,Null
AG2402-2403,20221017_0,AG2402.XSGE,AG2403.XSGE,AG2403.XSGE,0,0,-16.0,-17.0,-17.0,-17.0,-17.0,-18.0,-19.0,-99999.0,99999,99999,99999,99999,99999,-99999,-99999,-99999,-99999,-99999,2,3000000,3,1,50,99999,2000,10,2,1,1,32,AG,0,1,1,14,0,25,1,0,Null
AG2403-2404,20221017_0,AG2403.XSGE,AG2404.XSGE,AG2403.XSGE,0,0,-16.0,-17.0,-17.0,-17.0,-17.0,-18.0,-19.0,-99999.0,99999,99999,99999,99999,99999,-99999,-99999,-99999,-99999,-99999,2,3000000,3,1,50,99999,2000,10,2,1,1,32,AG,0,1,1,14,0,25,1,0,Null
AG2404-2405,20221017_0,AG2404.XSGE,AG2405.XSGE,AG2405.XSGE,0,0,-16.0,-17.0,-17.0,-17.0,-17.0,-18.0,-19.0,-99999.0,99999,99999,99999,99999,99999,-99999,-99999,-99999,-99999,-99999,2,3000000,3,1,50,99999,2000,10,2,1,1,32,AG,0,1,1,14,0,25,1,0,Null
AG2405-2406,20221017_0,AG2405.XSGE,AG2406.XSGE,AG2406.XSGE,0,0,-16.0,-17.0,-17.0,-17.0,-17.0,-18.0,-19.0,-99999.0,99999,99999,99999,99999,99999,-99999,-99999,-99999,-99999,-99999,2,3000000,3,1,50,99999,2000,10,2,1,1,32,AG,0,1,1,14,0,25,1,0,Null
AG2406-2407,20230811_0,AG2406.XSGE,AG2407.XSGE,AG2406.XSGE,0,0,-16.0,-17.0,-17.0,-17.0,-17.0,-18.0,-19.0,-99999.0,99999,99999,99999,99999,99999,-99999,-99999,-99999,-99999,-99999,2,3000000,3,1,50,99999,2000,40,1,1,5,32,AG,0,1,1,14,0,25,1,0,Null
AL2310-2311,20220908_1,AL2310.XSGE,AL2311.XSGE,AL2310.XSGE,0,0,-40.0,-50.0,-70.0,-80.0,-90.0,-100.0,-110.0,-120.0,99999,99999,99999,99999,99999,-99999,-99999,-99999,-99999,-99999,2,3000000,3,1,50,99999,2000,10,1,0,8,8,AL,0,1,1,19,0,2,1,0,Null
AL2311-2312,20220908_1,AL2311.XSGE,AL2312.XSGE,AL2311.XSGE,0,0,-20.0,-25.0,-30.0,-40.0,-90.0,-100.0,-110.0,-120.0,99999,99999,99999,99999,99999,-99999,-99999,-99999,-99999,-99999,2,3000000,3,1,50,99999,2000,10,1,0,8,8,AL,0,1,1,19,0,12,1,0,Null
AL2312-2401,20220908_1,AL2312.XSGE,AL2401.XSGE,AL2312.XSGE,0,0,20.0,0.0,-30.0,-40.0,-90.0,-100.0,-110.0,-120.0,99999,99999,99999,99999,99999,-99999,-99999,-99999,-99999,-99999,2,3000000,3,1,50,99999,2000,10,1,1,8,8,AL,0,1,1,19,0,25,1,0,Null
AL2401-2402,20220908_1,AL2401.XSGE,AL2402.XSGE,AL2401.XSGE,0,0,-20.0,-40.0,-60.0,-100.0,-120.0,-99999.0,-99999.0,-99999.0,99999,99999,99999,99999,99999,-99999,-99999,-99999,-99999,-99999,2,3000000,3,1,50,99999,2000,10,1,1,8,8,AL,0,1,1,19,0,25,1,0,Null
AL2402-2403,20220908_1,AL2402.XSGE,AL2403.XSGE,AL2402.XSGE,0,0,-40.0,-50.0,-60.0,-100.0,-120.0,-99999.0,-99999.0,-99999.0,99999,99999,99999,99999,99999,-99999,-99999,-99999,-99999,-99999,2,3000000,3,1,50,99999,2000,10,1,1,8,8,AL,0,1,1,19,0,25,1,0,Null
AL2403-2404,20220908_1,AL2403.XSGE,AL2404.XSGE,AL2403.XSGE,0,0,-50.0,-75.0,-100.0,-120.0,-99999.0,-99999.0,-99999.0,-99999.0,99999,99999,99999,99999,99999,-99999,-99999,-99999,-99999,-99999,2,3000000,3,1,50,99999,2000,10,1,1,8,8,AL,0,1,1,19,0,25,1,0,Null
AU2312-2402,20221017_0,AU2312.XSGE,AU2402.XSGE,AU2312.XSGE,0,0,-1.18,-1.2,-1.3,-1.4,-1.5,-1.6,-1.7,-99999.0,99999,99999,99999,99999,99999,-99999,-99999,-99999,-99999,-99999,2,3000000,3,1,50,99999,2000,10,2,1,1,16,AU,0,1,1,12,0,40,2,0,Null
AU2402-2404,20221017_0,AU2402.XSGE,AU2404.XSGE,AU2402.XSGE,0,0,-1.16,-1.28,-1.36,-1.42,-1.56,-1.68,-1.7,-1.8,99999,99999,99999,99999,99999,-99999,-99999,-99999,-99999,-99999,2,3000000,3,1,50,99999,2000,10,2,1,1,16,AU,0,1,1,9,0,25,1,0,Null
AU2404-2406,20230815_2,AU2404.XSGE,AU2406.XSGE,AU2406.XSGE,0,0,-1.16,-1.22,-1.28,-1.34,-1.36,-1.42,-1.56,-1.56,99999,99999,99999,99999,99999,-99999,-99999,-99999,-99999,-99999,2,3000000,3,1,50,99999,2000,40,1,1,5,32,AU,0,1,1,8,0,25,1,0,Null
AU2406-2408,20230815_2,AU2406.XSGE,AU2408.XSGE,AU2406.XSGE,0,0,-1.16,-1.22,-1.28,-1.34,-1.36,-1.42,-1.56,-1.56,99999,99999,99999,99999,99999,-99999,-99999,-99999,-99999,-99999,2,3000000,3,1,50,99999,2000,40,1,1,5,32,AU,0,1,1,8,0,25,1,0,Null
AU2408-2410,20230815_2,AU2408.XSGE,AU2410.XSGE,AU2408.XSGE,0,0,-1.16,-1.22,-1.28,-1.34,-1.36,-1.42,-1.56,-1.56,99999,99999,99999,99999,99999,-99999,-99999,-99999,-99999,-99999,2,3000000,3,1,50,99999,2000,40,1,1,5,32,AU,0,1,1,8,0,25,1,0,Null
B2310-2311,20220906_2,B2310.XDCE,B2311.XDCE,B2310.XDCE,0,0,-99999.0,-99999.0,-99999.0,-99999.0,-99999.0,-99999.0,-99999.0,-99999.0,99999,99999,99999,99999,99999,-99999,-99999,-99999,-99999,-99999,2,3000000,3,1,50,99999,2000,20,1,0,5,32,B,0,1,1,15,0,100,1,0,Null
BR2401-2402,20220906_1,BR2401.XSGE,BR2402.XSGE,BR2401.XSGE,0,0,25.0,15.0,-5.0,-99999.0,-99999.0,-99999.0,-99999.0,-99999.0,99999,99999,99999,99999,99999,-99999,-99999,-99999,-99999,-99999,2,3000000,3,1,50,99999,2000,10,1,1,8,8,BR,0,1,1,3,0,80,1,0,Null
BR2402-2403,20220906_1,BR2402.XSGE,BR2403.XSGE,BR2402.XSGE,0,0,20.0,10.0,-5.0,-99999.0,-99999.0,-99999.0,-99999.0,-99999.0,99999,99999,99999,99999,99999,-99999,-99999,-99999,-99999,-99999,2,3000000,3,1,50,99999,2000,10,1,1,8,8,BR,0,1,1,3,0,80,1,0,Null
BR2403-2404,20220906_1,BR2403.XSGE,BR2404.XSGE,BR2403.XSGE,0,0,20.0,10.0,-5.0,-99999.0,-99999.0,-99999.0,-99999.0,-99999.0,99999,99999,99999,99999,99999,-99999,-99999,-99999,-99999,-99999,2,3000000,3,1,50,99999,2000,10,1,1,8,8,BR,0,1,1,3,0,80,1,0,Null
BR2404-2405,20220906_1,BR2404.XSGE,BR2405.XSGE,BR2404.XSGE,0,0,20.0,10.0,-5.0,-99999.0,-99999.0,-99999.0,-99999.0,-99999.0,99999,99999,99999,99999,99999,-99999,-99999,-99999,-99999,-99999,2,3000000,3,1,50,99999,2000,10,1,1,8,8,BR,0,1,1,3,0,80,1,0,Null
BR2405-2406,20220906_1,BR2405.XSGE,BR2406.XSGE,BR2405.XSGE,0,0,20.0,10.0,-5.0,-99999.0,-99999.0,-99999.0,-99999.0,-99999.0,99999,99999,99999,99999,99999,-99999,-99999,-99999,-99999,-99999,2,3000000,3,1,50,99999,2000,10,1,1,8,8,BR,0,1,1,3,0,80,1,0,Null
BU2310-2311,20220914_2,BU2310.XSGE,BU2311.XSGE,BU2310.XSGE,0,0,-5.0,-10.0,-20.0,-30.0,-30.0,-99999.0,-99999.0,-99999.0,99999,99999,99999,99999,99999,-99999,-99999,-99999,-99999,-99999,2,3000000,3,1,50,99999,2000,40,1,0,8,32,BU,0,1,1,14,0,30,1,0,Null
BU2311-2312,20220914_2,BU2311.XSGE,BU2312.XSGE,BU2311.XSGE,0,0,-5.0,-10.0,-20.0,-30.0,-30.0,-99999.0,-99999.0,-99999.0,99999,99999,99999,99999,99999,-99999,-99999,-99999,-99999,-99999,2,3000000,3,1,50,99999,2000,40,1,0,8,32,BU,0,1,1,14,0,30,1,0,Null
BU2312-2401,20220914_2,BU2312.XSGE,BU2401.XSGE,BU2312.XSGE,0,0,-5.0,-10.0,-20.0,-30.0,-30.0,-99999.0,-99999.0,-99999.0,99999,99999,99999,99999,99999,-99999,-99999,-99999,-99999,-99999,2,3000000,3,1,50,99999,2000,40,1,1,8,32,BU,0,1,1,14,0,30,1,0,Null
BU2401-2402,20230706_2,BU2401.XSGE,BU2402.XSGE,BU2401.XSGE,0,0,-5.0,-10.0,-20.0,-30.0,-30.0,-99999.0,-99999.0,-99999.0,99999,99999,99999,99999,99999,-99999,-99999,-99999,-99999,-99999,2,3000000,3,1,50,99999,2000,40,1,1,5,32,BU,0,1,1,5,0,30,1,0,Null
BU2402-2403,20230706_2,BU2402.XSGE,BU2403.XSGE,BU2402.XSGE,0,0,-5.0,-10.0,-20.0,-30.0,-30.0,-99999.0,-99999.0,-99999.0,99999,99999,99999,99999,99999,-99999,-99999,-99999,-99999,-99999,2,3000000,3,1,50,99999,2000,40,1,1,5,32,BU,0,1,1,5,0,30,1,0,Null
BU2403-2404,20230706_2,BU2403.XSGE,BU2404.XSGE,BU2403.XSGE,0,0,-5.0,-10.0,-20.0,-30.0,-30.0,-99999.0,-99999.0,-99999.0,99999,99999,99999,99999,99999,-99999,-99999,-99999,-99999,-99999,2,3000000,3,1,50,99999,2000,40,1,1,5,32,BU,0,1,1,5,0,30,1,0,Null
BU2404-2405,20230706_2,BU2404.XSGE,BU2405.XSGE,BU2404.XSGE,0,0,-5.0,-10.0,-20.0,-30.0,-30.0,-99999.0,-99999.0,-99999.0,99999,99999,99999,99999,99999,-99999,-99999,-99999,-99999,-99999,2,3000000,3,1,50,99999,2000,40,1,1,5,32,BU,0,1,1,5,0,30,1,0,Null
BU2405-2406,20230706_2,BU2405.XSGE,BU2406.XSGE,BU2406.XSGE,0,0,-5.0,-10.0,-20.0,-30.0,-30.0,-99999.0,-99999.0,-99999.0,99999,99999,99999,99999,99999,-99999,-99999,-99999,-99999,-99999,2,3000000,3,1,50,99999,2000,40,1,1,5,32,BU,0,1,1,5,0,30,1,0,Null
C2311-2401,20220908_0,C2311.XDCE,C2401.XDCE,C2311.XDCE,0,0,-99999.0,-99999.0,-99999.0,-99999.0,-99999.0,-99999.0,-99999.0,-99999.0,99999,99999,99999,99999,99999,-99999,-99999,-99999,-99999,-99999,2,3000000,3,1,50,99999,2000,40,1,0,8,32,C,0,1,1,9,0,50,2,0,Null
C2401-2403,20220908_0,C2401.XDCE,C2403.XDCE,C2403.XDCE,0,0,15.0,-99999.0,-99999.0,-99999.0,-99999.0,-99999.0,-99999.0,-99999.0,99999,99999,99999,99999,99999,-99999,-99999,-99999,-99999,-99999,2,3000000,3,1,50,99999,2000,40,1,1,8,32,C,0,1,1,9,0,100,2,0,Null
C2403-2405,20220908_0,C2403.XDCE,C2405.XDCE,C2403.XDCE,0,0,-55.0,-99999.0,-99999.0,-99999.0,-99999.0,-99999.0,-99999.0,-99999.0,99999,99999,99999,99999,99999,-99999,-99999,-99999,-99999,-99999,2,3000000,3,1,50,99999,2000,40,1,1,8,32,C,0,1,1,9,0,80,2,0,Null
C2405-2407,20220908_0,C2405.XDCE,C2407.XDCE,C2407.XDCE,0,0,-99999.0,-99999.0,-99999.0,-99999.0,-99999.0,-99999.0,-99999.0,-99999.0,99999,99999,99999,99999,99999,-99999,-99999,-99999,-99999,-99999,2,3000000,3,1,50,99999,2000,40,1,1,8,32,C,0,1,1,9,0,80,2,0,Null
CF2311-2401,20220926_0,CF2311.XZCE,CF2401.XZCE,CF2311.XZCE,0,0,10.0,-99999.0,-99999.0,-99999.0,-99999.0,-99999.0,-99999.0,-99999.0,99999,99999,99999,99999,99999,-99999,-99999,-99999,-99999,-99999,2,3000000,3,1,50,99999,2000,10,1,0,8,8,CF,0,1,1,9,0,11,1,0,SPD CF311&401
CS2311-2401,20220908_0,CS2311.XDCE,CS2401.XDCE,CS2401.XDCE,0,0,-99999.0,-99999.0,-99999.0,-99999.0,-99999.0,-99999.0,-99999.0,-99999.0,99999,99999,99999,99999,99999,-99999,-99999,-99999,-99999,-99999,2,3000000,3,1,50,99999,2000,40,1,0,8,32,CS,0,1,1,9,0,100,1,0,Null
CS2403-2405,20220908_0,CS2403.XDCE,CS2405.XDCE,CS2405.XDCE,0,0,-60.0,-99999.0,-99999.0,-99999.0,-99999.0,-99999.0,-99999.0,-99999.0,99999,99999,99999,99999,99999,-99999,-99999,-99999,-99999,-99999,2,3000000,3,1,50,99999,2000,40,1,1,8,32,CS,0,1,1,9,0,130,1,0,Null
EG2310-2311,20220926_0,EG2310.XDCE,EG2311.XDCE,EG2310.XDCE,0,0,-48.0,-50.0,-99999.0,-99999.0,-99999.0,-99999.0,-99999.0,-99999.0,99999,99999,99999,99999,99999,-99999,-99999,-99999,-99999,-99999,2,3000000,3,1,50,99999,2000,40,1,0,8,32,EG,0,1,1,28,0,12,4,0,Null
EG2311-2312,20220926_0,EG2311.XDCE,EG2312.XDCE,EG2311.XDCE,0,0,-99999.0,-99999.0,-99999.0,-99999.0,-99999.0,-99999.0,-99999.0,-99999.0,99999,99999,99999,99999,99999,-99999,-99999,-99999,-99999,-99999,2,3000000,3,1,50,99999,2000,40,1,0,8,32,EG,0,1,1,28,0,0,4,0,Null
EG2312-2401,20220926_0,EG2312.XDCE,EG2401.XDCE,EG2312.XDCE,0,0,-32.0,-40.0,-99999.0,-99999.0,-99999.0,-99999.0,-99999.0,-99999.0,99999,99999,99999,99999,99999,-99999,-99999,-99999,-99999,-99999,2,3000000,3,1,50,99999,2000,40,1,1,8,32,EG,0,1,1,28,0,25,4,0,Null
EG2401-2402,20220926_0,EG2401.XDCE,EG2402.XDCE,EG2401.XDCE,0,0,-32.0,-40.0,-99999.0,-99999.0,-99999.0,-99999.0,-99999.0,-99999.0,99999,99999,99999,99999,99999,-99999,-99999,-99999,-99999,-99999,2,3000000,3,1,50,99999,2000,10,1,1,8,32,EG,0,1,1,28,0,25,4,0,Null
EG2402-2403,20220926_0,EG2402.XDCE,EG2403.XDCE,EG2402.XDCE,0,0,-32.0,-40.0,-99999.0,-99999.0,-99999.0,-99999.0,-99999.0,-99999.0,99999,99999,99999,99999,99999,-99999,-99999,-99999,-99999,-99999,2,3000000,3,1,50,99999,2000,10,1,1,8,32,EG,0,1,1,28,0,25,4,0,Null
EG2403-2404,20220926_0,EG2403.XDCE,EG2404.XDCE,EG2403.XDCE,0,0,-80.0,-99999.0,-99999.0,-99999.0,-99999.0,-99999.0,-99999.0,-99999.0,99999,99999,99999,99999,99999,-99999,-99999,-99999,-99999,-99999,2,3000000,3,1,50,99999,2000,10,1,1,8,32,EG,0,1,1,28,0,40,2,0,Null
EG2404-2405,20230822_0,EG2404.XDCE,EG2405.XDCE,EG2404.XDCE,0,0,-24.0,-99999.0,-99999.0,-99999.0,-99999.0,-99999.0,-99999.0,-99999.0,99999,99999,99999,99999,99999,-99999,-99999,-99999,-99999,-99999,2,3000000,3,1,50,99999,2000,40,1,1,5,32,EG,0,1,1,8,0,50,3,0,Null
FG2310-2311,20221017_1,FG2310.XZCE,FG2311.XZCE,FG2310.XZCE,0,0,0.0,-5.0,-10.0,-99999.0,-99999.0,-99999.0,-99999.0,-99999.0,99999,99999,99999,99999,99999,-99999,-99999,-99999,-99999,-99999,2,3000000,3,1,50,99999,2000,20,1,0,5,16,FG,0,1,1,8,0,50,2,0,Null
FG2312-2401,20221017_1,FG2312.XZCE,FG2401.XZCE,FG2401.XZCE,0,0,0.0,-5.0,-10.0,-99999.0,-99999.0,-99999.0,-99999.0,-99999.0,99999,99999,99999,99999,99999,-99999,-99999,-99999,-99999,-99999,2,3000000,3,1,50,99999,2000,20,1,1,5,16,FG,0,1,1,8,0,50,2,0,Null
FG2402-2403,20221017_1,FG2402.XZCE,FG2403.XZCE,FG2403.XZCE,0,0,0.0,-5.0,-10.0,-99999.0,-99999.0,-99999.0,-99999.0,-99999.0,99999,99999,99999,99999,99999,-99999,-99999,-99999,-99999,-99999,2,3000000,3,1,50,99999,2000,20,1,1,5,16,FG,0,1,1,8,0,50,2,0,Null
FG2403-2404,20230901_2,FG2403.XZCE,FG2404.XZCE,FG2404.XZCE,0,0,-20.0,-99999.0,-99999.0,-99999.0,-99999.0,-99999.0,-99999.0,-99999.0,99999,99999,99999,99999,99999,-99999,-99999,-99999,-99999,-99999,2,3000000,3,1,50,99999,2000,40,1,1,5,32,FG,0,1,1,4,0,40,2,0,Null
FG2405-2406,20230901_2,FG2405.XZCE,FG2406.XZCE,FG2405.XZCE,0,0,-20.0,-99999.0,-99999.0,-99999.0,-99999.0,-99999.0,-99999.0,-99999.0,99999,99999,99999,99999,99999,-99999,-99999,-99999,-99999,-99999,2,3000000,3,1,50,99999,2000,40,1,1,5,32,FG,0,1,1,4,0,40,2,0,Null
FG2407-2408,20230901_2,FG2407.XZCE,FG2408.XZCE,FG2408.XZCE,0,0,-10.0,-20.0,-30.0,-99999.0,-99999.0,-99999.0,-99999.0,-99999.0,99999,99999,99999,99999,99999,-99999,-99999,-99999,-99999,-99999,2,3000000,3,1,50,99999,2000,40,1,1,5,32,FG,0,1,1,8,0,40,2,0,Null
FU2310-2311,20220907_0,FU2310.XSGE,FU2311.XSGE,FU2310.XSGE,0,0,-99999.0,-99999.0,-99999.0,-99999.0,-99999.0,-99999.0,-99999.0,-99999.0,99999,99999,99999,99999,99999,-99999,-99999,-99999,-99999,-99999,2,3000000,3,1,50,99999,2000,40,1,0,8,32,FU,0,1,1,19,0,20,3,0,Null
FU2311-2310,20220907_0,FU2311.XSGE,FU2310.XSGE,FU2310.XSGE,0,0,-99999.0,-99999.0,-99999.0,-99999.0,-99999.0,-99999.0,-99999.0,-99999.0,99999,99999,99999,99999,99999,-99999,-99999,-99999,-99999,-99999,2,3000000,3,1,50,99999,2000,40,1,0,8,32,FU,0,1,1,19,0,100,3,0,Null
FU2311-2312,20220907_0,FU2311.XSGE,FU2312.XSGE,FU2311.XSGE,0,0,-99999.0,-99999.0,-99999.0,-99999.0,-99999.0,-99999.0,-99999.0,-99999.0,99999,99999,99999,99999,99999,-99999,-99999,-99999,-99999,-99999,2,3000000,3,1,50,99999,2000,40,1,0,8,32,FU,0,1,1,19,0,20,3,0,Null
FU2312-2401,20220907_0,FU2312.XSGE,FU2401.XSGE,FU2312.XSGE,0,0,5.0,-5.0,-99999.0,-99999.0,-99999.0,-99999.0,-99999.0,-99999.0,99999,99999,99999,99999,99999,-99999,-99999,-99999,-99999,-99999,2,3000000,3,1,50,99999,2000,40,1,1,8,32,FU,0,1,1,19,0,35,2,0,Null
FU2401-2402,20220907_0,FU2401.XSGE,FU2402.XSGE,FU2401.XSGE,0,0,-10.0,-99999.0,-99999.0,-99999.0,-99999.0,-99999.0,-99999.0,-99999.0,99999,99999,99999,99999,99999,-99999,-99999,-99999,-99999,-99999,2,3000000,3,1,50,99999,2000,40,1,1,8,32,FU,0,1,1,19,0,12,3,0,Null
FU2402-2403,20220907_0,FU2402.XSGE,FU2403.XSGE,FU2402.XSGE,0,0,-15.0,-20.0,-99999.0,-99999.0,-99999.0,-99999.0,-99999.0,-99999.0,99999,99999,99999,99999,99999,-99999,-99999,-99999,-99999,-99999,2,3000000,3,1,50,99999,2000,40,1,0,8,32,FU,0,1,1,19,0,30,3,0,Null
FU2403-2404,20220907_0,FU2403.XSGE,FU2404.XSGE,FU2403.XSGE,0,0,-15.0,-20.0,-99999.0,-99999.0,-99999.0,-99999.0,-99999.0,-99999.0,99999,99999,99999,99999,99999,-99999,-99999,-99999,-99999,-99999,2,3000000,3,1,50,99999,2000,40,1,0,8,32,FU,0,1,1,19,0,30,3,0,Null
FU2404-2405,20220907_0,FU2404.XSGE,FU2405.XSGE,FU2405.XSGE,0,0,-15.0,-20.0,-99999.0,-99999.0,-99999.0,-99999.0,-99999.0,-99999.0,99999,99999,99999,99999,99999,-99999,-99999,-99999,-99999,-99999,2,3000000,3,1,50,99999,2000,40,1,0,8,32,FU,0,1,1,19,0,30,3,0,Null
FU2405-2406,20220907_0,FU2405.XSGE,FU2406.XSGE,FU2405.XSGE,0,0,-15.0,-20.0,-99999.0,-99999.0,-99999.0,-99999.0,-99999.0,-99999.0,99999,99999,99999,99999,99999,-99999,-99999,-99999,-99999,-99999,2,3000000,3,1,50,99999,2000,40,1,0,8,32,FU,0,1,1,19,0,30,3,0,Null
HC2312-2401,20220907_1,HC2312.XSGE,HC2401.XSGE,HC2312.XSGE,0,0,-99999.0,-99999.0,-99999.0,-99999.0,-99999.0,-99999.0,-99999.0,-99999.0,99999,99999,99999,99999,99999,-99999,-99999,-99999,-99999,-99999,2,3000000,3,1,50,99999,2000,40,1,1,8,32,HC,0,1,1,9,0,30,3,0,Null
HC2401-2402,20220907_1,HC2401.XSGE,HC2402.XSGE,HC2401.XSGE,0,0,0.0,0.0,-5.0,-99999.0,-99999.0,-99999.0,-99999.0,-99999.0,99999,99999,99999,99999,99999,-99999,-99999,-99999,-99999,-99999,2,3000000,3,1,50,99999,2000,40,1,1,8,32,HC,0,1,1,9,0,20,3,0,Null
HC2402-2403,20220907_1,HC2402.XSGE,HC2403.XSGE,HC2403.XSGE,0,0,-99999.0,-99999.0,-99999.0,-99999.0,-99999.0,-99999.0,-99999.0,-99999.0,99999,99999,99999,99999,99999,-99999,-99999,-99999,-99999,-99999,2,3000000,3,1,50,99999,2000,40,1,1,8,32,HC,0,1,1,9,0,30,3,0,Null
HC2403-2404,20220907_1,HC2403.XSGE,HC2404.XSGE,HC2404.XSGE,0,0,0.0,-5.0,-10.0,-99999.0,-99999.0,-99999.0,-99999.0,-99999.0,99999,99999,99999,99999,99999,-99999,-99999,-99999,-99999,-99999,2,3000000,3,1,50,99999,2000,40,1,1,8,32,HC,0,1,1,9,0,15,3,0,Null
I2310-2311,20221017_0,I2310.XDCE,I2311.XDCE,I2310.XDCE,0,0,3.0,0.0,-3.0,-99999.0,-99999.0,-99999.0,-99999.0,-99999.0,99999,99999,99999,99999,99999,-99999,-99999,-99999,-99999,-99999,2,3000000,3,1,50,99999,2000,10,1,0,8,8,I,0,1,1,19,0,12,3,0,Null
I2311-2312,20221017_0,I2311.XDCE,I2312.XDCE,I2311.XDCE,0,0,3.0,0.0,-3.0,-99999.0,-99999.0,-99999.0,-99999.0,-99999.0,99999,99999,99999,99999,99999,-99999,-99999,-99999,-99999,-99999,2,3000000,3,1,50,99999,2000,10,1,0,8,8,I,0,1,1,19,0,12,3,0,Null
I2312-2401,20221017_0,I2312.XDCE,I2401.XDCE,I2312.XDCE,0,0,3.0,0.0,-3.0,-99999.0,-99999.0,-99999.0,-99999.0,-99999.0,99999,99999,99999,99999,99999,-99999,-99999,-99999,-99999,-99999,2,3000000,3,1,50,99999,2000,10,1,1,8,8,I,0,1,1,19,0,12,3,0,Null
I2401-2402,20221017_0,I2401.XDCE,I2402.XDCE,I2401.XDCE,0,0,3.0,0.0,-3.0,-99999.0,-99999.0,-99999.0,-99999.0,-99999.0,99999,99999,99999,99999,99999,-99999,-99999,-99999,-99999,-99999,2,3000000,3,1,50,99999,2000,10,1,1,8,8,I,0,1,1,19,0,12,3,0,Null
I2402-2403,20221017_0,I2402.XDCE,I2403.XDCE,I2403.XDCE,0,0,3.0,0.0,-3.0,-99999.0,-99999.0,-99999.0,-99999.0,-99999.0,99999,99999,99999,99999,99999,-99999,-99999,-99999,-99999,-99999,2,3000000,3,1,50,99999,2000,10,1,1,8,8,I,0,1,1,19,0,12,3,0,Null
I2403-2404,20221017_0,I2403.XDCE,I2404.XDCE,I2403.XDCE,0,0,3.0,0.0,-3.0,-99999.0,-99999.0,-99999.0,-99999.0,-99999.0,99999,99999,99999,99999,99999,-99999,-99999,-99999,-99999,-99999,2,3000000,3,1,50,99999,2000,10,1,1,8,8,I,0,1,1,19,0,12,3,0,Null
IF2310-2312,20230801_0,IF2310.CCFX,IF2312.CCFX,IF2310.CCFX,0,0,-22.4,-99999.0,-99999.0,-99999.0,-99999.0,-99999.0,-99999.0,-99999.0,99999,99999,99999,99999,99999,-99999,-99999,-99999,-99999,-99999,1,3000000,3,1,50,99999,2000,40,1,0,5,8,IF,1,1,1,6,0,35,1,0,Null
IF2311-2312,20230801_0,IF2311.CCFX,IF2312.CCFX,IF2311.CFFX,0,0,-7.0,-99999.0,-99999.0,-99999.0,-99999.0,-99999.0,-99999.0,-99999.0,99999,99999,99999,99999,99999,-99999,-99999,-99999,-99999,-99999,1,3000000,3,1,50,99999,2000,40,1,1,5,8,IF,1,1,1,6,0,26,1,0,Null
IF2312-2403,20230801_0,IF2312.CCFX,IF2403.CCFX,IF2312.CCFX,0,0,-15.0,-24.0,-27.0,-99999.0,-99999.0,-99999.0,-99999.0,-99999.0,99999,99999,99999,99999,99999,-99999,-99999,-99999,-99999,-99999,1,3000000,3,1,50,99999,2000,40,1,1,5,8,IF,1,1,1,6,0,26,1,0,Null
IH2310-2312,20230801_0,IH2310.CCFX,IH2312.CCFX,IH2310.CCFX,0,0,-8.4,-11.4,-99999.0,-99999.0,-99999.0,-99999.0,-99999.0,-99999.0,99999,99999,99999,99999,99999,-99999,-99999,-99999,-99999,-99999,1,3000000,3,1,50,99999,2000,40,1,0,5,8,IH,1,1,1,6,0,20,1,0,Null
IH2311-2312,20230801_0,IH2311.CCFX,IH2312.CCFX,IH2312.CCFX,0,0,-8.0,-99999.0,-99999.0,-99999.0,-99999.0,-99999.0,-99999.0,-99999.0,99999,99999,99999,99999,99999,-99999,-99999,-99999,-99999,-99999,1,3000000,3,1,50,99999,2000,40,1,1,5,8,IH,1,1,1,6,0,20,1,0,Null
IH2312-2403,20230801_0,IH2312.CCFX,IH2403.CCFX,IH2312.CCFX,0,0,-17.0,-24.0,-99999.0,-99999.0,-99999.0,-99999.0,-99999.0,-99999.0,99999,99999,99999,99999,99999,-99999,-99999,-99999,-99999,-99999,1,3000000,3,1,50,99999,2000,40,1,1,5,8,IH,1,1,1,6,0,46,1,0,Null
JD2403-2404,20230724_1,JD2403.XDCE,JD2404.XDCE,JD2404.XDCE,0,0,-200.0,-99999.0,-99999.0,-99999.0,-99999.0,-99999.0,-99999.0,-99999.0,99999,99999,99999,99999,99999,-99999,-99999,-99999,-99999,-99999,2,3000000,3,1,50,99999,2000,40,1,1,5,32,JD,0,1,1,4,0,100,2,0,Null
L2311-2312,20220915_0,L2311.XDCE,L2312.XDCE,L2311.XDCE,0,0,-99999.0,-99999.0,-99999.0,-99999.0,-99999.0,-99999.0,-99999.0,-99999.0,99999,99999,99999,99999,99999,-99999,-99999,-99999,-99999,-99999,2,3000000,3,1,50,99999,2000,40,1,0,8,32,L,0,1,1,15,0,1,3,0,Null
L2312-2401,20220915_0,L2312.XDCE,L2401.XDCE,L2312.XDCE,0,0,-10.0,-15.0,-15.0,-99999.0,-99999.0,-99999.0,-99999.0,-99999.0,99999,99999,99999,99999,99999,-99999,-99999,-99999,-99999,-99999,2,3000000,3,1,50,99999,2000,40,1,1,8,32,L,0,1,1,7,0,25,3,0,Null
L2402-2403,20220915_0,L2402.XDCE,L2403.XDCE,L2402.XDCE,0,0,-10.0,-15.0,-15.0,-99999.0,-99999.0,-99999.0,-99999.0,-99999.0,99999,99999,99999,99999,99999,-99999,-99999,-99999,-99999,-99999,2,3000000,3,1,50,99999,2000,40,1,1,8,32,L,0,1,1,7,0,25,3,0,Null
L2405-2406,20220915_0,L2405.XDCE,L2406.XDCE,L2405.XDCE,0,0,-10.0,-20.0,-99999.0,-99999.0,-99999.0,-99999.0,-99999.0,-99999.0,99999,99999,99999,99999,99999,-99999,-99999,-99999,-99999,-99999,2,3000000,3,1,50,99999,2000,40,1,1,8,32,L,0,1,1,7,0,35,2,0,Null
LC2404-2405,20220906_1,LC2404.GFEX,LC2405.GFEX,LC2405.GFEX,0,0,1500.0,1100.0,800.0,600.0,200.0,100.0,100.0,100.0,99999,99999,99999,99999,99999,-99999,-99999,-99999,-99999,-99999,2,3000000,3,1,50,99999,2000,10,1,1,8,8,LC,0,1,1,12,0,28,2,0,Null
LC2405-2406,20220906_1,LC2405.GFEX,LC2406.GFEX,LC2405.GFEX,0,0,1500.0,1100.0,800.0,600.0,200.0,100.0,100.0,100.0,99999,99999,99999,99999,99999,-99999,-99999,-99999,-99999,-99999,2,3000000,3,1,50,99999,2000,10,1,1,8,8,LC,0,1,1,12,0,29,2,0,Null
LC2406-2407,20220906_1,LC2406.GFEX,LC2407.GFEX,LC2406.GFEX,0,0,1200.0,1000.0,800.0,500.0,400.0,300.0,200.0,100.0,99999,99999,99999,99999,99999,-99999,-99999,-99999,-99999,-99999,2,3000000,3,1,50,99999,2000,10,1,1,8,8,LC,0,1,1,12,0,40,2,0,Null
LC2408-2409,20220906_1,LC2408.GFEX,LC2409.GFEX,LC2408.GFEX,0,0,1100.0,600.0,400.0,200.0,100.0,-99999.0,-99999.0,-99999.0,99999,99999,99999,99999,99999,-99999,-99999,-99999,-99999,-99999,2,3000000,3,1,50,99999,2000,10,1,1,8,8,LC,0,1,1,120,0,40,2,0,Null
LU2310-2311,20230802_2,LU2310.XINE,LU2311.XINE,LU2310.XINE,0,0,-99999.0,-99999.0,-99999.0,-99999.0,-99999.0,-99999.0,-99999.0,-99999.0,99999,99999,99999,99999,99999,-99999,-99999,-99999,-99999,-99999,2,3000000,3,1,50,99999,2000,40,1,0,5,32,LU,0,1,1,12,0,15,2,0,Null
M2311-2312,20221017_1,M2311.XDCE,M2312.XDCE,M2311.XDCE,0,0,-40.0,-50.0,-99999.0,-99999.0,-99999.0,-99999.0,-99999.0,-99999.0,99999,99999,99999,99999,99999,-99999,-99999,-99999,-99999,-99999,2,3000000,3,1,50,99999,2000,40,1,0,5,32,M,0,1,1,14,0,30,2,0,Null
M2312-2401,20221017_1,M2312.XDCE,M2401.XDCE,M2401.XDCE,0,0,0.0,-5.0,-10.0,-99999.0,-99999.0,-99999.0,-99999.0,-99999.0,99999,99999,99999,99999,99999,-99999,-99999,-99999,-99999,-99999,2,3000000,3,1,50,99999,2000,20,1,1,5,32,M,0,1,1,14,0,15,3,0,Null
M2401-2403,20221017_1,M2312.XDCE,M2401.XDCE,M2401.XDCE,0,0,0.0,-10.0,-20.0,-99999.0,-99999.0,-99999.0,-99999.0,-99999.0,99999,99999,99999,99999,99999,-99999,-99999,-99999,-99999,-99999,2,3000000,3,1,50,99999,2000,20,1,1,5,32,M,0,1,1,14,0,15,3,0,Null
M2403-2405,20221017_1,M2403.XDCE,M2405.XDCE,M2405.XDCE,0,0,-50.0,-100.0,-99999.0,-99999.0,-99999.0,-99999.0,-99999.0,-99999.0,99999,99999,99999,99999,99999,-99999,-99999,-99999,-99999,-99999,2,3000000,3,1,50,99999,2000,20,1,1,5,32,M,0,1,1,14,0,15,3,0,Null
M2405-2407,20221017_1,M2405.XDCE,M2407.XDCE,M2405.XDCE,0,0,2.0,-20.0,-25.0,-30.0,-99999.0,-99999.0,-99999.0,-99999.0,99999,99999,99999,99999,99999,-99999,-99999,-99999,-99999,-99999,2,3000000,3,1,50,99999,2000,20,1,1,5,32,M,0,1,1,14,0,40,3,0,Null
M2407-2408,20230919_2,M2407.XDCE,M2408.XDCE,M2408.XDCE,0,0,-99999.0,-99999.0,-99999.0,-99999.0,-99999.0,-99999.0,-99999.0,-99999.0,99999,99999,99999,99999,99999,-99999,-99999,-99999,-99999,-99999,2,3000000,3,1,50,99999,2000,40,1,1,5,32,M,0,1,1,6,0,100,3,0,Null
M2408-2409,20230920_1,M2408.XDCE,M2409.XDCE,M2408.XDCE,0,0,9.0,3.0,-5.0,-10.0,-15.0,-20.0,-99999.0,-99999.0,99999,99999,99999,99999,99999,-99999,-99999,-99999,-99999,-99999,2,3000000,3,1,50,99999,2000,40,1,1,5,32,M,0,1,1,18,0,150,3,0,Null
MA2311-2312,20221017_1,MA2311.XZCE,MA2312.XZCE,MA2311.XZCE,0,0,-45.0,-50.0,-99999.0,-99999.0,-99999.0,-99999.0,-99999.0,-99999.0,99999,99999,99999,99999,99999,-99999,-99999,-99999,-99999,-99999,2,3000000,3,1,50,99999,2000,20,1,0,5,32,MA,0,1,1,6,0,18,1,0,SPD MA311&MA312
MA2312-2401,20220906_2,MA2312.XZCE,MA2401.XZCE,MA2401.XZCE,0,0,-5.0,-15.0,-25.0,-99999.0,-99999.0,-99999.0,-99999.0,-99999.0,99999,99999,99999,99999,99999,-99999,-99999,-99999,-99999,-99999,2,3000000,3,1,50,99999,2000,20,1,1,5,32,MA,0,1,1,6,0,50,3,0,SPD MA312&MA401
MA2402-2403,20230811_0,MA2402.XZCE,MA2403.XZCE,MA2402.XZCE,0,0,-99999.0,-99999.0,-99999.0,-99999.0,-99999.0,-99999.0,-99999.0,-99999.0,99999,99999,99999,99999,99999,-99999,-99999,-99999,-99999,-99999,2,3000000,3,1,50,99999,2000,40,1,1,5,32,MA,0,1,1,12,0,30,3,0,Null
NI2312-2401,20221017_0,NI2312.XSGE,NI2401.XSGE,NI2312.XSGE,0,0,500.0,0.0,0.0,-50.0,-100.0,-100.0,-150.0,-200.0,99999,99999,99999,99999,99999,-99999,-99999,-99999,-99999,-99999,2,3000000,3,1,50,99999,2000,10,3,1,5,8,NI,0,1,1,50,10,31,8,0,Null
NI2401-2402,20221017_0,NI2401.XSGE,NI2402.XSGE,NI2401.XSGE,0,0,0.0,0.0,-50.0,-150.0,-180.0,-180.0,-200.0,-200.0,99999,99999,99999,99999,99999,-99999,-99999,-99999,-99999,-99999,2,3000000,3,1,50,99999,2000,10,3,1,5,8,NI,0,1,1,50,4,40,8,0,Null
NI2402-2403,20230925_0,NI2402.XSGE,NI2403.XSGE,NI2402.XSGE,0,0,-150.0,-180.0,-180.0,-180.0,-200.0,-200.0,-99999.0,-99999.0,99999,99999,99999,99999,99999,-99999,-99999,-99999,-99999,-99999,2,3000000,3,1,50,99999,2000,40,3,1,5,32,NI,0,1,1,50,0,50,6,0,Null
NI2403-2404,20230925_0,NI2403.XSGE,NI2404.XSGE,NI2403.XSGE,0,0,-200.0,-300.0,-400.0,-500.0,-99999.0,-99999.0,-99999.0,-99999.0,99999,99999,99999,99999,99999,-99999,-99999,-99999,-99999,-99999,2,3000000,3,1,50,99999,2000,40,3,1,5,32,NI,0,1,1,50,0,50,6,0,Null
NI2404-2405,20230925_0,NI2404.XSGE,NI2405.XSGE,NI2405.XSGE,0,0,-300.0,-400.0,-99999.0,-99999.0,-99999.0,-99999.0,-99999.0,-99999.0,99999,99999,99999,99999,99999,-99999,-99999,-99999,-99999,-99999,2,3000000,3,1,50,99999,2000,40,3,1,5,32,NI,0,1,1,10,0,50,6,0,Null
NI2405-2406,20230925_0,NI2405.XSGE,NI2406.XSGE,NI2405.XSGE,0,0,-300.0,-400.0,-99999.0,-99999.0,-99999.0,-99999.0,-99999.0,-99999.0,99999,99999,99999,99999,99999,-99999,-99999,-99999,-99999,-99999,2,3000000,3,1,50,99999,2000,40,3,1,5,32,NI,0,1,1,10,0,50,6,0,Null
NR2310-2311,20220906_1,NR2310.XINE,NR2311.XINE,NR2309.XINE,0,0,-50.0,-80.0,-99999.0,-99999.0,-99999.0,-99999.0,-99999.0,-99999.0,99999,99999,99999,99999,99999,-99999,-99999,-99999,-99999,-99999,2,3000000,3,1,50,99999,2000,10,1,0,8,8,NR,0,1,1,30,0,18,1,0,Null
NR2311-2312,20220906_1,NR2311.XINE,NR2312.XINE,NR2312.XINE,0,0,-99999.0,-99999.0,-99999.0,-99999.0,-99999.0,-99999.0,-99999.0,-99999.0,99999,99999,99999,99999,99999,-99999,-99999,-99999,-99999,-99999,2,3000000,3,1,50,99999,2000,10,1,0,8,8,NR,0,1,1,14,0,2,2,0,Null
NR2312-2401,20220906_1,NR2312.XINE,NR2401.XINE,NR2401.XINE,0,0,-100.0,-120.0,-120.0,-99999.0,-99999.0,-99999.0,-99999.0,-99999.0,99999,99999,99999,99999,99999,-99999,-99999,-99999,-99999,-99999,2,3000000,3,1,50,99999,2000,10,1,0,8,8,NR,0,1,1,14,0,0,1,0,Null
NR2401-2402,20220906_1,NR2401.XINE,NR2402.XINE,NR2401.XINE,0,0,-70.0,-80.0,-100.0,-99999.0,-99999.0,-99999.0,-99999.0,-99999.0,99999,99999,99999,99999,99999,-99999,-99999,-99999,-99999,-99999,2,3000000,3,1,50,99999,2000,10,1,1,8,8,NR,0,1,1,14,0,20,1,0,Null
OI2311-2401,20221017_1,OI2311.XZCE,OI2401.XZCE,OI2311.XZCE,0,0,-99999.0,-99999.0,-99999.0,-99999.0,-99999.0,-99999.0,-99999.0,-99999.0,99999,99999,99999,99999,99999,-99999,-99999,-99999,-99999,-99999,2,3000000,3,1,50,99999,2000,20,1,0,8,32,OI,0,1,1,28,0,20,3,0,Null
OI2401-2311,20221017_1,OI2401.XZCE,OI2311.XZCE,OI2311.XZCE,0,0,-99999.0,-99999.0,-99999.0,-99999.0,-99999.0,-99999.0,-99999.0,-99999.0,99999,99999,99999,99999,99999,-99999,-99999,-99999,-99999,-99999,2,3000000,3,1,50,99999,2000,20,1,0,8,32,OI,0,1,1,28,0,100,2,0,Null
OI2401-2403,20230731_1,OI2401.XZCE,OI2403.XZCE,OI2401.XZCE,0,0,0.0,-10.0,-99999.0,-99999.0,-99999.0,-99999.0,-99999.0,-99999.0,99999,99999,99999,99999,99999,-99999,-99999,-99999,-99999,-99999,2,3000000,3,1,50,99999,2000,40,1,1,5,32,OI,0,1,1,8,0,30,2,0,Null
OI2403-2401,20221017_1,OI2403.XZCE,OI2401.XZCE,OI2401.XZCE,0,0,-400.0,-99999.0,-99999.0,-99999.0,-99999.0,-99999.0,-99999.0,-99999.0,99999,99999,99999,99999,99999,-99999,-99999,-99999,-99999,-99999,2,3000000,3,1,50,99999,2000,20,1,1,8,32,OI,0,1,1,28,0,300,2,0,Null
OI2403-2405,20230731_1,OI2403.XZCE,OI2405.XZCE,OI2403.XZCE,0,0,0.0,-10.0,-99999.0,-99999.0,-99999.0,-99999.0,-99999.0,-99999.0,99999,99999,99999,99999,99999,-99999,-99999,-99999,-99999,-99999,2,3000000,3,1,50,99999,2000,40,1,1,5,32,OI,0,1,1,8,0,30,2,0,Null
P2311-2312,20230904_0,P2311.XDCE,P2312.XDCE,P2311.XDCE,0,0,-40.0,-40.0,-99999.0,-99999.0,-99999.0,-99999.0,-99999.0,-99999.0,99999,99999,99999,99999,99999,-99999,-99999,-99999,-99999,-99999,2,3000000,3,1,50,99999,2000,40,1,0,5,32,P,0,1,1,4,0,3,2,0,Null
P2312-2401,20230904_0,P2312.XDCE,P2401.XDCE,P2401.XDCE,0,0,-10.0,-99999.0,-99999.0,-99999.0,-99999.0,-99999.0,-99999.0,-99999.0,99999,99999,99999,99999,99999,-99999,-99999,-99999,-99999,-99999,2,3000000,3,1,50,99999,2000,40,1,1,5,32,P,0,1,1,4,0,50,2,0,Null
P2401-2402,20230904_0,P2401.XDCE,P2402.XDCE,P2401.XDCE,0,0,-25.0,-30.0,-99999.0,-99999.0,-99999.0,-99999.0,-99999.0,-99999.0,99999,99999,99999,99999,99999,-99999,-99999,-99999,-99999,-99999,2,3000000,3,1,50,99999,2000,40,1,1,5,32,P,0,1,1,3,0,50,1,0,Null
P2402-2403,20230925_0,P2402.XDCE,P2403.XDCE,P2402.XDCE,0,0,-25.0,-30.0,-99999.0,-99999.0,-99999.0,-99999.0,-99999.0,-99999.0,99999,99999,99999,99999,99999,-99999,-99999,-99999,-99999,-99999,2,3000000,3,1,50,99999,2000,40,1,1,5,32,P,0,1,1,8,0,30,3,0,Null
P2404-2405,20230904_0,P2404.XDCE,P2405.XDCE,P2405.XDCE,0,0,-30.0,-35.0,-99999.0,-99999.0,-99999.0,-99999.0,-99999.0,-99999.0,99999,99999,99999,99999,99999,-99999,-99999,-99999,-99999,-99999,2,3000000,3,1,50,99999,2000,40,1,1,5,32,P,0,1,1,6,0,60,2,0,Null
PB2311-2312,20230925_0,PB2311.XSGE,PB2312.XSGE,PB2311.XSGE,0,0,20.0,0.0,-20.0,-99999.0,-99999.0,-99999.0,-99999.0,-99999.0,99999,99999,99999,99999,99999,-99999,-99999,-99999,-99999,-99999,2,3000000,3,1,50,99999,2000,40,1,0,5,32,PB,0,1,1,8,0,24,2,0,Null
PB2312-2401,20230731_1,PB2312.XSGE,PB2401.XSGE,PB2401.XSGE,0,0,-40.0,-80.0,-99999.0,-99999.0,-99999.0,-99999.0,-99999.0,-99999.0,99999,99999,99999,99999,99999,-99999,-99999,-99999,-99999,-99999,2,3000000,3,1,50,99999,2000,40,1,1,5,32,PB,0,1,1,8,0,24,2,0,Null
PB2401-2402,20230925_0,PB2401.XSGE,PB2402.XSGE,PB2401.XSGE,0,0,20.0,0.0,-20.0,-99999.0,-99999.0,-99999.0,-99999.0,-99999.0,99999,99999,99999,99999,99999,-99999,-99999,-99999,-99999,-99999,2,3000000,3,1,50,99999,2000,40,1,1,5,32,PB,0,1,1,8,0,24,2,0,Null
PB2402-2403,20230706_2,PB2402.XSGE,PB2403.XSGE,PB2402.XSGE,0,0,-55.0,-99999.0,-99999.0,-99999.0,-99999.0,-99999.0,-99999.0,-99999.0,99999,99999,99999,99999,99999,-99999,-99999,-99999,-99999,-99999,2,3000000,3,1,50,99999,2000,40,1,1,5,32,PB,0,1,1,8,0,24,1,0,Null
PB2403-2404,20230706_2,PB2403.XSGE,PB2404.XSGE,PB2404.XSGE,0,0,-55.0,-99999.0,-99999.0,-99999.0,-99999.0,-99999.0,-99999.0,-99999.0,99999,99999,99999,99999,99999,-99999,-99999,-99999,-99999,-99999,2,3000000,3,1,50,99999,2000,40,1,1,5,32,PB,0,1,1,8,0,24,1,0,Null
PB2404-2405,20230925_0,PB2404.XSGE,PB2405.XSGE,PB2405.XSGE,0,0,20.0,0.0,-20.0,-99999.0,-99999.0,-99999.0,-99999.0,-99999.0,99999,99999,99999,99999,99999,-99999,-99999,-99999,-99999,-99999,2,3000000,3,1,50,99999,2000,40,1,1,5,32,PB,0,1,1,8,0,24,2,0,Null
PB2405-2406,20230925_0,PB2405.XSGE,PB2406.XSGE,PB2405.XSGE,0,0,20.0,0.0,-20.0,-99999.0,-99999.0,-99999.0,-99999.0,-99999.0,99999,99999,99999,99999,99999,-99999,-99999,-99999,-99999,-99999,2,3000000,3,1,50,99999,2000,40,1,1,5,32,PB,0,1,1,8,0,24,2,0,Null
PB2406-2407,20230925_0,PB2406.XSGE,PB2407.XSGE,PB2407.XSGE,0,0,20.0,0.0,-20.0,-99999.0,-99999.0,-99999.0,-99999.0,-99999.0,99999,99999,99999,99999,99999,-99999,-99999,-99999,-99999,-99999,2,3000000,3,1,50,99999,2000,40,1,1,5,32,PB,0,1,1,8,0,24,2,0,Null
PF2310-2311,20220908_2,PF2310.XZCE,PF2311.XZCE,PF2310.XZCE,0,0,2.0,-99999.0,-99999.0,-99999.0,-99999.0,-99999.0,-99999.0,-99999.0,99999,99999,99999,99999,99999,-99999,-99999,-99999,-99999,-99999,2,3000000,3,1,50,99999,2000,20,1,0,8,16,PF,0,1,1,19,0,1,3,0,Null
PF2311-2312,20220908_2,PF2311.XZCE,PF2312.XZCE,PF2311.XZCE,0,0,2.0,-20.0,-40.0,-99999.0,-99999.0,-99999.0,-99999.0,-99999.0,99999,99999,99999,99999,99999,-99999,-99999,-99999,-99999,-99999,2,3000000,3,1,50,99999,2000,20,1,0,8,16,PF,0,1,1,19,0,40,3,0,Null
PF2312-2401,20220908_2,PF2312.XZCE,PF2401.XZCE,PF2312.XZCE,0,0,2.0,-99999.0,-99999.0,-99999.0,-99999.0,-99999.0,-99999.0,-99999.0,99999,99999,99999,99999,99999,-99999,-99999,-99999,-99999,-99999,2,3000000,3,1,50,99999,2000,20,1,1,8,16,PF,0,1,1,19,0,40,3,0,Null
PF2402-2403,20220908_2,PF2402.XZCE,PF2403.XZCE,PF2402.XZCE,0,0,0.0,-5.0,-10.0,-15.0,-20.0,-99999.0,-99999.0,-99999.0,99999,99999,99999,99999,99999,-99999,-99999,-99999,-99999,-99999,2,3000000,3,1,50,99999,2000,20,1,1,8,16,PF,0,1,1,19,0,40,3,0,Null
PP2310-2311,20220915_2,PP2310.XDCE,PP2311.XDCE,PP2310.XDCE,0,0,-5.0,-10.0,-15.0,-20.0,-25.0,-99999.0,-99999.0,-99999.0,99999,99999,99999,99999,99999,-99999,-99999,-99999,-99999,-99999,2,3000000,3,1,50,99999,2000,20,1,0,8,32,PP,0,1,1,19,0,20,3,0,Null
PP2311-2312,20220915_2,PP2311.XDCE,PP2312.XDCE,PP2311.XDCE,0,0,-5.0,-10.0,-15.0,-20.0,-25.0,-99999.0,-99999.0,-99999.0,99999,99999,99999,99999,99999,-99999,-99999,-99999,-99999,-99999,2,3000000,3,1,50,99999,2000,20,1,0,8,32,PP,0,1,1,19,0,50,3,0,Null
PP2312-2401,20220915_2,PP2312.XDCE,PP2401.XDCE,PP2312.XDCE,0,0,-5.0,-10.0,-15.0,-20.0,-25.0,-99999.0,-99999.0,-99999.0,99999,99999,99999,99999,99999,-99999,-99999,-99999,-99999,-99999,2,3000000,3,1,50,99999,2000,20,1,1,8,32,PP,0,1,1,19,0,50,3,0,Null
PP2401-2402,20220915_2,PP2401.XDCE,PP2402.XDCE,PP2401.XDCE,0,0,-5.0,-10.0,-15.0,-20.0,-25.0,-99999.0,-99999.0,-99999.0,99999,99999,99999,99999,99999,-99999,-99999,-99999,-99999,-99999,2,3000000,3,1,50,99999,2000,20,1,1,8,32,PP,0,1,1,19,0,50,3,0,Null
PP2402-2403,20220915_2,PP2402.XDCE,PP2403.XDCE,PP2402.XDCE,0,0,-5.0,-99999.0,-99999.0,-99999.0,-99999.0,-99999.0,-99999.0,-99999.0,99999,99999,99999,99999,99999,-99999,-99999,-99999,-99999,-99999,2,3000000,3,1,50,99999,2000,20,1,1,8,32,PP,0,1,1,19,0,50,3,0,Null
PP2404-2405,20230811_0,PP2404.XDCE,PP2405.XDCE,PP2404.XDCE,0,0,0.0,-5.0,-10.0,-99999.0,-99999.0,-99999.0,-99999.0,-99999.0,99999,99999,99999,99999,99999,-99999,-99999,-99999,-99999,-99999,2,3000000,3,1,50,99999,2000,20,1,1,5,32,PP,0,1,1,10,0,50,2,0,Null
PP2405-2406,20220915_2,PP2405.XDCE,PP2406.XDCE,PP2405.XDCE,0,0,-10.0,-15.0,-99999.0,-99999.0,-99999.0,-99999.0,-99999.0,-99999.0,99999,99999,99999,99999,99999,-99999,-99999,-99999,-99999,-99999,2,3000000,3,1,50,99999,2000,20,1,1,8,32,PP,0,1,1,19,0,50,3,0,Null
RB2310-2311,20220907_1,RB2310.XSGE,RB2311.XSGE,RB2310.XSGE,0,0,-99999.0,-99999.0,-99999.0,-99999.0,-99999.0,-99999.0,-99999.0,-99999.0,99999,99999,99999,99999,99999,-99999,-99999,-99999,-99999,-99999,2,3000000,3,1,50,99999,2000,40,1,0,8,32,RB,0,1,1,9,0,20,2,0,Null
RB2311-2312,20220907_1,RB2311.XSGE,RB2312.XSGE,RB2311.XSGE,0,0,-99999.0,-99999.0,-99999.0,-99999.0,-99999.0,-99999.0,-99999.0,-99999.0,99999,99999,99999,99999,99999,-99999,-99999,-99999,-99999,-99999,2,3000000,3,1,50,99999,2000,40,1,0,8,32,RB,0,1,1,9,0,20,2,0,Null
RB2312-2401,20220907_1,RB2312.XSGE,RB2401.XSGE,RB2401.XSGE,0,0,-25.0,-30.0,-99999.0,-99999.0,-99999.0,-99999.0,-99999.0,-99999.0,99999,99999,99999,99999,99999,-99999,-99999,-99999,-99999,-99999,2,3000000,3,1,50,99999,2000,40,1,0,8,32,RB,0,1,1,9,0,20,1,0,Null
RB2401-2402,20220907_1,RB2401.XSGE,RB2402.XSGE,RB2401.XSGE,0,0,-99999.0,-99999.0,-99999.0,-99999.0,-99999.0,-99999.0,-99999.0,-99999.0,99999,99999,99999,99999,99999,-99999,-99999,-99999,-99999,-99999,2,3000000,3,1,50,99999,2000,40,1,0,8,32,RB,0,1,1,9,0,20,1,0,Null
RB2402-2403,20220907_1,RB2402.XSGE,RB2403.XSGE,RB2403.XSGE,0,0,-99999.0,-99999.0,-99999.0,-99999.0,-99999.0,-99999.0,-99999.0,-99999.0,99999,99999,99999,99999,99999,-99999,-99999,-99999,-99999,-99999,2,3000000,3,1,50,99999,2000,40,1,0,8,32,RB,0,1,1,9,0,20,1,0,Null
RB2403-2404,20220907_1,RB2403.XSGE,RB2404.XSGE,RB2403.XSGE,0,0,-99999.0,-99999.0,-99999.0,-99999.0,-99999.0,-99999.0,-99999.0,-99999.0,99999,99999,99999,99999,99999,-99999,-99999,-99999,-99999,-99999,2,3000000,3,1,50,99999,2000,40,1,0,8,32,RB,0,1,1,9,0,20,1,0,Null
RM2401-2403,20221017_1,RM2401.XZCE,RM2403.XZCE,RM2401.XZCE,0,0,0.0,-10.0,-20.0,-99999.0,-99999.0,-99999.0,-99999.0,-99999.0,99999,99999,99999,99999,99999,-99999,-99999,-99999,-99999,-99999,2,3000000,3,1,50,99999,2000,40,1,1,8,32,RM,0,1,1,10,0,20,3,0,SPD RM401&RM403
RM2405-2407,20230731_1,RM2405.XZCE,RM2407.XZCE,RM2405.XZCE,0,0,30.0,-99999.0,-99999.0,-99999.0,-99999.0,-99999.0,-99999.0,-99999.0,99999,99999,99999,99999,99999,-99999,-99999,-99999,-99999,-99999,2,3000000,3,1,50,99999,2000,40,1,1,5,32,RM,0,1,1,6,0,100,2,0,Null
RR2311-2312,20230919_2,RR2311.XDCE,RR2312.XDCE,RR2311.XDCE,0,0,-99999.0,-99999.0,-99999.0,-99999.0,-99999.0,-99999.0,-99999.0,-99999.0,99999,99999,99999,99999,99999,-99999,-99999,-99999,-99999,-99999,2,3000000,3,1,50,99999,2000,40,1,0,5,32,RR,0,1,1,10,0,35,2,0,Null
RR2312-2401,20230724_1,RR2312.XDCE,RR2401.XDCE,RR2401.XDCE,0,0,-35.0,-58.0,-70.0,-99999.0,-99999.0,-99999.0,-99999.0,-99999.0,99999,99999,99999,99999,99999,-99999,-99999,-99999,-99999,-99999,2,3000000,3,1,50,99999,2000,40,1,1,5,32,RR,0,1,1,9,0,80,1,0,Null
RU2310-2311,20220906_1,RU2310.XSGE,RU2311.XSGE,RU2310.XSGE,0,0,-85.0,-85.0,-85.0,-99999.0,-99999.0,-99999.0,-99999.0,-99999.0,99999,99999,99999,99999,99999,-99999,-99999,-99999,-99999,-99999,2,3000000,3,1,50,99999,2000,10,1,0,8,8,RU,0,1,1,4,0,0,1,0,Null
RU2311-2401,20220906_1,RU2311.XSGE,RU2401.XSGE,RU2401.XSGE,0,0,-1800.0,-99999.0,-99999.0,-99999.0,-99999.0,-99999.0,-99999.0,-99999.0,99999,99999,99999,99999,99999,-99999,-99999,-99999,-99999,-99999,2,3000000,3,1,50,99999,2000,10,1,0,8,8,RU,0,1,1,4,0,200,1,0,Null
RU2401-2403,20220906_1,RU2401.XSGE,RU2403.XSGE,RU2401.XSGE,0,0,-100.0,-120.0,-99999.0,-99999.0,-99999.0,-99999.0,-99999.0,-99999.0,99999,99999,99999,99999,99999,-99999,-99999,-99999,-99999,-99999,2,3000000,3,1,50,99999,2000,10,1,1,8,8,RU,0,1,1,4,0,50,1,0,Null
RU2403-2404,20220906_1,RU2403.XSGE,RU2404.XSGE,RU2403.XSGE,0,0,-60.0,-70.0,-80.0,-99999.0,-99999.0,-99999.0,-99999.0,-99999.0,99999,99999,99999,99999,99999,-99999,-99999,-99999,-99999,-99999,2,3000000,3,1,50,99999,2000,10,1,1,8,8,RU,0,1,1,4,0,30,1,0,Null
SA2310-2311,20221017_0,SA2310.XZCE,SA2311.XZCE,SA2311.XZCE,0,0,0.0,-99999.0,-99999.0,-99999.0,-99999.0,-99999.0,-99999.0,-99999.0,99999,99999,99999,99999,99999,-99999,-99999,-99999,-99999,-99999,2,3000000,3,1,50,99999,2000,40,1,0,5,32,SA,0,1,1,14,0,50,1,0,Null
SA2311-2312,20221017_0,SA2311.XZCE,SA2312.XZCE,SA2311.XZCE,0,0,0.0,-3.0,-99999.0,-99999.0,-99999.0,-99999.0,-99999.0,-99999.0,99999,99999,99999,99999,99999,-99999,-99999,-99999,-99999,-99999,2,3000000,3,1,50,99999,2000,40,1,0,5,32,SA,0,1,1,14,0,100,3,0,Null
SA2312-2401,20221017_0,SA2312.XZCE,SA2401.XZCE,SA2401.XZCE,0,0,22.0,20.0,-99999.0,-99999.0,-99999.0,-99999.0,-99999.0,-99999.0,99999,99999,99999,99999,99999,-99999,-99999,-99999,-99999,-99999,2,3000000,3,1,50,99999,2000,40,1,1,5,32,SA,0,1,1,14,0,50,2,0,Null
SA2401-2402,20221017_0,SA2401.XZCE,SA2402.XZCE,SA2401.XZCE,0,0,-25.0,-30.0,-35.0,-99999.0,-99999.0,-99999.0,-99999.0,-99999.0,99999,99999,99999,99999,99999,-99999,-99999,-99999,-99999,-99999,2,3000000,3,1,50,99999,2000,40,1,1,5,32,SA,0,1,1,14,0,50,2,0,Null
SA2402-2403,20221017_0,SA2402.XZCE,SA2403.XZCE,SA2403.XZCE,0,0,10.0,7.0,5.0,-99999.0,-99999.0,-99999.0,-99999.0,-99999.0,99999,99999,99999,99999,99999,-99999,-99999,-99999,-99999,-99999,2,3000000,3,1,50,99999,2000,40,1,1,5,32,SA,0,1,1,14,0,40,2,0,Null
SA2403-2404,20221017_0,SA2403.XZCE,SA2404.XZCE,SA2403.XZCE,0,0,-35.0,-40.0,-99999.0,-99999.0,-99999.0,-99999.0,-99999.0,-99999.0,99999,99999,99999,99999,99999,-99999,-99999,-99999,-99999,-99999,2,3000000,3,1,50,99999,2000,40,1,1,5,32,SA,0,1,1,14,0,50,2,0,Null
SA2404-2405,20230901_1,SA2404.XZCE,SA2405.XZCE,SA2405.XZCE,0,0,25.0,20.0,-99999.0,-99999.0,-99999.0,-99999.0,-99999.0,-99999.0,99999,99999,99999,99999,99999,-99999,-99999,-99999,-99999,-99999,2,3000000,3,1,50,99999,2000,40,1,1,5,32,SA,0,1,1,8,0,100,2,0,Null
SA2405-2406,20230817_2,SA2405.XZCE,SA2406.XZCE,SA2405.XZCE,0,0,-50.0,-99999.0,-99999.0,-99999.0,-99999.0,-99999.0,-99999.0,-99999.0,99999,99999,99999,99999,99999,-99999,-99999,-99999,-99999,-99999,2,3000000,3,1,50,99999,2000,40,1,1,5,32,SA,0,1,1,4,0,100,1,0,Null
SA2406-2407,20230817_2,SA2406.XZCE,SA2407.XZCE,SA2407.XZCE,0,0,-10.0,-99999.0,-99999.0,-99999.0,-99999.0,-99999.0,-99999.0,-99999.0,99999,99999,99999,99999,99999,-99999,-99999,-99999,-99999,-99999,2,3000000,3,1,50,99999,2000,40,1,1,5,32,SA,0,1,1,4,0,100,1,0,Null
SA2407-2408,20230817_2,SA2407.XZCE,SA2408.XZCE,SA2407.XZCE,0,0,-20.0,-30.0,-100.0,-99999.0,-99999.0,-99999.0,-99999.0,-99999.0,99999,99999,99999,99999,99999,-99999,-99999,-99999,-99999,-99999,2,3000000,3,1,50,99999,2000,40,1,1,5,32,SA,0,1,1,4,0,55,2,0,Null
SA2408-2409,20230925_0,SA2408.XZCE,SA2409.XZCE,SA2408.XZCE,0,0,10.0,5.0,0.0,-99999.0,-99999.0,-99999.0,-99999.0,-99999.0,99999,99999,99999,99999,99999,-99999,-99999,-99999,-99999,-99999,2,3000000,3,1,50,99999,2000,40,1,1,5,32,SA,0,1,1,10,0,50,2,0,Null
SC2310-2311,20221017_0,SC2310.XINE,SC2311.XINE,SC2310.XINE,0,0,-1.0,-99999.0,-99999.0,-99999.0,-99999.0,-99999.0,-99999.0,-99999.0,99999,99999,99999,99999,99999,-99999,-99999,-99999,-99999,-99999,2,3000000,3,1,50,99999,2000,10,2,0,1,8,SC,0,1,1,9,0,30,1,0,Null
SC2311-2310,20221017_0,SC2311.XINE,SC2310.XINE,SC2310.XINE,0,0,-99999.0,-99999.0,-99999.0,-99999.0,-99999.0,-99999.0,-99999.0,-99999.0,99999,99999,99999,99999,99999,-99999,-99999,-99999,-99999,-99999,2,3000000,3,1,50,99999,2000,10,2,0,1,8,SC,0,1,1,9,0,100,1,0,Null
SC2311-2312,20221017_0,SC2311.XINE,SC2312.XINE,SC2311.XINE,0,0,12.9,-99999.0,-99999.0,-99999.0,-99999.0,-99999.0,-99999.0,-99999.0,99999,99999,99999,99999,99999,-99999,-99999,-99999,-99999,-99999,2,3000000,3,1,50,99999,2000,10,2,0,1,8,SC,0,1,1,9,0,3,1,0,Null
SC2312-2401,20231018_2,SC2312.XINE,SC2401.XINE,SC2312.XINE,0,0,2,1.7,-99999.0,-99999.0,-99999.0,-99999.0,-999999.0,-99999.0,99999,99999,99999,99999,99999,-99999,-99999,-99999,-99999,-99999,2,3000000,3,1,50,99999,2000,40,2,0,5,32,SC,1,1,1,2,0,5,1,0,Null
SC2401-2402,20231018_2,SC2401.XINE,SC2402.XINE,SC2401.XINE,0,0,-99999.0,-99999.0,-99999.0,-99999.0,-99999.0,-99999.0,-99999.0,-99999.0,99999,99999,99999,99999,99999,-99999,-99999,-99999,-99999,-99999,2,3000000,3,1,50,99999,2000,40,2,1,5,32,SC,0,1,1,1,0,30,1,0,Null
SC2402-2403,20231018_2,SC2402.XINE,SC2403.XINE,SC2402.XINE,0,0,-99999.0,-99999.0,-99999.0,-99999.0,-99999.0,-99999.0,-99999.0,-99999.0,99999,99999,99999,99999,99999,-99999,-99999,-99999,-99999,-99999,2,3000000,3,1,50,99999,2000,40,2,1,5,32,SC,0,1,1,1,0,30,1,0,Null
SI2310-2311,20220913_0,SI2310.GFEX,SI2311.GFEX,SI2310.GFEX,0,0,-99999.0,-99999.0,-99999.0,-99999.0,-99999.0,-99999.0,-99999.0,-99999.0,99999,99999,99999,99999,99999,-99999,-99999,-99999,-99999,-99999,2,3000000,3,1,50,99999,2000,10,1,0,8,8,SI,0,1,1,120,0,10,2,0,Null
SI2312-2401,20220913_0,SI2312.GFEX,SI2401.GFEX,SI2312.GFEX,0,0,-60.0,-75.0,-95.0,-99999.0,-99999.0,-99999.0,-99999.0,-99999.0,99999,99999,99999,99999,99999,-99999,-99999,-99999,-99999,-99999,2,3000000,3,1,50,99999,2000,10,1,0,8,8,SI,0,1,1,120,0,10,2,0,Null
SI2401-2402,20220913_0,SI2401.GFEX,SI2402.GFEX,SI2401.GFEX,0,0,-60.0,-75.0,-95.0,-99999.0,-99999.0,-99999.0,-99999.0,-99999.0,99999,99999,99999,99999,99999,-99999,-99999,-99999,-99999,-99999,2,3000000,3,1,50,99999,2000,10,1,1,8,8,SI,0,1,1,120,0,10,2,0,Null
SI2402-2403,20220913_0,SI2402.GFEX,SI2403.GFEX,SI2403.GFEX,0,0,-60.0,-75.0,-95.0,-99999.0,-99999.0,-99999.0,-99999.0,-99999.0,99999,99999,99999,99999,99999,-99999,-99999,-99999,-99999,-99999,2,3000000,3,1,50,99999,2000,10,1,1,8,8,SI,0,1,1,120,0,10,1,0,Null
SN2311-2312,20230925_1,SN2311.XSGE,SN2312.XSGE,SN2311.XSGE,0,0,0.0,0.0,-100.0,-120.0,-160.0,-200.0,-99999.0,-99999.0,99999,99999,99999,99999,99999,-99999,-99999,-99999,-99999,-99999,2,3000000,3,1,50,99999,2000,40,3,0,5,32,SN,0,1,1,16,0,6,4,0,Null
SN2312-2401,20230925_1,SN2312.XSGE,SN2401.XSGE,SN2312.XSGE,0,0,-120.0,-160.0,-200.0,-240.0,-300.0,-320.0,-99999.0,-99999.0,99999,99999,99999,99999,99999,-99999,-99999,-99999,-99999,-99999,2,3000000,3,1,50,99999,2000,40,3,1,5,32,SN,0,1,1,35,0,50,5,0,Null
SN2401-2402,20230925_1,SN2401.XSGE,SN2402.XSGE,SN2401.XSGE,0,0,-120.0,-160.0,-200.0,-240.0,-300.0,-320.0,-99999.0,-99999.0,99999,99999,99999,99999,99999,-99999,-99999,-99999,-99999,-99999,2,3000000,3,1,50,99999,2000,40,3,1,5,32,SN,0,1,1,35,0,50,5,0,Null
SN2402-2403,20230925_1,SN2402.XSGE,SN2403.XSGE,SN2402.XSGE,0,0,-120.0,-160.0,-200.0,-240.0,-300.0,-320.0,-99999.0,-99999.0,99999,99999,99999,99999,99999,-99999,-99999,-99999,-99999,-99999,2,3000000,3,1,50,99999,2000,40,3,1,5,32,SN,0,1,1,35,0,50,5,0,Null
SP2311-2312,20220914_0,SP2311.XSGE,SP2312.XSGE,SP2311.XSGE,0,0,-24.0,-99999.0,-99999.0,-99999.0,-99999.0,-99999.0,-99999.0,-99999.0,99999,99999,99999,99999,99999,-99999,-99999,-99999,-99999,-99999,2,3000000,3,1,50,99999,2000,20,1,0,8,16,SP,0,1,1,28,0,0,3,0,Null
SP2312-2401,20220914_0,SP2312.XSGE,SP2401.XSGE,SP2401.XSGE,0,0,-270.0,-270.0,-270.0,-270.0,-270.0,-99999.0,-99999.0,-99999.0,99999,99999,99999,99999,99999,-99999,-99999,-99999,-99999,-99999,2,3000000,3,1,50,99999,2000,20,1,0,8,16,SP,0,1,1,28,0,10,2,0,Null
SP2401-2402,20220914_0,SP2401.XSGE,SP2402.XSGE,SP2401.XSGE,0,0,-24.0,-99999.0,-99999.0,-99999.0,-99999.0,-99999.0,-99999.0,-99999.0,99999,99999,99999,99999,99999,-99999,-99999,-99999,-99999,-99999,2,3000000,3,1,50,99999,2000,10,1,1,8,16,SP,0,1,1,28,0,30,3,0,Null
SP2402-2403,20220914_0,SP2402.XSGE,SP2403.XSGE,SP2402.XSGE,0,0,-24.0,-32.0,-99999.0,-99999.0,-99999.0,-99999.0,-99999.0,-99999.0,99999,99999,99999,99999,99999,-99999,-99999,-99999,-99999,-99999,2,3000000,3,1,50,99999,2000,10,1,1,8,16,SP,0,1,1,28,0,30,3,0,Null
SP2403-2404,20220914_0,SP2403.XSGE,SP2404.XSGE,SP2404.XSGE,0,0,-24.0,-32.0,-99999.0,-99999.0,-99999.0,-99999.0,-99999.0,-99999.0,99999,99999,99999,99999,99999,-99999,-99999,-99999,-99999,-99999,2,3000000,3,1,50,99999,2000,10,1,1,8,16,SP,0,1,1,28,0,30,3,0,Null
SP2404-2405,20220914_0,SP2404.XSGE,SP2405.XSGE,SP2404.XSGE,0,0,-24.0,-32.0,-99999.0,-99999.0,-99999.0,-99999.0,-99999.0,-99999.0,99999,99999,99999,99999,99999,-99999,-99999,-99999,-99999,-99999,2,3000000,3,1,50,99999,2000,10,1,1,8,16,SP,0,1,1,28,0,30,3,0,Null
SP2405-2406,20220914_0,SP2405.XSGE,SP2406.XSGE,SP2406.XSGE,0,0,-24.0,-32.0,-99999.0,-99999.0,-99999.0,-99999.0,-99999.0,-99999.0,99999,99999,99999,99999,99999,-99999,-99999,-99999,-99999,-99999,2,3000000,3,1,50,99999,2000,10,1,1,8,16,SP,0,1,1,28,0,30,3,0,Null
SP2406-2407,20231018_2,SP2406.XSGE,SP2407.XSGE,SP2406.XSGE,0,0,-10.0,-12.0,-15.0,-99999.0,-99999.0,-99999.0,-99999.0,-99999.0,99999,99999,99999,99999,99999,-99999,-99999,-99999,-99999,-99999,2,3000000,3,1,50,99999,2000,40,1,1,5,32,SP,0,1,1,10,0,40,2,0,Null
SP2407-2408,20231018_2,SP2407.XSGE,SP2408.XSGE,SP2407.XSGE,0,0,-10.0,-12.0,-15.0,-99999.0,-99999.0,-99999.0,-99999.0,-99999.0,99999,99999,99999,99999,99999,-99999,-99999,-99999,-99999,-99999,2,3000000,3,1,50,99999,2000,40,1,1,5,32,SP,0,1,1,10,0,40,2,0,Null
SP2408-2409,20231018_2,SP2408.XSGE,SP2409.XSGE,SP2409.XSGE,0,0,-10.0,-12.0,-15.0,-99999.0,-99999.0,-99999.0,-99999.0,-99999.0,99999,99999,99999,99999,99999,-99999,-99999,-99999,-99999,-99999,2,3000000,3,1,50,99999,2000,40,1,1,5,32,SP,0,1,1,10,0,40,2,0,Null
SS2310-2311,20230823_1,SS2310.XSGE,SS2311.XSGE,SS2310.XSGE,0,0,-99999.0,-99999.0,-99999.0,-99999.0,-99999.0,-99999.0,-99999.0,-99999.0,99999,99999,99999,99999,99999,-99999,-99999,-99999,-99999,-99999,2,3000000,3,1,50,99999,2000,40,1,0,5,32,SS,0,1,1,8,0,4,2,0,Null
SS2311-2312,20230901_2,SS2311.XSGE,SS2312.XSGE,SS2311.XSGE,0,0,-100.0,-100.0,-99999.0,-99999.0,-99999.0,-99999.0,-99999.0,-99999.0,99999,99999,99999,99999,99999,-99999,-99999,-99999,-99999,-99999,2,3000000,3,1,50,99999,2000,40,1,0,5,32,SS,0,1,1,8,0,10,3,0,Null
SS2312-2401,20230921_2,SS2312.XSGE,SS2401.XSGE,SS2312.XSGE,0,0,-50.0,-99999.0,-99999.0,-99999.0,-99999.0,-99999.0,-99999.0,-99999.0,99999,99999,99999,99999,99999,-99999,-99999,-99999,-99999,-99999,2,3000000,3,1,50,99999,2000,40,1,1,5,32,SS,0,1,1,6,0,10,3,0,Null
SS2401-2402,20230901_2,SS2401.XSGE,SS2402.XSGE,SS2401.XSGE,0,0,-50.0,-75.0,-99999.0,-99999.0,-99999.0,-99999.0,-99999.0,-99999.0,99999,99999,99999,99999,99999,-99999,-99999,-99999,-99999,-99999,2,3000000,3,1,50,99999,2000,40,1,1,5,32,SS,0,1,1,8,0,10,3,0,Null
TA2310-2311,20220920_1,TA2310.XZCE,TA2311.XZCE,TA2310.XZCE,0,0,-99999.0,-99999.0,-99999.0,-99999.0,-99999.0,-99999.0,-99999.0,-99999.0,99999,99999,99999,99999,99999,-99999,-99999,-99999,-99999,-99999,2,3000000,3,1,50,99999,2000,20,1,0,8,16,TA,0,1,1,8,0,15,3,0,Null
TA2311-2312,20220920_1,TA2311.XZCE,TA2312.XZCE,TA2311.XZCE,0,0,-99999.0,-99999.0,-99999.0,-99999.0,-99999.0,-99999.0,-99999.0,-99999.0,99999,99999,99999,99999,99999,-99999,-99999,-99999,-99999,-99999,2,3000000,3,1,50,99999,2000,20,1,0,8,16,TA,0,1,1,8,0,15,3,0,Null
TA2312-2401,20220920_1,TA2312.XZCE,TA2401.XZCE,TA2312.XZCE,0,0,-20.0,-25.0,-99999.0,-99999.0,-99999.0,-99999.0,-99999.0,-99999.0,99999,99999,99999,99999,99999,-99999,-99999,-99999,-99999,-99999,2,3000000,3,1,50,99999,2000,20,1,1,8,16,TA,0,1,1,8,0,20,3,0,Null
TA2401-2402,20220920_1,TA2401.XZCE,TA2402.XZCE,TA2401.XZCE,0,0,-25.0,-30.0,-99999.0,-99999.0,-99999.0,-99999.0,-99999.0,-99999.0,99999,99999,99999,99999,99999,-99999,-99999,-99999,-99999,-99999,2,3000000,3,1,50,99999,2000,20,1,1,8,16,TA,0,1,1,8,0,20,3,0,Null
TA2402-2403,20220920_1,TA2402.XZCE,TA2403.XZCE,TA2402.XZCE,0,0,-99999.0,-99999.0,-99999.0,-99999.0,-99999.0,-99999.0,-99999.0,-99999.0,99999,99999,99999,99999,99999,-99999,-99999,-99999,-99999,-99999,2,3000000,3,1,50,99999,2000,20,1,1,8,16,TA,0,1,1,8,0,20,3,0,Null
TA2403-2404,20220920_1,TA2403.XZCE,TA2404.XZCE,TA2403.XZCE,0,0,-28.0,-30.0,-99999.0,-99999.0,-99999.0,-99999.0,-99999.0,-99999.0,99999,99999,99999,99999,99999,-99999,-99999,-99999,-99999,-99999,2,3000000,3,1,50,99999,2000,20,1,1,8,16,TA,0,1,1,8,0,100,3,0,Null
UR2310-2311,20221017_1,UR2310.XZCE,UR2311.XZCE,UR2310.XZCE,0,0,-35.0,-45.0,-99999.0,-99999.0,-99999.0,-99999.0,-99999.0,-99999.0,99999,99999,99999,99999,99999,-99999,-99999,-99999,-99999,-99999,2,3000000,3,1,50,99999,2000,40,1,0,8,16,UR,0,1,1,16,0,20,3,0,Null
UR2311-2312,20221017_1,UR2311.XZCE,UR2312.XZCE,UR2311.XZCE,0,0,5.0,0.0,-99999.0,-99999.0,-99999.0,-99999.0,-99999.0,-99999.0,99999,99999,99999,99999,99999,-99999,-99999,-99999,-99999,-99999,2,3000000,3,1,50,99999,2000,40,1,0,8,16,UR,0,1,1,16,0,30,3,0,Null
UR2312-2401,20221017_1,UR2312.XZCE,UR2401.XZCE,UR2401.XZCE,0,0,5.0,0.0,-99999.0,-99999.0,-99999.0,-99999.0,-99999.0,-99999.0,99999,99999,99999,99999,99999,-99999,-99999,-99999,-99999,-99999,2,3000000,3,1,50,99999,2000,40,1,1,8,16,UR,0,1,1,16,0,25,3,0,Null
UR2401-2402,20221017_1,UR2401.XZCE,UR2402.XZCE,UR2401.XZCE,0,0,0.0,-99999.0,-99999.0,-99999.0,-99999.0,-99999.0,-99999.0,-99999.0,99999,99999,99999,99999,99999,-99999,-99999,-99999,-99999,-99999,2,3000000,3,1,50,99999,2000,40,1,1,8,16,UR,0,1,1,16,0,50,3,0,Null
UR2402-2403,20221017_1,UR2402.XZCE,UR2403.XZCE,UR2402.XZCE,0,0,-35.0,-45.0,-55.0,-99999.0,-99999.0,-99999.0,-99999.0,-99999.0,99999,99999,99999,99999,99999,-99999,-99999,-99999,-99999,-99999,2,3000000,3,1,50,99999,2000,40,1,1,8,16,UR,0,1,1,16,0,60,3,0,Null
UR2403-2404,20221017_1,UR2403.XZCE,UR2404.XZCE,UR2403.XZCE,0,0,5.0,0.0,-99999.0,-99999.0,-99999.0,-99999.0,-99999.0,-99999.0,99999,99999,99999,99999,99999,-99999,-99999,-99999,-99999,-99999,2,3000000,3,1,50,99999,2000,40,1,1,8,16,UR,0,1,1,16,0,50,3,0,Null
UR2404-2405,20221017_1,UR2404.XZCE,UR2405.XZCE,UR2405.XZCE,0,0,5.0,0.0,-5.0,-99999.0,-99999.0,-99999.0,-99999.0,-99999.0,99999,99999,99999,99999,99999,-99999,-99999,-99999,-99999,-99999,2,3000000,3,1,50,99999,2000,40,1,1,8,16,UR,0,1,1,16,0,200,3,0,Null
UR2406-2407,20230829_1,UR2406.XZCE,UR2407.XZCE,UR2406.XZCE,0,0,0.0,-10.0,-99999.0,-99999.0,-99999.0,-99999.0,-99999.0,-99999.0,99999,99999,99999,99999,99999,-99999,-99999,-99999,-99999,-99999,2,3000000,3,1,50,99999,2000,40,1,1,5,32,UR,0,1,1,8,0,25,2,0,Null
V2310-2311,20220913_0,V2310.XDCE,V2311.XDCE,V2310.XDCE,0,0,-99999.0,-99999.0,-99999.0,-99999.0,-99999.0,-99999.0,-99999.0,-99999.0,99999,99999,99999,99999,99999,-99999,-99999,-99999,-99999,-99999,2,3000000,3,1,50,99999,2000,40,1,0,8,32,V,0,1,1,28,0,10,3,1,SP v2310&v2311
V2311-2312,20220913_0,V2311.XDCE,V2312.XDCE,V2311.XDCE,0,0,-44.0,-99999.0,-99999.0,-99999.0,-99999.0,-99999.0,-99999.0,-99999.0,99999,99999,99999,99999,99999,-99999,-99999,-99999,-99999,-99999,2,3000000,3,1,50,99999,2000,40,1,0,8,32,V,0,1,1,24,0,0,4,0,Null
V2312-2401,20220913_0,V2312.XDCE,V2401.XDCE,V2401.XDCE,0,0,-10.0,-42.0,-99999.0,-99999.0,-99999.0,-99999.0,-99999.0,-99999.0,99999,99999,99999,99999,99999,-99999,-99999,-99999,-99999,-99999,2,3000000,3,1,50,99999,2000,40,1,0,8,32,V,0,1,1,22,0,30,4,0,Null
V2401-2402,20220913_0,V2401.XDCE,V2402.XDCE,V2401.XDCE,0,0,-99999.0,-99999.0,-99999.0,-99999.0,-99999.0,-99999.0,-99999.0,-99999.0,99999,99999,99999,99999,99999,-99999,-99999,-99999,-99999,-99999,2,3000000,3,1,50,99999,2000,10,1,1,8,32,V,0,1,1,18,0,30,3,0,Null
V2402-2403,20220913_0,V2402.XDCE,V2403.XDCE,V2402.XDCE,0,0,-99999.0,-99999.0,-99999.0,-99999.0,-99999.0,-99999.0,-99999.0,-99999.0,99999,99999,99999,99999,99999,-99999,-99999,-99999,-99999,-99999,2,3000000,3,1,50,99999,2000,10,1,1,8,32,V,0,1,1,18,0,50,3,0,Null
V2403-2404,20220913_0,V2403.XDCE,V2404.XDCE,V2403.XDCE,0,0,-10.0,-99999.0,-99999.0,-99999.0,-99999.0,-99999.0,-99999.0,-99999.0,99999,99999,99999,99999,99999,-99999,-99999,-99999,-99999,-99999,2,3000000,3,1,50,99999,2000,10,1,0,8,32,V,0,1,1,18,0,8,1,0,Null
V2404-2405,20220913_0,V2404.XDCE,V2405.XDCE,V2405.XDCE,0,0,-99999.0,-99999.0,-99999.0,-99999.0,-99999.0,-99999.0,-99999.0,-99999.0,99999,99999,99999,99999,99999,-99999,-99999,-99999,-99999,-99999,2,3000000,3,1,50,99999,2000,10,1,1,8,32,V,0,1,1,18,0,30,3,0,Null
V2405-2406,20220913_0,V2405.XDCE,V2406.XDCE,V2405.XDCE,0,0,-99999.0,-99999.0,-99999.0,-99999.0,-99999.0,-99999.0,-99999.0,-99999.0,99999,99999,99999,99999,99999,-99999,-99999,-99999,-99999,-99999,2,3000000,3,1,50,99999,2000,10,1,0,8,32,V,0,1,1,18,0,30,1,0,Null
V2406-2407,20220913_0,V2406.XDCE,V2407.XDCE,V2407.XDCE,0,0,-99999.0,-99999.0,-99999.0,-99999.0,-99999.0,-99999.0,-99999.0,-99999.0,99999,99999,99999,99999,99999,-99999,-99999,-99999,-99999,-99999,2,3000000,3,1,50,99999,2000,10,1,0,8,32,V,0,1,1,18,0,30,1,0,Null
Y2311-2312,20221017_0,Y2311.XDCE,Y2312.XDCE,Y2312.XDCE,0,0,-40.0,-42.0,-60.0,-99999.0,-99999.0,-99999.0,-99999.0,-99999.0,99999,99999,99999,99999,99999,-99999,-99999,-99999,-99999,-99999,2,3000000,3,1,50,99999,2000,40,1,0,3,32,Y,0,1,1,14,0,100,3,0,Null
Y2312-2401,20221017_0,Y2312.XDCE,Y2401.XDCE,Y2401.XDCE,0,0,-99999.0,-99999.0,-99999.0,-99999.0,-99999.0,-99999.0,-99999.0,-99999.0,99999,99999,99999,99999,99999,-99999,-99999,-99999,-99999,-99999,2,3000000,3,1,50,99999,2000,40,1,1,3,32,Y,0,1,1,14,0,18,2,0,Null
Y2401-2403,20230822_0,Y2401.XDCE,Y2403.XDCE,Y2401.XDCE,0,0,-99999.0,-99999.0,-99999.0,-99999.0,-99999.0,-99999.0,-99999.0,-99999.0,99999,99999,99999,99999,99999,-99999,-99999,-99999,-99999,-99999,2,3000000,3,1,50,99999,2000,40,1,1,5,32,Y,0,1,1,12,0,100,2,0,Null
Y2405-2407,20230811_0,Y2405.XDCE,Y2407.XDCE,Y2405.XDCE,0,0,10.0,-30.0,-32.0,-99999.0,-99999.0,-99999.0,-99999.0,-99999.0,99999,99999,99999,99999,99999,-99999,-99999,-99999,-99999,-99999,2,3000000,3,1,50,99999,2000,40,1,1,5,32,Y,0,1,1,12,0,30,2,0,Null
Y2407-2408,20230817_1,Y2407.XDCE,Y2408.XDCE,Y2407.XDCE,0,0,-15.0,-20.0,-30.0,-40.0,-99999.0,-99999.0,-99999.0,-99999.0,99999,99999,99999,99999,99999,-99999,-99999,-99999,-99999,-99999,2,3000000,3,1,50,99999,2000,40,1,1,5,32,Y,0,1,1,10,0,50,2,0,Null
Y2408-2409,20230817_1,Y2408.XDCE,Y2409.XDCE,Y2409.XDCE,0,0,-15.0,-20.0,-30.0,-40.0,-99999.0,-99999.0,-99999.0,-99999.0,99999,99999,99999,99999,99999,-99999,-99999,-99999,-99999,-99999,2,3000000,3,1,50,99999,2000,40,1,1,5,32,Y,0,1,1,10,0,60,2,0,Null
