,trade_day,date_section,vot
0,20230824,20230726_2,9852.57017304963
1,20230824,20230727_0,5833.245092283936
2,20230824,20230727_1,3875.8692288286243
3,20230824,20230727_2,9116.891647369028
4,20230824,20230728_0,5425.163630207236
5,20230824,20230728_1,3741.529218745916
6,20230824,20230728_2,9217.232171223333
7,20230824,20230731_0,5739.857720317795
8,20230824,20230731_1,3684.824764942838
9,20230824,20230731_2,9217.185051232822
10,20230824,20230801_0,5636.263846086078
11,20230824,20230801_1,3651.497454555442
12,20230824,20230801_2,9060.890747924843
13,20230824,20230802_0,5512.93359888667
14,20230824,20230802_1,3780.3231849953863
15,20230824,20230802_2,9309.704795078647
16,20230824,20230803_0,5697.046593522562
17,20230824,20230803_1,3780.691284338208
18,20230824,20230803_2,8629.351675131169
19,20230824,20230804_0,5735.159637924273
20,20230824,20230804_1,3702.722048064099
21,20230824,20230804_2,9984.952919845424
22,20230824,20230807_0,5668.494450920205
23,20230824,20230807_1,3680.0460789995204
24,20230824,20230807_2,9027.897608461222
25,20230824,20230808_0,12121.962509976305
26,20230824,20230808_1,14103.42359219137
27,20230824,20230808_2,8915.192187415594
28,20230824,20230809_0,5179.493048116391
29,20230824,20230809_1,3513.8856955512
30,20230824,20230809_2,9322.52715654559
31,20230824,20230810_0,5530.12071353299
32,20230824,20230810_1,3597.7008572139134
33,20230824,20230810_2,9176.14319853608
34,20230824,20230811_0,5628.939858368375
35,20230824,20230811_1,3715.9166522969344
36,20230824,20230811_2,9701.349553515522
37,20230824,20230814_0,5780.126599526854
38,20230824,20230814_1,3619.662916134513
39,20230824,20230814_2,9183.09187512515
40,20230824,20230815_0,22549.02301113008
41,20230824,20230815_1,4084.111817417321
42,20230824,20230815_2,9541.378413714563
43,20230824,20230816_0,5739.103632740962
44,20230824,20230816_1,3782.52508022707
45,20230824,20230816_2,9559.33672190314
46,20230824,20230817_0,5692.259224028226
47,20230824,20230817_1,3872.197739532363
48,20230824,20230817_2,9430.564019192241
49,20230824,20230818_0,12226.291118480969
50,20230824,20230818_1,14956.8910647054
51,20230824,20230818_2,8177.336541335202
52,20230824,20230821_0,5754.154165215447
53,20230824,20230821_1,3707.4902834394193
54,20230824,20230821_2,9761.70792438203
55,20230824,20230822_1,3850.23363207292
56,20230824,20230822_2,7155.866058937834
57,20230824,20230823_0,5078.513225035901
58,20230824,20230823_1,3349.9038931178934
59,20230824,20230823_2,7346.219659660991
60,20230824,20230824_0,4999.788787120237
61,20230824,20230824_1,3307.8489711334137
62,20230825,20230727_2,8616.206771277975
63,20230825,20230728_0,5127.222458475983
64,20230825,20230728_1,3536.050513312419
65,20230825,20230728_2,8711.322419966857
66,20230825,20230731_0,5424.634060474593
67,20230825,20230731_1,3482.4601759784555
68,20230825,20230731_2,8710.992224358919
69,20230825,20230801_0,5326.729393495708
70,20230825,20230801_1,3450.9631473271133
71,20230825,20230801_2,8563.281350240653
72,20230825,20230802_0,5210.172243084736
73,20230825,20230802_1,3572.7139779681465
74,20230825,20230802_2,8798.430934199389
75,20230825,20230803_0,5384.174051203168
76,20230825,20230803_1,3573.0618618931508
77,20230825,20230803_2,8155.441702157429
78,20230825,20230804_0,5420.193989132649
79,20230825,20230804_1,3499.3745693903143
80,20230825,20230804_2,9436.595529101342
81,20230825,20230807_0,5357.189945880833
82,20230825,20230807_1,3477.9439277027063
83,20230825,20230807_2,8532.100140388917
84,20230825,20230808_0,11456.244024768755
85,20230825,20230808_1,13328.886483838902
86,20230825,20230808_2,8425.584317942643
87,20230825,20230809_0,4895.043705586473
88,20230825,20230809_1,3320.9088025349397
89,20230825,20230809_2,8810.549112408418
90,20230825,20230810_0,5226.415469320411
91,20230825,20230810_1,3400.1209717025345
92,20230825,20230810_2,8672.204323527223
93,20230825,20230811_0,5319.807627283401
94,20230825,20230811_1,3511.8445473973575
95,20230825,20230811_2,9168.567198849758
96,20230825,20230814_0,5462.691438266616
97,20230825,20230814_1,3420.8769100313048
98,20230825,20230814_2,8678.771390088275
99,20230825,20230815_0,21310.667305152154
100,20230825,20230815_1,3859.819032295135
101,20230825,20230815_2,9017.38141412456
102,20230825,20230816_0,5423.921386162234
103,20230825,20230816_1,3574.7949486913594
104,20230825,20230816_2,9034.353481206193
105,20230825,20230817_0,5379.649596262912
106,20230825,20230817_1,3659.5429312483025
107,20230825,20230817_2,8912.652766097484
108,20230825,20230818_0,11554.843075608118
109,20230825,20230818_1,14135.48290948174
110,20230825,20230818_2,7728.250505072527
111,20230825,20230821_0,5438.145367847419
112,20230825,20230821_1,3503.88094102628
113,20230825,20230821_2,9225.610786058935
114,20230825,20230822_1,3638.785056883113
115,20230825,20230822_2,6762.877521876806
116,20230825,20230823_0,4799.609530316917
117,20230825,20230823_1,3165.9326142526133
118,20230825,20230823_2,6942.777212135967
119,20230825,20230824_0,4725.208510619623
120,20230825,20230824_1,3126.1872802524217
121,20230825,20230824_2,6750.076799555253
122,20230825,20230825_0,4901.986427481923
123,20230825,20230825_1,3059.7636361474247
124,20230828,20230728_2,9666.997033368536
125,20230828,20230731_0,6019.7429094717545
126,20230828,20230731_1,3864.5030647523527
127,20230828,20230731_2,9666.630613689815
128,20230828,20230801_0,5911.097622383251
129,20230828,20230801_1,3829.550658234307
130,20230828,20230801_2,9502.715135297616
131,20230828,20230802_0,5781.753583336072
132,20230828,20230802_1,3964.658149597427
133,20230828,20230802_2,9763.661777028687
134,20230828,20230803_0,5974.844239586635
135,20230828,20230803_1,3965.0441980879823
136,20230828,20230803_2,9050.133486032293
137,20230828,20230804_0,6014.815740619395
138,20230828,20230804_1,3883.273049727182
139,20230828,20230804_2,10471.83614462849
140,20230828,20230807_0,5944.899846126783
141,20230828,20230807_1,3859.491361984521
142,20230828,20230807_2,9468.113194443873
143,20230828,20230808_0,12713.049943731383
144,20230828,20230808_1,14791.13042608138
145,20230828,20230808_2,9349.912066078468
146,20230828,20230809_0,5432.053906264877
147,20230828,20230809_1,3685.2287166653696
148,20230828,20230809_2,9777.109378569416
149,20230828,20230810_0,5799.778770817677
150,20230828,20230810_1,3773.1308476431755
151,20230828,20230810_2,9623.587490706424
152,20230828,20230811_0,5903.416504613269
153,20230828,20230811_1,3897.1110452218672
154,20230828,20230811_2,10174.40379756463
155,20230828,20230814_0,6061.975367470327
156,20230828,20230814_1,3796.163813773451
157,20230828,20230814_2,9630.874996541143
158,20230828,20230815_0,23648.551584524354
159,20230828,20230815_1,4283.260030533739
160,20230828,20230815_2,10006.632193901321
161,20230828,20230816_0,6018.952051306805
162,20230828,20230816_1,3966.967412971919
163,20230828,20230816_2,10025.466179629162
164,20230828,20230817_0,5969.823429843122
165,20230828,20230817_1,4061.0126631034204
166,20230828,20230817_2,9890.414301717014
167,20230828,20230818_0,12822.465791981056
168,20230828,20230818_1,15686.214418833499
169,20230828,20230818_2,8576.077328331656
170,20230828,20230821_0,6034.736473249242
171,20230828,20230821_1,3888.273792339611
172,20230828,20230821_2,10237.70534487734
173,20230828,20230822_1,4037.977548544076
174,20230828,20230822_2,7504.7982142379
175,20230828,20230823_0,5326.150135891482
176,20230828,20230823_1,3513.250883663327
177,20230828,20230823_2,7704.433779103818
178,20230828,20230824_0,5243.586960977326
179,20230828,20230824_1,3469.1452924169917
180,20230828,20230824_2,7490.59319016213
181,20230828,20230825_0,5439.758278658784
182,20230828,20230825_1,3395.434650157125
183,20230828,20230825_2,8707.00088046266
184,20230828,20230828_0,5754.13380020505
185,20230828,20230828_1,3986.5579356555572
186,20230829,20230731_2,9563.525008702785
187,20230829,20230801_0,5848.057281939505
188,20230829,20230801_1,3788.6346732173574
189,20230829,20230801_2,9401.28862792426
190,20230829,20230802_0,5719.9762686599315
191,20230829,20230802_1,3922.268641631737
192,20230829,20230802_2,9659.408329016336
193,20230829,20230803_0,5911.142224553317
194,20230829,20230803_1,3922.6936437648533
195,20230829,20230803_2,8953.388793074937
196,20230829,20230804_0,5950.838112389279
197,20230829,20230804_1,3841.7022497340968
198,20230829,20230804_2,10359.861068488824
199,20230829,20230807_0,5881.47426642402
200,20230829,20230807_1,3818.2008345807362
201,20230829,20230807_2,9366.788995590112
202,20230829,20230808_0,12576.780022821853
203,20230829,20230808_1,14632.46922070899
204,20230829,20230808_2,9249.887520612609
205,20230829,20230809_0,5373.8989494789585
206,20230829,20230809_1,3645.8151652511356
207,20230829,20230809_2,9672.587294903593
208,20230829,20230810_0,5737.772240004594
209,20230829,20230810_1,3732.766990402733
210,20230829,20230810_2,9520.661660200303
211,20230829,20230811_0,5840.260331904309
212,20230829,20230811_1,3855.423816882044
213,20230829,20230811_2,10065.654418273642
214,20230829,20230814_0,5997.336488139119
215,20230829,20230814_1,3755.584163032414
216,20230829,20230814_2,9527.920025156145
217,20230829,20230815_0,23395.090121561585
218,20230829,20230815_1,4237.502770973635
219,20230829,20230815_2,9899.657387078998
220,20230829,20230816_0,5954.724414715039
221,20230829,20230816_1,3924.5513431489503
222,20230829,20230816_2,9918.306967644214
223,20230829,20230817_0,5906.031603481773
224,20230829,20230817_1,4017.6493974270147
225,20230829,20230817_2,9784.931331757358
226,20230829,20230818_0,12685.108329411372
227,20230829,20230818_1,15517.9332433811
228,20230829,20230818_2,8484.373625839096
229,20230829,20230821_0,5970.46931136075
230,20230829,20230821_1,3846.7288340786704
231,20230829,20230821_2,10128.203693527348
232,20230829,20230822_1,3994.834908149799
233,20230829,20230822_2,7424.77891481182
234,20230829,20230823_0,5269.426739117677
235,20230829,20230823_1,3475.7234512928158
236,20230829,20230823_2,7622.341133853722
237,20230829,20230824_0,5187.676937076572
238,20230829,20230824_1,3432.181658893811
239,20230829,20230824_2,7410.685532671898
240,20230829,20230825_0,5381.796302600789
241,20230829,20230825_1,3359.2471861326635
242,20230829,20230825_2,8614.276303500525
243,20230829,20230828_0,5693.119445211888
244,20230829,20230828_1,3944.3985524195095
245,20230829,20230828_2,7468.06569284024
246,20230829,20230829_0,5915.99974159939
247,20230829,20230829_1,3627.401363283765
248,20230830,20230801_2,8352.170666758588
249,20230830,20230802_0,5081.666748926304
250,20230830,20230802_1,3484.570690811707
251,20230830,20230802_2,8581.486159671513
252,20230830,20230803_0,5251.500538652538
253,20230830,20230803_1,3484.9484655628535
254,20230830,20230803_2,7954.252824681426
255,20230830,20230804_0,5286.767016083284
256,20230830,20230804_1,3412.9947574647367
257,20230830,20230804_2,9203.772558446442
258,20230830,20230807_0,5225.143115044504
259,20230830,20230807_1,3392.116005979862
260,20230830,20230807_2,8321.520007633937
261,20230830,20230808_0,11173.297324003277
262,20230830,20230808_1,12999.585187451954
263,20230830,20230808_2,8217.664018825526
264,20230830,20230809_0,4774.2088688634385
265,20230830,20230809_1,3238.9674480185004
266,20230830,20230809_2,8593.193857814797
267,20230830,20230810_0,5097.476808626891
268,20230830,20230810_1,3316.2160076461532
269,20230830,20230810_2,8458.221757527714
270,20230830,20230811_0,5188.527693496141
271,20230830,20230811_1,3425.185172800165
272,20230830,20230811_2,8942.397370370252
273,20230830,20230814_0,5328.076022228072
274,20230830,20230814_1,3336.487052839141
275,20230830,20230814_2,8464.670402790662
276,20230830,20230815_0,20784.358112514845
277,20230830,20230815_1,3764.6270064739556
278,20230830,20230815_2,8794.924581197485
279,20230830,20230816_0,5290.219293155909
280,20230830,20230816_1,3486.598684816456
281,20230830,20230816_2,8811.492959169798
282,20230830,20230817_0,5246.959720349447
283,20230830,20230817_1,3569.3078588356047
284,20230830,20230817_2,8693.001893350847
285,20230830,20230818_0,11269.537197447531
286,20230830,20230818_1,13786.237442393836
287,20230830,20230818_2,7537.576435894082
288,20230830,20230821_0,5304.207402786022
289,20230830,20230821_1,3417.4607454028023
290,20230830,20230821_2,8997.96638079776
291,20230830,20230822_1,3549.0391780039386
292,20230830,20230822_2,6596.226192658501
293,20230830,20230823_0,4681.396324892802
294,20230830,20230823_1,3087.857157998623
295,20230830,20230823_2,6771.7420730966805
296,20230830,20230824_0,4608.769152301368
297,20230830,20230824_1,3049.174618424409
298,20230830,20230824_2,6583.705522504847
299,20230830,20230825_0,4781.226271250862
300,20230830,20230825_1,2984.3792148761763
301,20230830,20230825_2,7652.984942430122
302,20230830,20230828_0,5057.809467926329
303,20230830,20230828_1,3504.2339299495943
304,20230830,20230828_2,6634.6831495562565
305,20230830,20230829_0,5255.818883554176
306,20230830,20230829_1,3222.6099761807113
307,20230830,20230829_2,7445.358401379421
308,20230830,20230830_0,4930.223809853546
309,20230830,20230830_1,3107.479641597953
310,20230831,20230802_2,8974.028646927687
311,20230831,20230803_0,5491.69997875219
312,20230831,20230803_1,3644.36628498623
313,20230831,20230803_2,8318.142110331175
314,20230831,20230804_0,5528.552971821149
315,20230831,20230804_1,3569.1457606495123
316,20230831,20230804_2,9624.826300248946
317,20230831,20230807_0,5464.149400269172
318,20230831,20230807_1,3547.3072064044413
319,20230831,20230807_2,8702.238697650311
320,20230831,20230808_0,11684.544343264099
321,20230831,20230808_1,13594.426355913247
322,20230831,20230808_2,8593.625147954464
323,20230831,20230809_0,4992.638174705634
324,20230831,20230809_1,3387.1481621444664
325,20230831,20230809_2,8986.309160958031
326,20230831,20230810_0,5330.671429603021
327,20230831,20230810_1,3467.9337193794872
328,20230831,20230810_2,8845.180804749403
329,20230831,20230811_0,5425.902528052423
330,20230831,20230811_1,3581.888432251324
331,20230831,20230811_2,9351.489745289029
332,20230831,20230814_0,5571.783786493627
333,20230831,20230814_1,3489.1247895353176
334,20230831,20230814_2,8851.908271318018
335,20230831,20230815_0,21735.36063550247
336,20230831,20230815_1,3936.843887915505
337,20230831,20230815_2,9197.264581011612
338,20230831,20230816_0,5532.1913351982585
339,20230831,20230816_1,3646.1036042274964
340,20230831,20230816_2,9214.592390051901
341,20230831,20230817_0,5486.9847814155755
342,20230831,20230817_1,3732.5822828387136
343,20230831,20230817_2,9090.629156181623
344,20230831,20230818_0,11785.169835950295
345,20230831,20230818_1,14417.075522801451
346,20230831,20230818_2,7882.407695468446
347,20230831,20230821_0,5546.800406853859
348,20230831,20230821_1,3573.7947676550384
349,20230831,20230821_2,9409.614775476799
350,20230831,20230822_1,3711.3942334499984
351,20230831,20230822_2,6897.926111300881
352,20230831,20230823_0,4895.497927132581
353,20230831,20230823_1,3229.1033363903484
354,20230831,20230823_2,7081.457448822748
355,20230831,20230824_0,4819.5558557134145
356,20230831,20230824_1,3188.631893846441
357,20230831,20230824_2,6884.836125724516
358,20230831,20230825_0,4999.89436694253
359,20230831,20230825_1,3120.8686571659655
360,20230831,20230825_2,8002.972554783458
361,20230831,20230828_0,5289.035485768221
362,20230831,20230828_1,3664.380305757117
363,20230831,20230828_2,6938.111563975117
364,20230831,20230829_0,5496.057619012502
365,20230831,20230829_1,3369.961084133214
366,20230831,20230829_2,7785.73944727001
367,20230831,20230830_0,5155.593734629743
368,20230831,20230830_1,3249.5912179305856
369,20230831,20230830_2,8160.149388568814
370,20230831,20230831_0,5318.996650422237
371,20230831,20230831_1,3496.6626786135535
372,20230901,20230803_2,8993.575407940527
373,20230901,20230804_0,5977.471578312288
374,20230901,20230804_1,3858.9604643163093
375,20230901,20230804_2,10406.36237893894
376,20230901,20230807_0,5907.838435525029
377,20230901,20230807_1,3835.3486190510657
378,20230901,20230807_2,9408.860645457313
379,20230901,20230808_0,12633.329566232516
380,20230901,20230808_1,14698.294034643779
381,20230901,20230808_2,9291.427673459819
382,20230901,20230809_0,5398.040489475356
383,20230901,20230809_1,3662.1846573501975
384,20230901,20230809_2,9715.997635789985
385,20230901,20230810_0,5763.522051101404
386,20230901,20230810_1,3749.530003369626
387,20230901,20230810_2,9563.409654372286
388,20230901,20230811_0,5866.485916556644
389,20230901,20230811_1,3872.737841094614
390,20230901,20230811_2,10110.830890516125
391,20230901,20230814_0,6024.212735958627
392,20230901,20230814_1,3772.441788825264
393,20230901,20230814_2,9570.683391354261
394,20230901,20230815_0,23500.272332614775
395,20230901,20230815_1,4256.5156865116605
396,20230901,20230815_2,9944.082639965287
397,20230901,20230816_0,5981.405376864837
398,20230901,20230816_1,3942.1672862569285
399,20230901,20230816_2,9962.817467429306
400,20230901,20230817_0,5932.528050054959
401,20230901,20230817_1,4035.6680352166104
402,20230901,20230817_2,9828.788416610392
403,20230901,20230818_0,12742.125850839207
404,20230901,20230818_1,15587.742329533989
405,20230901,20230818_2,8522.459350301211
406,20230901,20230821_0,5997.200705416807
407,20230901,20230821_1,3863.9869707791304
408,20230901,20230821_2,10173.675674260954
409,20230901,20230822_1,4012.759515814435
410,20230901,20230822_2,7458.037842769737
411,20230901,20230823_0,5293.012451951304
412,20230901,20230823_1,3491.306588738084
413,20230901,20230823_2,7656.471928390016
414,20230901,20230824_0,5210.903882888123
415,20230901,20230824_1,3447.5488642896526
416,20230901,20230824_2,7443.884950115538
417,20230901,20230825_0,5405.885884659935
418,20230901,20230825_1,3374.283251501545
419,20230901,20230825_2,8652.814078486317
420,20230901,20230828_0,5718.505267835106
421,20230901,20230828_1,3961.9280562984636
422,20230901,20230828_2,7501.486354965638
423,20230901,20230829_0,5942.337602237363
424,20230901,20230829_1,3643.6019882774517
425,20230901,20230829_2,8417.941638509974
426,20230901,20230830_0,5574.22804396549
427,20230901,20230830_1,3513.458086649165
428,20230901,20230830_2,8822.753674165291
429,20230901,20230831_0,5750.89927962903
430,20230901,20230831_1,3780.5917546400588
431,20230901,20230831_2,9158.362498398848
432,20230901,20230901_0,5883.038431319719
433,20230901,20230901_1,3825.7286184100767
434,20230904,20230804_2,10222.087515828696
435,20230904,20230807_0,5803.223001299221
436,20230904,20230807_1,3767.432634961747
437,20230904,20230807_2,9242.249447006832
438,20230904,20230808_0,12409.619782575966
439,20230904,20230808_1,14438.018058989712
440,20230904,20230808_2,9126.895966771344
441,20230904,20230809_0,5302.452508196247
442,20230904,20230809_1,3597.335044022927
443,20230904,20230809_2,9543.947685085
444,20230904,20230810_0,5661.462157516584
445,20230904,20230810_1,3683.1336870644136
446,20230904,20230810_2,9394.061716951495
447,20230904,20230811_0,5762.60274875542
448,20230904,20230811_1,3804.15977226108
449,20230904,20230811_2,9931.78927054991
450,20230904,20230814_0,5917.536556824938
451,20230904,20230814_1,3705.6397528290877
452,20230904,20230814_2,9401.206651299286
453,20230904,20230815_0,23084.13177269055
454,20230904,20230815_1,4181.141716540559
455,20230904,20230815_2,9767.993781965764
456,20230904,20230816_0,5875.487226324607
457,20230904,20230816_1,3872.3597674929365
458,20230904,20230816_2,9786.396854908788
459,20230904,20230817_0,5827.475414512102
460,20230904,20230817_1,3964.2048141920363
461,20230904,20230817_2,9654.741177617827
462,20230904,20230818_0,12516.489513049448
463,20230904,20230818_1,15311.716089107647
464,20230904,20230818_2,8371.544460645071
465,20230904,20230821_0,5891.002852719309
466,20230904,20230821_1,3795.563861514633
467,20230904,20230821_2,9993.52120491471
468,20230904,20230822_1,3941.701956645865
469,20230904,20230822_2,7325.971626689384
470,20230904,20230823_0,5199.28429704886
471,20230904,20230823_1,3429.4828677981254
472,20230904,20230823_2,7520.891860626187
473,20230904,20230824_0,5118.629698621463
474,20230904,20230824_1,3386.500000921353
475,20230904,20230824_2,7312.069352095704
476,20230904,20230825_0,5310.158977878232
477,20230904,20230825_1,3314.5317685506852
478,20230904,20230825_2,8499.590879853671
479,20230904,20230828_0,5617.242527114273
480,20230904,20230828_1,3891.770615721089
481,20230904,20230828_2,7368.650756814423
482,20230904,20230829_0,5837.111260088898
483,20230904,20230829_1,3579.0814350650335
484,20230904,20230829_2,8268.877538431554
485,20230904,20230830_0,5475.520150434324
486,20230904,20230830_1,3451.2421091168826
487,20230904,20230830_2,8666.52120153368
488,20230904,20230831_0,5649.062908866157
489,20230904,20230831_1,3713.6453998338898
490,20230904,20230831_2,8996.187097019205
491,20230904,20230901_0,5778.862153180702
492,20230904,20230901_1,3757.9829843659213
493,20230904,20230901_2,10367.972368456903
494,20230904,20230904_0,5850.638641755263
495,20230904,20230904_1,3866.702094902113
496,20230905,20230807_2,9308.042388650763
497,20230905,20230808_0,12497.99809705489
498,20230905,20230808_1,14540.862337332497
499,20230905,20230808_2,9191.863193284753
500,20230905,20230809_0,5340.2022945320405
501,20230905,20230809_1,3622.9396082853286
502,20230905,20230809_2,9611.86812592149
503,20230905,20230810_0,5701.752410078284
504,20230905,20230810_1,3709.3509366103635
505,20230905,20230810_2,9460.925742060672
506,20230905,20230811_0,5803.621306549613
507,20230905,20230811_1,3831.238264981635
508,20230905,20230811_2,10002.4691165567
509,20230905,20230814_0,5959.622601477893
510,20230905,20230814_1,3732.0120477717087
511,20230905,20230814_2,9468.111731397004
512,20230905,20230815_0,23248.526056259856
513,20230905,20230815_1,4210.893126074929
514,20230905,20230815_2,9837.507056737059
515,20230905,20230816_0,5917.277009153382
516,20230905,20230816_1,3899.919515016247
517,20230905,20230816_2,9856.04066596233
518,20230905,20230817_0,5868.941653331334
519,20230905,20230817_1,3992.4083070184374
520,20230905,20230817_2,9723.411679144912
521,20230905,20230818_0,12605.61587113308
522,20230905,20230818_1,15420.785244966703
523,20230905,20230818_2,8431.125528535567
524,20230905,20230821_0,5932.885783787227
525,20230905,20230821_1,3822.5714452235566
526,20230905,20230821_2,10064.650939180408
527,20230905,20230822_1,3969.7499939805484
528,20230905,20230822_2,7378.06932645581
529,20230905,20230823_0,5236.247207088662
530,20230905,20230823_1,3453.881313087782
531,20230905,20230823_2,7574.368127509412
532,20230905,20230824_0,5155.026714058374
533,20230905,20230824_1,3410.5788969464916
534,20230905,20230824_2,7364.07341955265
535,20230905,20230825_0,5347.913284652207
536,20230905,20230825_1,3338.098483960652
537,20230905,20230825_2,8560.011621310081
538,20230905,20230828_0,5657.124454564033
539,20230905,20230828_1,3919.377226684256
540,20230905,20230828_2,7421.045166765941
541,20230905,20230829_0,5878.546880654089
542,20230905,20230829_1,3604.515922860123
543,20230905,20230829_2,8327.609345521734
544,20230905,20230830_0,5514.398516050647
545,20230905,20230830_1,3475.782711989515
546,20230905,20230830_2,8728.054441847284
547,20230905,20230831_0,5689.156804462052
548,20230905,20230831_1,3740.0217182527235
549,20230905,20230831_2,9060.059725874129
550,20230905,20230901_0,5819.836205029187
551,20230905,20230901_1,3784.643271702077
552,20230905,20230901_2,10441.491270504555
553,20230905,20230904_0,5892.042691846475
554,20230905,20230904_1,3894.1095480554036
555,20230905,20230904_2,9199.800322377167
556,20230905,20230905_0,5678.282313242809
557,20230905,20230905_1,3865.759153916947
558,20230906,20230808_2,10412.208153808575
559,20230906,20230809_0,6049.193894727235
560,20230906,20230809_1,4103.932112186849
561,20230906,20230809_2,10887.96029482979
562,20230906,20230810_0,6458.729773746336
563,20230906,20230810_1,4201.817761367076
564,20230906,20230810_2,10716.987399983074
565,20230906,20230811_0,6574.130770814816
566,20230906,20230811_1,4339.886725306877
567,20230906,20230811_2,11330.415527714726
568,20230906,20230814_0,6750.804857002369
569,20230906,20230814_1,4227.481798938449
570,20230906,20230814_2,10725.118066026078
571,20230906,20230815_0,26335.168258573965
572,20230906,20230815_1,4769.9348868487805
573,20230906,20230815_2,11143.554853630321
574,20230906,20230816_0,6702.845532963992
575,20230906,20230816_1,4417.682902645973
576,20230906,20230816_2,11164.5470110276
577,20230906,20230817_0,6648.109513474457
578,20230906,20230817_1,4522.439953686856
579,20230906,20230817_2,11014.269117512596
580,20230906,20230818_0,14279.216028571303
581,20230906,20230818_1,17468.188260685332
582,20230906,20230818_2,9550.463451353575
583,20230906,20230821_0,6720.504022155966
584,20230906,20230821_1,4330.059912833637
585,20230906,20230821_2,11400.865422136589
586,20230906,20230822_1,4496.777995259563
587,20230906,20230822_2,8357.558479942216
588,20230906,20230823_0,5931.383250808328
589,20230906,20230823_1,3912.41973341112
590,20230906,20230823_2,8579.909150850322
591,20230906,20230824_0,5839.391245923912
592,20230906,20230824_1,3863.352830069358
593,20230906,20230824_2,8341.712373472257
594,20230906,20230825_0,6057.87896511656
595,20230906,20230825_1,3781.251755716857
596,20230906,20230825_2,9696.393243877168
597,20230906,20230828_0,6408.085239242816
598,20230906,20230828_1,4439.641348261624
599,20230906,20230828_2,8406.242101705317
600,20230906,20230829_0,6658.906058658197
601,20230906,20230829_1,4083.029801944745
602,20230906,20230829_2,9433.103651151485
603,20230906,20230830_0,6246.427170356182
604,20230906,20230830_1,3937.2210263629286
605,20230906,20230830_2,9886.687772485766
606,20230906,20230831_0,6444.369635087436
607,20230906,20230831_1,4236.512215416984
608,20230906,20230831_2,10262.772343229779
609,20230906,20230901_0,6592.35973094649
610,20230906,20230901_1,4287.02701918457
611,20230906,20230901_2,11827.491820484272
612,20230906,20230904_0,6674.082684893008
613,20230906,20230904_1,4411.006675992512
614,20230906,20230904_2,10421.028608269944
615,20230906,20230905_0,6432.018075416831
616,20230906,20230905_1,4378.896697168908
617,20230906,20230905_2,10886.027687163225
618,20230906,20230906_0,6346.1113978685435
619,20230906,20230906_1,4377.97489684
620,20230907,20230809_2,11005.506005005353
621,20230907,20230810_0,6528.457799706126
622,20230907,20230810_1,4247.180312241064
623,20230907,20230810_2,10832.687297921879
624,20230907,20230811_0,6645.104658422524
625,20230907,20230811_1,4386.73985972269
626,20230907,20230811_2,11452.737955765999
627,20230907,20230814_0,6823.686106537215
628,20230907,20230814_1,4273.121417090479
629,20230907,20230814_2,10840.905742105906
630,20230907,20230815_0,26619.481019800416
631,20230907,20230815_1,4821.430793206197
632,20230907,20230815_2,11263.859946015009
633,20230907,20230816_0,6775.209016760262
634,20230907,20230816_1,4465.375919525227
635,20230907,20230816_2,11285.078733376264
636,20230907,20230817_0,6719.8820707694495
637,20230907,20230817_1,4571.2639208659875
638,20230907,20230817_2,11133.178449510948
639,20230907,20230818_0,14433.373514765086
640,20230907,20230818_1,17656.773683389132
641,20230907,20230818_2,9653.569632722383
642,20230907,20230821_0,6793.058145851399
643,20230907,20230821_1,4376.8069576220405
644,20230907,20230821_2,11523.948422659416
645,20230907,20230822_1,4545.324917606958
646,20230907,20230822_2,8447.786136937355
647,20230907,20230823_0,5995.418078054233
648,20230907,20230823_1,3954.6579620247085
649,20230907,20230823_2,8672.537291206181
650,20230907,20230824_0,5902.432933476816
651,20230907,20230824_1,3905.0613355903515
652,20230907,20230824_2,8431.768956934055
653,20230907,20230825_0,6123.279431855069
654,20230907,20230825_1,3822.073903386645
655,20230907,20230825_2,9801.074873781192
656,20230907,20230828_0,6477.266510106745
657,20230907,20230828_1,4487.571427089521
658,20230907,20230828_2,8496.995343910092
659,20230907,20230829_0,6730.79517475178
660,20230907,20230829_1,4127.109925745847
661,20230907,20230829_2,9534.942823761327
662,20230907,20230830_0,6313.863191237715
663,20230907,20230830_1,3979.7270081198376
664,20230907,20230830_2,9993.42380972616
665,20230907,20230831_0,6513.9426299255865
666,20230907,20230831_1,4282.249325357136
667,20230907,20230831_2,10373.568565000343
668,20230907,20230901_0,6663.530417220471
669,20230907,20230901_1,4333.309483656007
670,20230907,20230901_2,11955.18065181613
671,20230907,20230904_0,6746.135646854919
672,20230907,20230904_1,4458.627616763659
673,20230907,20230904_2,10533.533354370149
674,20230907,20230905_0,6501.457723621274
675,20230907,20230905_1,4426.170980700099
676,20230907,20230905_2,11003.552533032296
677,20230907,20230906_0,6414.62360317755
678,20230907,20230906_1,4425.239228674881
679,20230907,20230906_2,11041.77226883397
680,20230907,20230907_0,6823.029876895568
681,20230907,20230907_1,4437.448896077044
682,20230908,20230810_2,10806.135991157142
683,20230908,20230811_0,6628.817267545524
684,20230908,20230811_1,4375.987802314466
685,20230908,20230811_2,11424.666882504423
686,20230908,20230814_0,6806.961006098314
687,20230908,20230814_1,4262.647842577725
688,20230908,20230814_2,10814.33429163844
689,20230908,20230815_0,26554.235712977017
690,20230908,20230815_1,4809.613292662271
691,20230908,20230815_2,11236.251819558793
692,20230908,20230816_0,6758.602735414568
693,20230908,20230816_1,4454.431122301925
694,20230908,20230816_2,11257.418598907914
695,20230908,20230817_0,6703.411397761276
696,20230908,20230817_1,4560.059588337273
697,20230908,20230817_2,11105.890628109859
698,20230908,20230818_0,14397.996796384774
699,20230908,20230818_1,17613.496295087418
700,20230908,20230818_2,9629.908385827319
701,20230908,20230821_0,6776.40811564737
702,20230908,20230821_1,4366.079246114652
703,20230908,20230821_2,11495.702809978458
704,20230908,20230822_1,4534.184162509565
705,20230908,20230822_2,8427.08030882324
706,20230908,20230823_0,5980.723092387674
707,20230908,20230823_1,3944.9649529114968
708,20230908,20230823_2,8651.28058991733
709,20230908,20230824_0,5887.965857748977
710,20230908,20230824_1,3895.48988959502
711,20230908,20230824_2,8411.102387505072
712,20230908,20230825_0,6108.27105340473
713,20230908,20230825_1,3812.7058625768836
714,20230908,20230825_2,9777.052086227095
715,20230908,20230828_0,6461.390496576862
716,20230908,20230828_1,4476.572227877689
717,20230908,20230828_2,8476.168902257154
718,20230908,20230829_0,6714.297753332652
719,20230908,20230829_1,4116.99423065777
720,20230908,20230829_2,9511.572335448009
721,20230908,20230830_0,6298.387685128229
722,20230908,20230830_1,3969.9725538716502
723,20230908,20230830_2,9968.929568001582
724,20230908,20230831_0,6497.976721904939
725,20230908,20230831_1,4271.75337801243
726,20230908,20230831_2,10348.14257478763
727,20230908,20230901_0,6647.197864144954
728,20230908,20230901_1,4322.688386024104
729,20230908,20230901_2,11925.87807340836
730,20230908,20230904_0,6729.600625386098
731,20230908,20230904_1,4447.6993598735025
732,20230908,20230904_2,10507.715284696696
733,20230908,20230905_0,6485.52241655569
734,20230908,20230905_1,4415.322276194035
735,20230908,20230905_2,10976.582429421673
736,20230908,20230906_0,6398.9011296689705
737,20230908,20230906_1,4414.3928079265925
738,20230908,20230906_2,11014.708487274207
739,20230908,20230907_0,6806.306384899157
740,20230908,20230907_1,4426.572548994156
741,20230908,20230907_2,10455.214843486467
742,20230908,20230908_0,3711.504712184523
743,20230908,20230908_1,4326.066858020475
744,20230911,20230811_2,10815.861800935161
745,20230911,20230814_0,6444.227239488217
746,20230911,20230814_1,4035.4970911211813
747,20230911,20230814_2,10238.053010245407
748,20230911,20230815_0,25139.19632447587
749,20230911,20230815_1,4553.315490453269
750,20230911,20230815_2,10637.48712244408
751,20230911,20230816_0,6398.445915793905
752,20230911,20230816_1,4217.06049866382
753,20230911,20230816_2,10657.525952684424
754,20230911,20230817_0,6346.195650048223
755,20230911,20230817_1,4317.060166280619
756,20230911,20230817_2,10514.072702976311
757,20230911,20230818_0,13630.74697595627
758,20230911,20230818_1,16674.89684541139
759,20230911,20230818_2,9116.743562674685
760,20230911,20230821_0,6415.302471340921
761,20230911,20230821_1,4133.416774735354
762,20230911,20230821_2,10883.112319690941
763,20230911,20230822_1,4292.5636069786215
764,20230911,20230822_2,7978.012570781744
765,20230911,20230823_0,5662.018429262645
766,20230911,20230823_1,3734.743093959695
767,20230911,20230823_2,8190.265521435211
768,20230911,20230824_0,5574.204102489983
769,20230911,20230824_1,3687.904490005036
770,20230911,20230824_2,7962.8860913297995
771,20230911,20230825_0,5782.769531552039
772,20230911,20230825_1,3609.5319120768154
773,20230911,20230825_2,9256.04617383785
774,20230911,20230828_0,6117.071716101662
775,20230911,20230828_1,4238.021734600958
776,20230911,20230828_2,8024.485299312373
777,20230911,20230829_0,6356.501886421395
778,20230911,20230829_1,3897.6051636334937
779,20230911,20230829_2,9004.713480735829
780,20230911,20230830_0,5962.755104516937
781,20230911,20230830_1,3758.4180736102758
782,20230911,20230830_2,9437.698763530632
783,20230911,20230831_0,6151.708310851951
784,20230911,20230831_1,4044.117404859703
785,20230911,20230831_2,9796.704020900192
786,20230911,20230901_0,6292.977659783015
787,20230911,20230901_1,4092.338155026821
788,20230911,20230901_2,11290.364123816958
789,20230911,20230904_0,6370.989289073014
790,20230911,20230904_1,4210.687462771277
791,20230911,20230904_2,9947.773316427769
792,20230911,20230905_0,6139.917678628756
793,20230911,20230905_1,4180.035710191016
794,20230911,20230905_2,10391.655163705993
795,20230911,20230906_0,6057.912323232298
796,20230911,20230906_1,4179.155772033308
797,20230911,20230906_2,10427.749535383382
798,20230911,20230907_0,6443.607502169408
799,20230911,20230907_1,4190.686471134887
800,20230911,20230907_2,9898.07055288483
801,20230911,20230908_0,3513.723634426668
802,20230911,20230908_1,4095.5365928094607
803,20230911,20230908_2,9905.21325112712
804,20230911,20230911_0,6208.89037084839
805,20230911,20230911_1,4194.736112485693
806,20230912,20230814_2,10252.091464415238
807,20230912,20230815_0,25173.772383550586
808,20230912,20230815_1,4559.553612943927
809,20230912,20230815_2,10652.075197443806
810,20230912,20230816_0,6407.204167906562
811,20230912,20230816_1,4222.844763904982
812,20230912,20230816_2,10672.13787803681
813,20230912,20230817_0,6354.894189815012
814,20230912,20230817_1,4322.971896220815
815,20230912,20230817_2,10528.449226167715
816,20230912,20230818_0,13649.481758749955
817,20230912,20230818_1,16697.85667059541
818,20230912,20230818_2,9129.248307063113
819,20230912,20230821_0,6424.059737766325
820,20230912,20230821_1,4139.081228119189
821,20230912,20230821_2,10898.045014854102
822,20230912,20230822_1,4298.445383756811
823,20230912,20230822_2,7988.920240466914
824,20230912,20230823_0,5669.749412807768
825,20230912,20230823_1,3739.861238588495
826,20230912,20230823_2,8201.455296502534
827,20230912,20230824_0,5581.827892930615
828,20230912,20230824_1,3692.943164860554
829,20230912,20230824_2,7973.781813229358
830,20230912,20230825_0,5790.671964277078
831,20230912,20230825_1,3614.4667153290607
832,20230912,20230825_2,9268.68925653754
833,20230912,20230828_0,6125.387216206069
834,20230912,20230828_1,4243.773462726453
835,20230912,20230828_2,8035.465872559292
836,20230912,20230829_0,6365.157653316912
837,20230912,20230829_1,3902.9310295435334
838,20230912,20230829_2,9016.994785577775
839,20230912,20230830_0,5970.880754101893
840,20230912,20230830_1,3763.5656233316663
841,20230912,20230830_2,9450.555359723012
842,20230912,20230831_0,6160.080632643725
843,20230912,20230831_1,4049.63462770404
844,20230912,20230831_2,9810.060584737943
845,20230912,20230901_0,6301.514879283897
846,20230912,20230901_1,4097.896735930514
847,20230912,20230901_2,11305.677918124362
848,20230912,20230904_0,6379.585073903558
849,20230912,20230904_1,4216.396880592527
850,20230912,20230904_2,9961.309479133955
851,20230912,20230905_0,6148.253482222232
852,20230912,20230905_1,4185.711902997969
853,20230912,20230905_2,10405.770332842663
854,20230912,20230906_0,6066.120240289419
855,20230912,20230906_1,4184.857200642555
856,20230912,20230906_2,10441.861018364623
857,20230912,20230907_0,6452.29542638817
858,20230912,20230907_1,4196.367482607829
859,20230912,20230907_2,9911.499110241915
860,20230912,20230908_0,3518.4803678908347
861,20230912,20230908_1,4101.115815571985
862,20230912,20230908_2,9918.713758165206
863,20230912,20230911_0,6217.296426859866
864,20230912,20230911_1,4200.4201171011955
865,20230912,20230911_2,9854.701129242922
866,20230912,20230912_0,6113.511005001795
867,20230912,20230912_1,4379.2866659029905
868,20230913,20230815_2,11060.123592416809
869,20230913,20230816_0,6652.644547224011
870,20230913,20230816_1,4384.609020746228
871,20230913,20230816_2,11080.954812891769
872,20230913,20230817_0,6598.330733991826
873,20230913,20230817_1,4488.571717013444
874,20230913,20230817_2,10931.76188859836
875,20230913,20230818_0,14172.351624070445
876,20230913,20230818_1,17337.5004477592
877,20230913,20230818_2,9478.961865215711
878,20230913,20230821_0,6670.145802370457
879,20230913,20230821_1,4297.636760303399
880,20230913,20230821_2,11315.515760622202
881,20230913,20230822_1,4463.105668932227
882,20230913,20230822_2,8294.951320915176
883,20230913,20230823_0,5886.940157795234
884,20230913,20230823_1,3883.1238749801328
885,20230913,20230823_2,8515.627944380927
886,20230913,20230824_0,5795.65063361803
887,20230913,20230824_1,3834.4085134631887
888,20230913,20230824_2,8279.232986868645
889,20230913,20230825_0,6012.494882069232
890,20230913,20230825_1,3752.925871365369
891,20230913,20230825_2,9623.744370637865
892,20230913,20230828_0,6360.032050741299
893,20230913,20230828_1,4406.339433957119
894,20230913,20230828_2,8343.279973697536
895,20230913,20230829_0,6608.987359364177
896,20230913,20230829_1,4052.4403704724955
897,20230913,20230829_2,9362.4082549286
898,20230913,20230830_0,6199.606919015856
899,20230913,20230830_1,3907.7363021440524
900,20230913,20230830_2,9812.57720754698
901,20230913,20230831_0,6396.054465766659
902,20230913,20230831_1,4204.763734421036
903,20230913,20230831_2,10185.853977292176
904,20230913,20230901_0,6542.906625467526
905,20230913,20230901_1,4254.874616284083
906,20230913,20230901_2,11738.763832658593
907,20230913,20230904_0,6623.9674502713815
908,20230913,20230904_1,4377.914138760947
909,20230913,20230904_2,10342.896753861924
910,20230913,20230905_0,6383.774253415247
911,20230913,20230905_1,4346.053713600994
912,20230913,20230905_2,10804.383542388261
913,20230913,20230906_0,6298.494738392599
914,20230913,20230906_1,4345.166270214574
915,20230913,20230906_2,10841.856751599526
916,20230913,20230907_0,6699.46311379439
917,20230913,20230907_1,4357.117475849139
918,20230913,20230907_2,10291.178302206414
919,20230913,20230908_0,3653.262580769542
920,20230913,20230908_1,4258.217009013064
921,20230913,20230908_2,10298.669321207717
922,20230913,20230911_0,6455.462021922539
923,20230913,20230911_1,4361.325354364893
924,20230913,20230911_2,10232.204564413109
925,20230913,20230912_0,6347.7008982386915
926,20230913,20230912_1,4547.043733143485
927,20230913,20230912_2,9721.730417746605
928,20230913,20230913_0,6554.479607062337
929,20230913,20230913_1,4298.535668800937
930,20230914,20230816_2,10598.55923575099
931,20230914,20230817_0,6311.080617342442
932,20230914,20230817_1,4293.1673334988245
933,20230914,20230817_2,10455.861239740847
934,20230914,20230818_0,13555.375934107195
935,20230914,20230818_1,16582.73394289583
936,20230914,20230818_2,9066.307057315375
937,20230914,20230821_0,6379.769306095591
938,20230914,20230821_1,4110.544492503874
939,20230914,20230821_2,10822.90886454134
940,20230914,20230822_1,4268.809918127429
941,20230914,20230822_2,7933.840938518148
942,20230914,20230823_0,5630.659544529945
943,20230914,20230823_1,3714.076909767274
944,20230914,20230823_2,8144.910679821147
945,20230914,20230824_0,5543.344196174769
946,20230914,20230824_1,3667.4823108859873
947,20230914,20230824_2,7918.806882582313
948,20230914,20230825_0,5750.748400139951
949,20230914,20230825_1,3589.5469142038787
950,20230914,20230825_2,9204.786636550902
951,20230914,20230828_0,6083.155970696123
952,20230914,20230828_1,4214.514930544385
953,20230914,20230828_2,7980.065663548338
954,20230914,20230829_0,6321.273319791753
955,20230914,20230829_1,3876.0224223487176
956,20230914,20230829_2,8954.827463397041
957,20230914,20230830_0,5929.714747425622
958,20230914,20230830_1,3737.6178655456447
959,20230914,20230830_2,9385.398870914294
960,20230914,20230831_0,6117.610194714518
961,20230914,20230831_1,4021.7145782195485
962,20230914,20230831_2,9742.425501044718
963,20230914,20230901_0,6258.069328405492
964,20230914,20230901_1,4069.643945205445
965,20230914,20230901_2,11227.731358508756
966,20230914,20230904_0,6335.6012710845625
967,20230914,20230904_1,4187.327095198298
968,20230914,20230904_2,9892.631615781766
969,20230914,20230905_0,6105.864586124669
970,20230914,20230905_1,4156.853673996262
971,20230914,20230905_2,10334.028151306167
972,20230914,20230906_0,6024.297608655172
973,20230914,20230906_1,4156.004864353215
974,20230914,20230906_2,10369.870010991148
975,20230914,20230907_0,6407.810324853109
976,20230914,20230907_1,4167.435789124175
977,20230914,20230907_2,9843.164662553645
978,20230914,20230908_0,3494.2223409296666
979,20230914,20230908_1,4072.8408310266955
980,20230914,20230908_2,9850.329569365564
981,20230914,20230911_0,6174.431516847948
982,20230914,20230911_1,4171.4604828856
983,20230914,20230911_2,9786.75827304028
984,20230914,20230912_0,6071.361639571164
985,20230914,20230912_1,4349.093843177127
986,20230914,20230912_2,9298.506983045849
987,20230914,20230913_0,6269.138494649556
988,20230914,20230913_1,4111.404268138695
989,20230914,20230913_2,10090.781554725976
990,20230914,20230914_0,6125.046148379583
991,20230914,20230914_1,4122.355056832583
992,20230915,20230817_2,10788.776859900085
993,20230915,20230818_0,13986.980398064938
994,20230915,20230818_1,17110.729774894036
995,20230915,20230818_2,9354.979139636835
996,20230915,20230821_0,6582.901769917798
997,20230915,20230821_1,4241.424621604361
998,20230915,20230821_2,11167.511316118536
999,20230915,20230822_1,4404.729233490352
1000,20230915,20230822_2,8186.455191493542
1001,20230915,20230823_0,5809.94028202175
1002,20230915,20230823_1,3832.3334731802106
1003,20230915,20230823_2,8404.245413511766
1004,20230915,20230824_0,5719.844804638407
1005,20230915,20230824_1,3784.2552978218687
1006,20230915,20230824_2,8170.942449781316
1007,20230915,20230825_0,5933.852778260006
1008,20230915,20230825_1,3703.838430668426
1009,20230915,20230825_2,9497.867921896725
1010,20230915,20230828_0,6276.844237599698
1011,20230915,20230828_1,4348.705488318785
1012,20230915,20230828_2,8234.151716182056
1013,20230915,20230829_0,6522.543265825072
1014,20230915,20230829_1,3999.4353463441894
1015,20230915,20230829_2,9239.950024804491
1016,20230915,20230830_0,6118.517431130279
1017,20230915,20230830_1,3856.6239752381653
1018,20230915,20230830_2,9684.230867046415
1019,20230915,20230831_0,6312.395487400397
1020,20230915,20230831_1,4149.766354368081
1021,20230915,20230831_2,10052.625259167738
1022,20230915,20230901_0,6457.3268533185965
1023,20230915,20230901_1,4199.221796974922
1024,20230915,20230901_2,11585.22339694479
1025,20230915,20230904_0,6537.3274204550235
1026,20230915,20230904_1,4320.651989699487
1027,20230915,20230904_2,10207.613950939123
1028,20230915,20230905_0,6300.275897511621
1029,20230915,20230905_1,4289.208291856892
1030,20230915,20230905_2,10663.064594297484
1031,20230915,20230906_0,6216.1118196917905
1032,20230915,20230906_1,4288.33245603377
1033,20230915,20230906_2,10700.04766221688
1034,20230915,20230907_0,6611.8356173898055
1035,20230915,20230907_1,4300.127342540818
1036,20230915,20230907_2,10156.571965197301
1037,20230915,20230908_0,3605.478713879935
1038,20230915,20230908_1,4202.520471945948
1039,20230915,20230908_2,10163.96500332619
1040,20230915,20230911_0,6371.02600585564
1041,20230915,20230911_1,4304.280182935869
1042,20230915,20230911_2,10098.369590856362
1043,20230915,20230912_0,6264.674373845643
1044,20230915,20230912_1,4487.569406378836
1045,20230915,20230912_2,9594.572333172133
1046,20230915,20230913_0,6468.748462872713
1047,20230915,20230913_1,4242.311772577484
1048,20230915,20230913_2,10412.073002857918
1049,20230915,20230914_0,6320.068202540115
1050,20230915,20230914_1,4253.6112354289235
1051,20230915,20230914_2,9849.203574945534
1052,20230915,20230915_0,6142.087583777547
1053,20230915,20230915_1,4092.8324783405087
1054,20230918,20230818_2,9999.868463548622
1055,20230918,20230821_0,7036.704185195705
1056,20230918,20230821_1,4533.809823501026
1057,20230918,20230821_2,11937.347373448709
1058,20230918,20230822_1,4708.37213653233
1059,20230918,20230822_2,8750.797759413235
1060,20230918,20230823_0,6210.456888387425
1061,20230918,20230823_1,4096.517547209943
1062,20230918,20230823_2,8983.603123334044
1063,20230918,20230824_0,6114.148078535842
1064,20230918,20230824_1,4045.127873020038
1065,20230918,20230824_2,8734.213994500926
1066,20230918,20230825_0,6342.910203239734
1067,20230918,20230825_1,3959.1666628935945
1068,20230918,20230825_2,10152.616013972536
1069,20230918,20230828_0,6709.553466277994
1070,20230918,20230828_1,4648.4951098242755
1071,20230918,20230828_2,8801.780202241118
1072,20230918,20230829_0,6972.18710336626
1073,20230918,20230829_1,4275.141093097176
1074,20230918,20230829_2,9876.9206140143
1075,20230918,20230830_0,6540.308129300448
1076,20230918,20230830_1,4122.482829598944
1077,20230918,20230830_2,10351.831150398184
1078,20230918,20230831_0,6747.553240446483
1079,20230918,20230831_1,4435.836753998378
1080,20230918,20230831_2,10745.619223679974
1081,20230918,20230901_0,6902.480194904961
1082,20230918,20230901_1,4488.705548507278
1083,20230918,20230901_2,12383.882772099332
1084,20230918,20230904_0,6988.003075461254
1085,20230918,20230904_1,4618.50820676221
1086,20230918,20230904_2,10911.296651771345
1087,20230918,20230905_0,6734.601155260914
1088,20230918,20230905_1,4584.895106693076
1089,20230918,20230905_2,11398.146926389021
1090,20230918,20230906_0,6644.636851446598
1091,20230918,20230906_1,4583.954700090908
1092,20230918,20230906_2,11437.687892270043
1093,20230918,20230907_0,7067.647335056326
1094,20230918,20230907_1,4596.568368083373
1095,20230918,20230907_2,10856.74148674226
1096,20230918,20230908_0,3854.0330985692085
1097,20230918,20230908_1,4492.228480367693
1098,20230918,20230908_2,10864.634035293626
1099,20230918,20230911_0,6810.231289176481
1100,20230918,20230911_1,4601.007472273699
1101,20230918,20230911_2,10794.529429818389
1102,20230918,20230912_0,6696.549018778199
1103,20230918,20230912_1,4796.966221342039
1104,20230918,20230912_2,10255.998102182404
1105,20230918,20230913_0,6914.704628393181
1106,20230918,20230913_1,4534.766186570827
1107,20230918,20230913_2,11129.87317068881
1108,20230918,20230914_0,6755.771504319237
1109,20230918,20230914_1,4546.844228554568
1110,20230918,20230914_2,10528.185543846064
1111,20230918,20230915_0,6565.516258807517
1112,20230918,20230915_1,4374.981727114941
1113,20230918,20230915_2,10503.557582388561
1114,20230918,20230918_0,6890.118846995393
1115,20230918,20230918_1,4423.324656597964
1116,20230919,20230821_2,12510.139006077463
1117,20230919,20230822_1,4934.294703643564
1118,20230919,20230822_2,9170.68867643279
1119,20230919,20230823_0,6508.45422642101
1120,20230919,20230823_1,4293.081398503887
1121,20230919,20230823_2,9414.664777060274
1122,20230919,20230824_0,6407.524215668956
1123,20230919,20230824_1,4239.225885425439
1124,20230919,20230824_2,9153.309170098028
1125,20230919,20230825_0,6647.2630696908045
1126,20230919,20230825_1,4149.139984917564
1127,20230919,20230825_2,10639.770598669531
1128,20230919,20230828_0,7031.499034579655
1129,20230919,20230828_1,4871.544588064749
1130,20230919,20230828_2,9224.117417902173
1131,20230919,20230829_0,7306.734663137619
1132,20230919,20230829_1,4480.2758663282875
1133,20230919,20230829_2,10350.846462601834
1134,20230919,20230830_0,6854.13277175071
1135,20230919,20230830_1,4320.292577156603
1136,20230919,20230830_2,10848.544706587574
1137,20230919,20230831_0,7071.322157939934
1138,20230919,20230831_1,4648.682212617492
1139,20230919,20230831_2,11261.22797545582
1140,20230919,20230901_0,7233.682997030089
1141,20230919,20230901_1,4704.087818879832
1142,20230919,20230901_2,12978.100583594967
1143,20230919,20230904_0,7323.309535530518
1144,20230919,20230904_1,4840.1188186762665
1145,20230919,20230904_2,11434.855129860533
1146,20230919,20230905_0,7057.74859079633
1147,20230919,20230905_1,4804.892855894505
1148,20230919,20230905_2,11945.066018433723
1149,20230919,20230906_0,6963.467515521152
1150,20230919,20230906_1,4803.90732561317
1151,20230919,20230906_2,11986.504284752957
1152,20230919,20230907_0,7406.775378267623
1153,20230919,20230907_1,4817.12623723781
1154,20230919,20230907_2,11377.682235693828
1155,20230919,20230908_0,4038.9617800989768
1156,20230919,20230908_1,4707.7797921385445
1157,20230919,20230908_2,11385.953493654324
1158,20230919,20230911_0,7137.007697424695
1159,20230919,20230911_1,4821.7783436686705
1160,20230919,20230911_2,11312.48504777395
1161,20230919,20230912_0,7017.870592612596
1162,20230919,20230912_1,5027.139812478283
1163,20230919,20230912_2,10748.113286017362
1164,20230919,20230913_0,7246.493997449523
1165,20230919,20230913_1,4752.358591846134
1166,20230919,20230913_2,11663.919640557771
1167,20230919,20230914_0,7079.934760071748
1168,20230919,20230914_1,4765.016176434307
1169,20230919,20230914_2,11033.361140871171
1170,20230919,20230915_0,6880.550466934656
1171,20230919,20230915_1,4584.90716932574
1172,20230919,20230915_2,11007.551452032343
1173,20230919,20230918_0,7220.728512602909
1174,20230919,20230918_1,4635.569745262734
1175,20230919,20230918_2,10484.169480584464
1176,20230919,20230919_0,7162.076011182778
1177,20230919,20230919_1,4676.431751515033
1178,20230920,20230822_2,9618.203228272092
1179,20230920,20230823_0,6826.057944588942
1180,20230920,20230823_1,4502.574517521354
1181,20230920,20230823_2,9874.086479847885
1182,20230920,20230824_0,6720.200245424869
1183,20230920,20230824_1,4446.093795646893
1184,20230920,20230824_2,9599.973986872077
1185,20230920,20230825_0,6971.639210640404
1186,20230920,20230825_1,4351.611171005858
1187,20230920,20230825_2,11158.975890478298
1188,20230920,20230828_0,7374.632924440523
1189,20230920,20230828_1,5109.275123248165
1190,20230920,20230828_2,9674.237213438582
1191,20230920,20230829_0,7663.29683195812
1192,20230920,20230829_1,4698.906254000488
1193,20230920,20230829_2,10855.95545631698
1194,20230920,20230830_0,7188.607403293841
1195,20230920,20230830_1,4531.113932884263
1196,20230920,20230830_2,11377.943407054034
1197,20230920,20230831_0,7416.397249777358
1198,20230920,20230831_1,4875.53206351395
1199,20230920,20230831_2,11810.763032096065
1200,20230920,20230901_0,7586.685873646338
1201,20230920,20230901_1,4933.645657047236
1202,20230920,20230901_2,13611.430956724957
1203,20230920,20230904_0,7680.694031521045
1204,20230920,20230904_1,5076.316466332211
1205,20230920,20230904_2,11992.867551486948
1206,20230920,20230905_0,7402.164592970919
1207,20230920,20230905_1,5039.369783308227
1208,20230920,20230905_2,12527.97941314853
1209,20230920,20230906_0,7303.284879893803
1210,20230920,20230906_1,5038.331683833262
1211,20230920,20230906_2,12571.448747617309
1212,20230920,20230907_0,7768.23311138513
1213,20230920,20230907_1,5052.201732146811
1214,20230920,20230907_2,11932.9108405166
1215,20230920,20230908_0,4236.063889119619
1216,20230920,20230908_1,4937.514655180781
1217,20230920,20230908_2,11941.575032522871
1218,20230920,20230911_0,7485.294774213691
1219,20230920,20230911_1,5057.081006473957
1220,20230920,20230911_2,11864.53520155524
1221,20230920,20230912_0,7360.345053829033
1222,20230920,20230912_1,5272.501194075764
1223,20230920,20230912_2,11272.618749639094
1224,20230920,20230913_0,7600.139190510207
1225,20230920,20230913_1,4984.272583905812
1226,20230920,20230913_2,12233.13570631606
1227,20230920,20230914_0,7425.4485310986665
1228,20230920,20230914_1,4997.547448573591
1229,20230920,20230914_2,11571.789264928979
1230,20230920,20230915_0,7216.328722638827
1231,20230920,20230915_1,4808.649080151368
1232,20230920,20230915_2,11544.72043431745
1233,20230920,20230918_0,7573.120564954859
1234,20230920,20230918_1,4861.783676845176
1235,20230920,20230918_2,10995.79904514205
1236,20230920,20230919_0,7511.60313072127
1237,20230920,20230919_1,4904.642374829576
1238,20230920,20230919_2,11411.454624014941
1239,20230920,20230920_0,7654.150028183358
1240,20230920,20230920_1,4771.215495214557
1241,20230921,20230823_2,11816.633158531477
1242,20230921,20230824_0,8042.275413053835
1243,20230921,20230824_1,5320.781735337948
1244,20230921,20230824_2,11488.590412651567
1245,20230921,20230825_0,8343.181796287463
1246,20230921,20230825_1,5207.710645337467
1247,20230921,20230825_2,13354.301622576839
1248,20230921,20230828_0,8825.466396442276
1249,20230921,20230828_1,6114.439879059363
1250,20230921,20230828_2,11577.463300147268
1251,20230921,20230829_0,9170.916618377003
1252,20230921,20230829_1,5623.3301432126955
1253,20230921,20230829_2,12991.671079404852
1254,20230921,20230830_0,8602.839096424306
1255,20230921,20230830_1,5422.525232175669
1256,20230921,20230830_2,13616.35404431587
1257,20230921,20230831_0,8875.444834936148
1258,20230921,20230831_1,5834.705692314672
1259,20230921,20230831_2,14134.320875641022
1260,20230921,20230901_0,9079.240523592201
1261,20230921,20230901_1,5904.2572524136185
1262,20230921,20230901_2,16289.254999828074
1263,20230921,20230904_0,9191.753003985748
1264,20230921,20230904_1,6074.998127019498
1265,20230921,20230904_2,14352.256756829318
1266,20230921,20230905_0,8858.416310253828
1267,20230921,20230905_1,6030.780898189213
1268,20230921,20230905_2,14992.647179990498
1269,20230921,20230906_0,8740.086790269235
1270,20230921,20230906_1,6029.533064017393
1271,20230921,20230906_2,15044.679294278825
1272,20230921,20230907_0,9296.514692210669
1273,20230921,20230907_1,6046.139281364696
1274,20230921,20230907_2,14280.512568784825
1275,20230921,20230908_0,5069.44105928451
1276,20230921,20230908_1,5908.883796276757
1277,20230921,20230908_2,14290.868261381851
1278,20230921,20230911_0,8957.905416878388
1279,20230921,20230911_1,6051.978842491881
1280,20230921,20230911_2,14198.689446655226
1281,20230921,20230912_0,8808.375702780444
1282,20230921,20230912_1,6309.82607285835
1283,20230921,20230912_2,13490.319329974212
1284,20230921,20230913_0,9095.362446047402
1285,20230921,20230913_1,5964.845329545816
1286,20230921,20230913_2,14639.82639407257
1287,20230921,20230914_0,8886.300232857242
1288,20230921,20230914_1,5980.731295738747
1289,20230921,20230914_2,13848.349810600934
1290,20230921,20230915_0,8636.032465033208
1291,20230921,20230915_1,5754.670185753996
1292,20230921,20230915_2,13815.956120493642
1293,20230921,20230918_0,9063.033679289372
1294,20230921,20230918_1,5818.257683422418
1295,20230921,20230918_2,13159.045100865445
1296,20230921,20230919_0,8989.410225075446
1297,20230921,20230919_1,5869.551253512028
1298,20230921,20230919_2,13656.468676714387
1299,20230921,20230920_0,9159.987885123859
1300,20230921,20230920_1,5709.867743136292
1301,20230921,20230920_2,14282.401842048062
1302,20230921,20230921_0,9149.783938429498
1303,20230921,20230921_1,5999.104248988306
1304,20230922,20230824_2,13145.34505110887
1305,20230922,20230825_0,9546.343740344892
1306,20230922,20230825_1,5958.708860677238
1307,20230922,20230825_2,15280.113627875155
1308,20230922,20230828_0,10098.18922181398
1309,20230922,20230828_1,6996.207270984294
1310,20230922,20230828_2,13247.03407240214
1311,20230922,20230829_0,10493.453246489438
1312,20230922,20230829_1,6434.265115252898
1313,20230922,20230829_2,14865.193198213368
1314,20230922,20230830_0,9843.451778898961
1315,20230922,20230830_1,6204.499323038142
1316,20230922,20230830_2,15579.965229928659
1317,20230922,20230831_0,10155.372651723537
1318,20230922,20230831_1,6676.125171110317
1319,20230922,20230831_2,16172.625220619211
1320,20230922,20230901_0,10388.564651256487
1321,20230922,20230901_1,6755.71291166232
1322,20230922,20230901_2,18638.34154050298
1323,20230922,20230904_0,10517.314694522644
1324,20230922,20230904_1,6951.0789419715165
1325,20230922,20230904_2,16421.996213038772
1326,20230922,20230905_0,10135.893661160331
1327,20230922,20230905_1,6900.483023611672
1328,20230922,20230905_2,17154.74387134669
1329,20230922,20230906_0,10000.504015168022
1330,20230922,20230906_1,6899.048519779407
1331,20230922,20230906_2,17214.292899016
1332,20230922,20230907_0,10637.185819083863
1333,20230922,20230907_1,6918.058679635038
1334,20230922,20230907_2,16339.915983405379
1335,20230922,20230908_0,5800.511588463431
1336,20230922,20230908_1,6761.0025470983
1337,20230922,20230908_2,16351.7493072781
1338,20230922,20230911_0,10249.736149401038
1339,20230922,20230911_1,6924.741045261306
1340,20230922,20230911_2,16246.298824027603
1341,20230922,20230912_0,10078.645139996535
1342,20230922,20230912_1,7219.830973306533
1343,20230922,20230912_2,15435.769666727785
1344,20230922,20230913_0,10407.039257519105
1345,20230922,20230913_1,6825.040414987053
1346,20230922,20230913_2,16751.078368859624
1347,20230922,20230914_0,10167.82313978129
1348,20230922,20230914_1,6843.216679690058
1349,20230922,20230914_2,15845.43574280005
1350,20230922,20230915_0,9881.455107063157
1351,20230922,20230915_1,6584.554929530261
1352,20230922,20230915_2,15808.371154406861
1353,20230922,20230918_0,10370.055013308254
1354,20230922,20230918_1,6657.311789598115
1355,20230922,20230918_2,15056.727947532749
1356,20230922,20230919_0,10285.80979862352
1357,20230922,20230919_1,6716.006150926407
1358,20230922,20230919_2,15625.87829244362
1359,20230922,20230920_0,10480.970063914436
1360,20230922,20230920_1,6533.285880048059
1361,20230922,20230920_2,16342.092518901853
1362,20230922,20230921_0,10469.324943064556
1363,20230922,20230921_1,6864.243406036375
1364,20230922,20230921_2,15624.887997857237
1365,20230922,20230922_0,10381.256225667665
1366,20230922,20230922_1,6963.134596198014
1367,20230925,20230825_2,16467.891276999544
1368,20230925,20230828_0,10883.157978476142
1369,20230925,20230828_1,7540.047890934412
1370,20230925,20230828_2,14276.772945896637
1371,20230925,20230829_0,11309.147118886465
1372,20230925,20230829_1,6934.423435035039
1373,20230925,20230829_2,16020.717870471133
1374,20230925,20230830_0,10608.618612493512
1375,20230925,20230830_1,6686.7969692095185
1376,20230925,20230830_2,16791.051899499
1377,20230925,20230831_0,10944.786363367746
1378,20230925,20230831_1,7195.084255524178
1379,20230925,20230831_2,17429.781340745292
1380,20230925,20230901_0,11196.105592962414
1381,20230925,20230901_1,7280.858969425653
1382,20230925,20230901_2,20087.167707111446
1383,20230925,20230904_0,11334.864504197005
1384,20230925,20230904_1,7491.411650484991
1385,20230925,20230904_2,17698.537194757882
1386,20230925,20230905_0,10923.793488358862
1387,20230925,20230905_1,7436.882620066762
1388,20230925,20230905_2,18488.244351195357
1389,20230925,20230906_0,10777.879756832765
1390,20230925,20230906_1,7435.3362418122315
1391,20230925,20230906_2,18552.423066783882
1392,20230925,20230907_0,11464.053760901248
1393,20230925,20230907_1,7455.824629121301
1394,20230925,20230907_2,17610.077140522226
1395,20230925,20230908_0,6251.406618617854
1396,20230925,20230908_1,7286.559573035897
1397,20230925,20230908_2,17622.829457868735
1398,20230925,20230911_0,11046.485709065875
1399,20230925,20230911_1,7463.026482432722
1400,20230925,20230911_2,17509.183105164877
1401,20230925,20230912_0,10862.095317789448
1402,20230925,20230912_1,7781.058038052247
1403,20230925,20230912_2,16635.648333497265
1404,20230925,20230913_0,11216.017834938673
1405,20230925,20230913_1,7355.575675956394
1406,20230925,20230913_2,18053.202439111526
1407,20230925,20230914_0,10958.206314254872
1408,20230925,20230914_1,7375.164813403078
1409,20230925,20230914_2,17077.15944702836
1410,20230925,20230915_0,10649.577356428335
1411,20230925,20230915_1,7096.396331803114
1412,20230925,20230915_2,17037.21372766602
1413,20230925,20230918_0,11176.159039093316
1414,20230925,20230918_1,7174.808810106035
1415,20230925,20230918_2,16227.142624486643
1416,20230925,20230919_0,11085.364888086213
1417,20230925,20230919_1,7238.065896047167
1418,20230925,20230919_2,16840.534697591294
1419,20230925,20230920_0,11295.69475209204
1420,20230925,20230920_1,7041.141640828862
1421,20230925,20230920_2,17612.423681547407
1422,20230925,20230921_0,11283.146071309227
1423,20230925,20230921_1,7397.826238049165
1424,20230925,20230921_2,16839.46634396909
1425,20230925,20230922_0,11188.229245050803
1426,20230925,20230922_1,7504.403987230271
1427,20230925,20230922_2,17723.985262839575
1428,20230925,20230925_0,10747.345640139925
1429,20230925,20230925_1,7004.021140893673
1430,20230926,20230828_2,16531.149044286012
1431,20230926,20230829_0,13094.843635564835
1432,20230926,20230829_1,8029.391234794736
1433,20230926,20230829_2,18550.396770311458
1434,20230926,20230830_0,12283.712740547055
1435,20230926,20230830_1,7742.686896525362
1436,20230926,20230830_2,19442.33824831886
1437,20230926,20230831_0,12672.941197744469
1438,20230926,20230831_1,8331.194969561902
1439,20230926,20230831_2,20181.947548827076
1440,20230926,20230901_0,12963.891881454567
1441,20230926,20230901_1,8430.46699519517
1442,20230926,20230901_2,23258.78382442435
1443,20230926,20230904_0,13124.47578740127
1444,20230926,20230904_1,8674.248578620025
1445,20230926,20230904_2,20493.090106793286
1446,20230926,20230905_0,12648.598572200774
1447,20230926,20230905_1,8611.129208020542
1448,20230926,20230905_2,21407.46145027783
1449,20230926,20230906_0,12479.623190378432
1450,20230926,20230906_1,8609.38704783202
1451,20230926,20230906_2,21481.676680948876
1452,20230926,20230907_0,13274.064588290217
1453,20230926,20230907_1,8633.044786185683
1454,20230926,20230907_2,20390.597262374948
1455,20230926,20230908_0,7238.44779143395
1456,20230926,20230908_1,8437.102964649484
1457,20230926,20230908_2,20405.47988510409
1458,20230926,20230911_0,12790.630236988436
1459,20230926,20230911_1,8641.383337443853
1460,20230926,20230911_2,20273.740364470592
1461,20230926,20230912_0,12577.113239765278
1462,20230926,20230912_1,9009.23255027996
1463,20230926,20230912_2,19262.319303443615
1464,20230926,20230913_0,12986.766266569648
1465,20230926,20230913_1,8516.977375581188
1466,20230926,20230913_2,20903.487558748944
1467,20230926,20230914_0,12688.284654217838
1468,20230926,20230914_1,8539.663926496007
1469,20230926,20230914_2,19773.513123026492
1470,20230926,20230915_0,12330.984640243169
1471,20230926,20230915_1,8216.880312364887
1472,20230926,20230915_2,19727.25658888692
1473,20230926,20230918_0,12940.569186798195
1474,20230926,20230918_1,8307.6765329927
1475,20230926,20230918_2,18789.262075626397
1476,20230926,20230919_0,12835.467765653615
1477,20230926,20230919_1,8380.892360294873
1478,20230926,20230919_2,19499.54602907092
1479,20230926,20230920_0,13079.114411981038
1480,20230926,20230920_1,8152.938096968017
1481,20230926,20230920_2,20393.214037524842
1482,20230926,20230921_0,13064.369109567222
1483,20230926,20230921_1,8565.864193301917
1484,20230926,20230921_2,19498.449951629795
1485,20230926,20230922_0,12954.742438841256
1486,20230926,20230922_1,8689.347007190658
1487,20230926,20230922_2,20522.601803578746
1488,20230926,20230925_0,12444.343609216192
1489,20230926,20230925_1,8110.013852593685
1490,20230926,20230925_2,16067.844918888552
1491,20230926,20230926_0,10098.256039565209
1492,20230926,20230926_1,7349.48560894747
1493,20230927,20230829_2,37569.95464250043
1494,20230927,20230830_0,24878.092078924397
1495,20230927,20230830_1,15681.20761415446
1496,20230927,20230830_2,39376.38767253554
1497,20230927,20230831_0,25666.387492930004
1498,20230927,20230831_1,16873.096786616712
1499,20230927,20230831_2,40874.32103516146
1500,20230927,20230901_0,26255.632705072898
1501,20230927,20230901_1,17074.13814945688
1502,20230927,20230901_2,47105.766559937685
1503,20230927,20230904_0,26580.840525187185
1504,20230927,20230904_1,17567.863011190402
1505,20230927,20230904_2,41504.46089065478
1506,20230927,20230905_0,25617.07823804443
1507,20230927,20230905_1,17440.035159634514
1508,20230927,20230905_2,43356.32916910386
1509,20230927,20230906_0,25274.851157218436
1510,20230927,20230906_1,17436.51974833256
1511,20230927,20230906_2,43506.60937577632
1512,20230927,20230907_0,26883.806771678977
1513,20230927,20230907_1,17484.415749893797
1514,20230927,20230907_2,41296.8687771692
1515,20230927,20230908_0,14659.951254878235
1516,20230927,20230908_1,17087.58978857693
1517,20230927,20230908_2,41327.043562886836
1518,20230927,20230911_0,25904.728892986855
1519,20230927,20230911_1,17501.305686681113
1520,20230927,20230911_2,41060.194561239565
1521,20230927,20230912_0,25472.29375771772
1522,20230927,20230912_1,18246.208285403416
1523,20230927,20230912_2,39011.787778917955
1524,20230927,20230913_0,26301.917986532084
1525,20230927,20230913_1,17249.35015157439
1526,20230927,20230913_2,42335.57632560224
1527,20230927,20230914_0,25697.41672018741
1528,20230927,20230914_1,17295.298167751833
1529,20230927,20230914_2,40047.094349160405
1530,20230927,20230915_0,24973.794577485227
1531,20230927,20230915_1,16641.567631494127
1532,20230927,20230915_2,39953.4110010252
1533,20230927,20230918_0,26208.344799009647
1534,20230927,20230918_1,16825.456373700425
1535,20230927,20230918_2,38053.69188450154
1536,20230927,20230919_0,25995.490280433434
1537,20230927,20230919_1,16973.730627274534
1538,20230927,20230919_2,39492.230149800394
1539,20230927,20230920_0,26488.969681528924
1540,20230927,20230920_1,16512.0747772988
1541,20230927,20230920_2,41302.14412317843
1542,20230927,20230921_0,26459.048855623478
1543,20230927,20230921_1,17348.346890106983
1544,20230927,20230921_2,39490.047977858645
1545,20230927,20230922_0,26237.092704876995
1546,20230927,20230922_1,17598.454667313952
1547,20230927,20230922_2,41564.2364214321
1548,20230927,20230925_0,25203.412897167185
1549,20230927,20230925_1,16425.15440021504
1550,20230927,20230925_2,32542.096710918366
1551,20230927,20230926_0,20451.90811172063
1552,20230927,20230926_1,14884.84903811417
1553,20230927,20230926_2,26612.27778080427
1554,20230927,20230927_0,21270.459093486428
1555,20230927,20230927_1,13830.648994105417
1556,20230928,20230830_2,42261.208147995654
1557,20230928,20230831_0,27546.772079452745
1558,20230928,20230831_1,18109.27315614333
1559,20230928,20230831_2,43868.90081511669
1560,20230928,20230901_0,28179.163715198476
1561,20230928,20230901_1,18325.021886818115
1562,20230928,20230901_2,50556.81077543672
1563,20230928,20230904_0,28528.164961884784
1564,20230928,20230904_1,18854.913026478243
1565,20230928,20230904_2,44545.183231414405
1566,20230928,20230905_0,27493.837721514636
1567,20230928,20230905_1,18717.732643254996
1568,20230928,20230905_2,46532.730338054665
1569,20230928,20230906_0,27126.5353446268
1570,20230928,20230906_1,18713.979986143928
1571,20230928,20230906_2,46693.976522666475
1572,20230928,20230907_0,28853.338324119297
1573,20230928,20230907_1,18765.356761102896
1574,20230928,20230907_2,44322.3614212921
1575,20230928,20230908_0,15733.964746581385
1576,20230928,20230908_1,18339.478971494194
1577,20230928,20230908_2,44354.80028639717
1578,20230928,20230911_0,27802.557245816155
1579,20230928,20230911_1,18783.4884897477
1580,20230928,20230911_2,44068.341714832524
1581,20230928,20230912_0,27338.439843067947
1582,20230928,20230912_1,19582.812700468105
1583,20230928,20230912_2,41869.888655448936
1584,20230928,20230913_0,28228.77736381188
1585,20230928,20230913_1,18513.077989430185
1586,20230928,20230913_2,45437.102938105796
1587,20230928,20230914_0,27580.005933615477
1588,20230928,20230914_1,18562.394124083112
1589,20230928,20230914_2,42981.02866800172
1590,20230928,20230915_0,26803.390526573126
1591,20230928,20230915_1,17860.769472080814
1592,20230928,20230915_2,42880.48159712078
1593,20230928,20230918_0,28128.332714762677
1594,20230928,20230918_1,18058.130025314324
1595,20230928,20230918_2,40841.569937423716
1596,20230928,20230919_0,27899.89334164912
1597,20230928,20230919_1,18217.252212498523
1598,20230928,20230919_2,42385.508441917176
1599,20230928,20230920_0,28429.562336133717
1600,20230928,20230920_1,17721.802857163537
1601,20230928,20230920_2,44327.98631177361
1602,20230928,20230921_0,28397.359032353044
1603,20230928,20230921_1,18619.304486627243
1604,20230928,20230921_2,42383.22591757093
1605,20230928,20230922_0,28159.248997880746
1606,20230928,20230922_1,18887.76517408638
1607,20230928,20230922_2,44609.34318115672
1608,20230928,20230925_0,27049.879929962106
1609,20230928,20230925_1,17628.534969330645
1610,20230928,20230925_2,34926.28107536015
1611,20230928,20230926_0,21950.27338067432
1612,20230928,20230926_1,15975.356998195679
1613,20230928,20230926_2,28562.031155543285
1614,20230928,20230927_0,22828.790332376786
1615,20230928,20230927_1,14843.92113048122
1616,20230928,20230927_2,26756.116149846723
1617,20230928,20230928_0,17645.58392677806
1618,20230928,20230928_1,12190.834501486777
1619,20231006,20230831_2,45778.68035109293
1620,20231006,20230901_0,29405.909523829858
1621,20231006,20230901_1,19122.77954988914
1622,20231006,20230901_2,52757.740382268385
1623,20231006,20230904_0,29770.10411766112
1624,20231006,20230904_1,19675.73885939202
1625,20231006,20230904_2,46484.40390439631
1626,20231006,20230905_0,28690.748691937373
1627,20231006,20230905_1,19532.586494109746
1628,20231006,20230905_2,48558.4764703146
1629,20231006,20230906_0,28307.456250337138
1630,20231006,20230906_1,19528.67046961032
1631,20231006,20230906_2,48726.742312540446
1632,20231006,20230907_0,30109.433508911665
1633,20231006,20230907_1,19582.28387032507
1634,20231006,20230907_2,46251.88181628131
1635,20231006,20230908_0,16418.923871028797
1636,20231006,20230908_1,19137.866006260225
1637,20231006,20230908_2,46285.73286814276
1638,20231006,20230911_0,29012.90794732202
1639,20231006,20230911_1,19601.20494184545
1640,20231006,20230911_2,45986.80366914697
1641,20231006,20230912_0,28528.585754811822
1642,20231006,20230912_1,20435.32676526825
1643,20231006,20230912_2,43692.64361493099
1644,20231006,20230913_0,29457.683042626162
1645,20231006,20230913_1,19319.022447467818
1646,20231006,20230913_2,47415.152256709625
1647,20231006,20230914_0,28780.668132928484
1648,20231006,20230914_1,19370.485500393224
1649,20231006,20230914_2,44852.15576396654
1650,20231006,20230915_0,27970.24371348475
1651,20231006,20230915_1,18638.316467806206
1652,20231006,20230915_2,44747.23149797008
1653,20231006,20230918_0,29352.865657272007
1654,20231006,20230918_1,18844.268874010064
1655,20231006,20230918_2,42619.558285304935
1656,20231006,20230919_0,29114.481452355572
1657,20231006,20230919_1,19010.31825314933
1658,20231006,20230919_2,44230.710285142486
1659,20231006,20230920_0,29667.2089458614
1660,20231006,20230920_1,18493.30010939361
1661,20231006,20230920_2,46257.75157956642
1662,20231006,20230921_0,29633.603710201685
1663,20231006,20230921_1,19429.87338673559
1664,20231006,20230921_2,44228.32839385963
1665,20231006,20230922_0,29385.127843381266
1666,20231006,20230922_1,19710.021185510428
1667,20231006,20230922_2,46551.3569799469
1668,20231006,20230925_0,28227.46373491249
1669,20231006,20230925_1,18395.971916874772
1670,20231006,20230925_2,36446.75447738559
1671,20231006,20230926_0,22905.85198265859
1672,20231006,20230926_1,16670.82484234453
1673,20231006,20230926_2,29805.44463509817
1674,20231006,20230927_0,23822.614107255642
1675,20231006,20230927_1,15490.133282641407
1676,20231006,20230927_2,27920.911303947614
1677,20231006,20230928_0,18413.763080063334
1678,20231006,20230928_1,12721.547736257182
1679,20231006,20230928_2,0.0
1680,20231009,20230901_2,57569.4296072266
1681,20231009,20230904_0,32485.11588421526
1682,20231009,20230904_1,21470.2301818827
1683,20231009,20230904_2,50724.13968309249
1684,20231009,20230905_0,31307.5128292641
1685,20231009,20230905_1,21314.122304202087
1686,20231009,20230905_2,52987.596885787745
1687,20231009,20230906_0,30889.281951706373
1688,20231009,20230906_1,21309.95171247138
1689,20231009,20230906_2,53170.90494067323
1690,20231009,20230907_0,32855.49030016858
1691,20231009,20230907_1,21368.28645811811
1692,20231009,20230907_2,50470.32601534438
1693,20231009,20230908_0,17916.432190920157
1694,20231009,20230908_1,20883.45065010592
1695,20231009,20230908_2,50507.60634830443
1696,20231009,20230911_0,31659.08770605302
1697,20231009,20230911_1,21389.005671716357
1698,20231009,20230911_2,50181.08156138714
1699,20231009,20230912_0,31130.601800687702
1700,20231009,20230912_1,22298.4482788474
1701,20231009,20230912_2,47677.89158673834
1702,20231009,20230913_0,32144.041080109648
1703,20231009,20230913_1,21081.09319891315
1704,20231009,20230913_2,51739.4778277019
1705,20231009,20230914_0,31405.377604477526
1706,20231009,20230914_1,21137.26241685812
1707,20231009,20230914_2,48943.0318758659
1708,20231009,20230915_0,30521.116671667573
1709,20231009,20230915_1,20338.305222484072
1710,20231009,20230915_2,48828.556728025185
1711,20231009,20230918_0,32029.598558656045
1712,20231009,20230918_1,20563.029504976173
1713,20231009,20230918_2,46506.676571878976
1714,20231009,20230919_0,31769.510266626057
1715,20231009,20230919_1,20744.114424395484
1716,20231009,20230919_2,48264.80297933483
1717,20231009,20230920_0,32372.819898072088
1718,20231009,20230920_1,20180.133026670042
1719,20231009,20230920_2,50476.57058891363
1720,20231009,20230921_0,32335.616802844877
1721,20231009,20230921_1,21201.87106096224
1722,20231009,20230921_2,48262.55498642575
1723,20231009,20230922_0,32065.006818173235
1724,20231009,20230922_1,21507.706566622266
1725,20231009,20230922_2,50797.10265102874
1726,20231009,20230925_0,30801.973329069766
1727,20231009,20230925_1,20074.011059170698
1728,20231009,20230925_2,39771.37816164035
1729,20231009,20230926_0,24994.973196199095
1730,20231009,20230926_1,18191.262753594605
1731,20231009,20230926_2,32524.38340082959
1732,20231009,20230927_0,25995.474912308695
1733,20231009,20230927_1,16903.042958877802
1734,20231009,20230927_2,30467.01397350535
1735,20231009,20230928_0,20092.852302894622
1736,20231009,20230928_1,13881.851945273916
1737,20231009,20230928_2,0.0
1738,20231009,20231009_0,15873.65347391241
1739,20231009,20231009_1,11403.693036385377
1740,20231010,20230904_2,52706.40959979328
1741,20231010,20230905_0,32530.992246281403
1742,20231010,20230905_1,22147.06582396343
1743,20231010,20230905_2,55058.32139528547
1744,20231010,20230906_0,32096.417148949862
1745,20231010,20230906_1,22142.732247930293
1746,20231010,20230906_2,55248.79302248501
1747,20231010,20230907_0,34139.4637776367
1748,20231010,20230907_1,22203.346681554314
1749,20231010,20230907_2,52442.67704133223
1750,20231010,20230908_0,18616.595954535624
1751,20231010,20230908_1,21699.563771772304
1752,20231010,20230908_2,52481.414268050816
1753,20231010,20230911_0,32896.306465049915
1754,20231010,20230911_1,22224.875589985637
1755,20231010,20230911_2,52142.12908211626
1756,20231010,20230912_0,32347.167637463517
1757,20231010,20230912_1,23169.85868597159
1758,20231010,20230912_2,49541.11589718664
1759,20231010,20230913_0,33400.21153528908
1760,20231010,20230913_1,21904.930076590153
1761,20231010,20230913_2,53761.426569354924
1762,20231010,20230914_0,32632.68152006735
1763,20231010,20230914_1,21963.294354947633
1764,20231010,20230914_2,50855.69713398156
1765,20231010,20230915_0,31713.864183608675
1766,20231010,20230915_1,21133.11437747595
1767,20231010,20230915_2,50736.74836385386
1768,20231010,20230918_0,33281.296666568756
1769,20231010,20230918_1,21366.620754401185
1770,20231010,20230918_2,48324.130479823674
1771,20231010,20230919_0,33011.044275153385
1772,20231010,20230919_1,21554.782367291806
1773,20231010,20230919_2,50150.96344610992
1774,20231010,20230920_0,33637.93089657585
1775,20231010,20230920_1,20968.760904120703
1776,20231010,20230920_2,52449.16564920953
1777,20231010,20230921_0,33599.27392599583
1778,20231010,20230921_1,22030.427867336686
1779,20231010,20230921_2,50148.62760294365
1780,20231010,20230922_0,33318.088660301684
1781,20231010,20230922_1,22348.215246919397
1782,20231010,20230922_2,52782.22391813739
1783,20231010,20230925_0,32005.69655605211
1784,20231010,20230925_1,20858.491751770336
1785,20231010,20230925_2,41325.62051977795
1786,20231010,20230926_0,25971.76223087016
1787,20231010,20230926_1,18902.166735969487
1788,20231010,20230926_2,33795.41741298844
1789,20231010,20230927_0,27011.362972923667
1790,20231010,20230927_1,17563.60405991217
1791,20231010,20230927_2,31657.647183426758
1792,20231010,20230928_0,20878.069300355426
1793,20231010,20230928_1,14424.34665629576
1794,20231010,20230928_2,0.0
1795,20231010,20231009_0,16493.98663177488
1796,20231010,20231009_1,11849.342736637502
1797,20231010,20231009_2,16883.482258658878
1798,20231010,20231010_0,19789.571627316454
1799,20231010,20231010_1,8644.133788903966
1800,20231011,20230905_2,63332.20829436268
1801,20231011,20230906_0,36919.68779534802
1802,20231011,20230906_1,25470.22612394396
1803,20231011,20230906_2,63551.27442698058
1804,20231011,20230907_0,39269.74828449471
1805,20231011,20230907_1,25539.93686092599
1806,20231011,20230907_2,60323.46193336992
1807,20231011,20230908_0,21414.195417194525
1808,20231011,20230908_1,24960.456169962465
1809,20231011,20230908_2,60368.04750708911
1810,20231011,20230911_0,37839.78349176021
1811,20231011,20230911_1,25564.711368667708
1812,20231011,20230911_2,59977.75363736269
1813,20231011,20230912_0,37208.12428396855
1814,20231011,20230912_1,26651.659220835023
1815,20231011,20230912_2,56985.897550002555
1816,20231011,20230913_0,38419.38528826877
1817,20231011,20230913_1,25196.6845576755
1818,20231011,20230913_2,61840.384237012135
1819,20231011,20230914_0,37536.52179554327
1820,20231011,20230914_1,25263.82061684051
1821,20231011,20230914_2,58498.0129609769
1822,20231011,20230915_0,36479.63095606986
1823,20231011,20230915_1,24308.88447141887
1824,20231011,20230915_2,58361.19328614975
1825,20231011,20230918_0,38282.59908861061
1826,20231011,20230918_1,24577.479037315563
1827,20231011,20230918_2,55586.00425089253
1828,20231011,20230919_0,37971.73628039207
1829,20231011,20230919_1,24793.906542343073
1830,20231011,20230919_2,57687.36465551861
1831,20231011,20230920_0,38692.838697889514
1832,20231011,20230920_1,24119.838450228035
1833,20231011,20230920_2,60330.92018818534
1834,20231011,20230921_0,38648.33303620069
1835,20231011,20230921_1,25341.025068755745
1836,20231011,20230921_2,57684.70397782072
1837,20231011,20230922_0,38324.920777109364
1838,20231011,20230922_1,25706.57366062927
1839,20231011,20230922_2,60714.01936195754
1840,20231011,20230925_0,36815.32353496693
1841,20231011,20230925_1,23993.00135097221
1842,20231011,20230925_2,47535.83196024598
1843,20231011,20230926_0,29874.63557961026
1844,20231011,20230926_1,21742.660625958382
1845,20231011,20230926_2,38874.04166004336
1846,20231011,20230927_0,31070.489968844
1847,20231011,20230927_1,20202.978680238495
1848,20231011,20230927_2,36414.95508602794
1849,20231011,20230928_0,24015.492154246134
1850,20231011,20230928_1,16591.978984987767
1851,20231011,20230928_2,0.0
1852,20231011,20231009_0,18970.346650181455
1853,20231011,20231009_1,13630.001382020973
1854,20231011,20231009_2,19420.46039909311
1855,20231011,20231010_0,22763.139314905748
1856,20231011,20231010_1,9942.982410954202
1857,20231011,20231010_2,17728.734855077964
1858,20231011,20231011_0,13808.223739595674
1859,20231011,20231011_1,11366.136991771522
1860,20231012,20230906_2,285582.79178480967
1861,20231012,20230907_0,176467.93454770822
1862,20231012,20230907_1,114769.71686329225
1863,20231012,20230907_2,271077.71453780646
1864,20231012,20230908_0,96229.80144756498
1865,20231012,20230908_1,112165.7657187171
1866,20231012,20230908_2,271278.3696307749
1867,20231012,20230911_0,170042.11579985233
1868,20231012,20230911_1,114881.17829218715
1869,20231012,20230911_2,269524.24717723334
1870,20231012,20230912_0,167203.6144002311
1871,20231012,20230912_1,119765.22803186267
1872,20231012,20230912_2,256079.90393382226
1873,20231012,20230913_0,172646.40195061493
1874,20231012,20230913_1,113227.33431697119
1875,20231012,20230913_2,277894.3934433967
1876,20231012,20230914_0,168679.11221793594
1877,20231012,20230914_1,113529.03936496103
1878,20231012,20230914_2,262874.7871369574
1879,20231012,20230915_0,163929.71811083116
1880,20231012,20230915_1,109237.78966417538
1881,20231012,20230915_2,262260.01069640426
1882,20231012,20230918_0,172031.71735386405
1883,20231012,20230918_1,110444.76046143539
1884,20231012,20230918_2,249788.84313146598
1885,20231012,20230919_0,170634.7962775653
1886,20231012,20230919_1,111417.21431989408
1887,20231012,20230919_2,259231.82549025398
1888,20231012,20230920_0,173875.36361801848
1889,20231012,20230920_1,108388.33248394908
1890,20231012,20230920_2,271111.1954316792
1891,20231012,20230921_0,173674.93402071638
1892,20231012,20230921_1,113875.78215005454
1893,20231012,20230921_2,259220.15723909027
1894,20231012,20230922_0,172221.86952066622
1895,20231012,20230922_1,115518.51143440891
1896,20231012,20230922_2,272832.5878893915
1897,20231012,20230925_0,165438.27991208102
1898,20231012,20230925_1,107818.3804139515
1899,20231012,20230925_2,213613.8694821689
1900,20231012,20230926_0,134248.53617079047
1901,20231012,20230926_1,97705.56955493506
1902,20231012,20230926_2,174690.18950616993
1903,20231012,20230927_0,139622.78552958302
1904,20231012,20230927_1,90787.07589099903
1905,20231012,20230927_2,163639.01528931665
1906,20231012,20230928_0,107919.18610647372
1907,20231012,20230928_1,74560.31465029027
1908,20231012,20230928_2,0.0
1909,20231012,20231009_0,85227.92097811475
1910,20231012,20231009_1,61249.95051188918
1911,20231012,20231009_2,87268.81861287689
1912,20231012,20231010_0,102288.89558786836
1913,20231012,20231010_1,44679.81567963381
1914,20231012,20231010_2,79661.12754286153
1915,20231012,20231011_0,62035.22843348233
1916,20231012,20231011_1,51066.161736828086
1917,20231012,20231011_2,34317.87600692919
1918,20231012,20231012_0,28608.313157200042
1919,20231012,20231012_1,12191.52218369496
1920,20231013,20230907_2,410819.96326390374
1921,20231013,20230908_0,145836.8642814283
1922,20231013,20230908_1,169987.91708221298
1923,20231013,20230908_2,411124.0630076962
1924,20231013,20230911_0,257699.88720891037
1925,20231013,20230911_1,174103.14299749915
1926,20231013,20230911_2,408465.67494187853
1927,20231013,20230912_0,253398.12076857343
1928,20231013,20230912_1,181504.9438252445
1929,20231013,20230912_2,388090.6945215753
1930,20231013,20230913_0,261646.693653149
1931,20231013,20230913_1,171596.73146304066
1932,20231013,20230913_2,421150.68380158325
1933,20231013,20230914_0,255634.24252723146
1934,20231013,20230914_1,172053.96760835528
1935,20231013,20230914_2,398388.3789370948
1936,20231013,20230915_0,248436.5058259989
1937,20231013,20230915_1,165550.55158922562
1938,20231013,20230915_2,397456.6826307621
1939,20231013,20230918_0,260715.13544993862
1940,20231013,20230918_1,167379.72288583167
1941,20231013,20230918_2,378556.54652299004
1942,20231013,20230919_0,258598.09310170522
1943,20231013,20230919_1,168853.48051711507
1944,20231013,20230919_2,392867.4456439734
1945,20231013,20230920_0,263509.19552445994
1946,20231013,20230920_1,164263.19528469272
1947,20231013,20230920_2,410870.70349189214
1948,20231013,20230921_0,263205.43500001024
1949,20231013,20230921_1,172579.45478112862
1950,20231013,20230921_2,392849.76783848024
1951,20231013,20230922_0,261003.31112486336
1952,20231013,20230922_1,175069.02197503933
1953,20231013,20230922_2,413479.4808294426
1954,20231013,20230925_0,250722.74146070212
1955,20231013,20230925_1,163399.42965084768
1956,20231013,20230925_2,323733.15619573736
1957,20231013,20230926_0,203454.48789171374
1958,20231013,20230926_1,148073.39415820476
1959,20231013,20230926_2,264744.07966055995
1960,20231013,20230927_0,211599.20508608932
1961,20231013,20230927_1,137588.38330342047
1962,20231013,20230927_2,247995.94349848913
1963,20231013,20230928_0,163552.19712744575
1964,20231013,20230928_1,112996.6284378563
1965,20231013,20230928_2,0.0
1966,20231013,20231009_0,129163.13608029722
1967,20231013,20231009_1,92824.69095147713
1968,20231013,20231009_2,132256.41196150496
1969,20231013,20231010_0,155019.41669838218
1970,20231013,20231010_1,67712.51721047003
1971,20231013,20231010_2,120726.82888390422
1972,20231013,20231011_0,94014.54762208254
1973,20231013,20231011_1,77390.93238518033
1974,20231013,20231011_2,52005.06335434251
1975,20231013,20231012_0,43354.659924427506
1976,20231013,20231012_1,18476.115137336874
1977,20231013,20231012_2,83928.95775048723
1978,20231013,20231013_0,12321.034132780856
1979,20231013,20231013_1,16314.652320999196
1980,20231016,20230908_2,1239624.7967009547
1981,20231016,20230911_0,777018.8550017921
1982,20231016,20230911_1,524957.2914202533
1983,20231016,20230911_2,1231608.9444927326
1984,20231016,20230912_0,764048.1395739362
1985,20231016,20230912_1,547274.874454437
1986,20231016,20230912_2,1170174.4600141866
1987,20231016,20230913_0,788918.9886163587
1988,20231016,20230913_1,517399.8975327979
1989,20231016,20230913_2,1269856.8965144025
1990,20231016,20230914_0,770790.26336953
1991,20231016,20230914_1,518778.5750251113
1992,20231016,20230914_2,1201223.9223922396
1993,20231016,20230915_0,749087.5659942325
1994,20231016,20230915_1,499169.40142782434
1995,20231016,20230915_2,1198414.7364858142
1996,20231016,20230918_0,786110.1574476885
1997,20231016,20230918_1,504684.70633591077
1998,20231016,20230918_2,1141426.6638971048
1999,20231016,20230919_0,779726.84787986
2000,20231016,20230919_1,509128.2627111761
2001,20231016,20230919_2,1184577.0349074616
2002,20231016,20230920_0,794534.9843786766
2003,20231016,20230920_1,495287.83267544326
2004,20231016,20230920_2,1238860.5297916771
2005,20231016,20230921_0,793618.6138189869
2006,20231016,20230921_1,520362.81867580826
2007,20231016,20230921_2,1184524.0473223596
2008,20231016,20230922_0,786978.9955874869
2009,20231016,20230922_1,527869.42010275
2010,20231016,20230922_2,1246726.317788962
2011,20231016,20230925_0,755981.0893160056
2012,20231016,20230925_1,492683.4141365888
2013,20231016,20230925_2,976123.175721871
2014,20231016,20230926_0,613457.3138595008
2015,20231016,20230926_1,446471.7836660796
2016,20231016,20230926_2,798259.013970372
2017,20231016,20230927_0,638015.8551472704
2018,20231016,20230927_1,414857.848889125
2019,20231016,20230927_2,747759.1710928441
2020,20231016,20230928_0,493143.81362725986
2021,20231016,20230928_1,340708.76410080923
2022,20231016,20230928_2,0.0
2023,20231016,20231009_0,389437.0494398438
2024,20231016,20231009_1,279886.346507821
2025,20231016,20231009_2,398779.16828040296
2026,20231016,20231010_0,467413.54693148495
2027,20231016,20231010_1,204166.13871250162
2028,20231016,20231010_2,364010.90087071754
2029,20231016,20231011_0,283461.20536205865
2030,20231016,20231011_1,233341.60285272077
2031,20231016,20231011_2,156599.13681732156
2032,20231016,20231012_0,130652.01211468491
2033,20231016,20231012_1,55697.89108489951
2034,20231016,20231012_2,252789.8232792165
2035,20231016,20231013_0,37143.4185532127
2036,20231016,20231013_1,49176.60921625759
2037,20231016,20231013_2,185301.23196748042
2038,20231016,20231016_0,75887.0482955644
2039,20231016,20231016_1,46848.85223239768
