buyable,buy_vol,sellable,sell_vol,passive_vol,true_vol
73.0,1,62.0,11,19,16.97932351218242
72.0,5,62.0,2,19,15.535983163741294
72.0,1,65.0,11,47,36.89661756091211
71.0,5,65.0,2,47,35.45327721247098
69.0,2,66.0,9,11,11.0
71.0,2,68.0,9,8,8.866004209064677
74.0,2,68.0,8,12,11.422663860623548
70.0,1,66.0,1,12,9.113319303117745
74.0,2,69.0,8,13,12.133995790935323
70.0,1,67.0,1,13,9.82465123342952
69.0,1,62.0,2,24,17.937970536547265
67.0,1,62.0,2,13,10.113319303117747
65.0,2,62.0,11,12,12.288668069688224
66.0,5,62.0,147,37,70.19682801414592
66.0,5,62.0,147,42,73.7534876657048
68.0,5,63.0,146,31,65.64016836258705
68.0,5,63.0,145,31,65.35150029289883
67.0,5,63.0,146,18,56.39285326853398
67.0,5,63.0,145,18,56.104185198845755
67.0,5,63.0,146,13,52.836193616975116
67.0,5,64.0,3,13,11.556659651558874
67.0,5,62.0,146,55,82.71213469006965
67.0,5,63.0,3,55,41.432600724653405
71.0,5,65.0,3,29,22.937970536547265
68.0,5,64.0,3,33,25.783298257794364
69.0,10,65.0,5,10,11.443340348441126
68.0,10,64.0,5,52,41.31928142153566
69.0,2,62.0,141,23,57.64016836258705
68.0,7,62.0,1,48,36.45327721247098
69.0,7,63.0,1,3,4.443340348441128
68.0,6,65.0,2,58,43.56659651558873
67.0,16,64.0,1,17,17.0
68.0,5,64.0,2,13,11.267991581870648
67.0,5,64.0,2,2,3.4433403484411276
66.0,3,64.0,6,68,50.9685838883947
67.0,3,65.0,6,41,31.762621769976782
68.0,15,65.0,1,32,27.381310884988395
67.0,15,64.0,1,24,21.690655442494197
67.0,1,65.0,9,12,11.422663860623548
68.0,1,65.0,9,16,14.267991581870646
69.0,11,64.0,25,8,16.082705951270313
69.0,11,66.0,15,20,21.732008418129354
68.0,6,65.0,12,33,28.66997895467662
68.0,1,65.0,12,33,27.226638606235493
68.0,6,65.0,12,16,16.57733613937645
68.0,1,65.0,12,16,15.133995790935323
69.0,5,65.0,17,30,27.690655442494197
69.0,5,65.0,12,19,18.422663860623548
68.0,15,65.0,8,15,17.309344557505803
69.0,10,66.0,9,31,27.535983163741292
69.0,17,65.0,23,24,28.618689115011605
70.0,17,65.0,23,21,26.484693324076282
69.0,5,66.0,18,8,12.330021045323381
69.0,21,65.0,18,8,16.94871016033499
67.0,1,65.0,6,8,7.711331930311775
68.0,1,66.0,6,16,13.401987372805971
69.0,15,64.0,17,22,24.886680696882255
69.0,15,65.0,17,11,17.062029463452735
70.0,17,65.0,17,66,56.76262176997679
69.0,5,66.0,17,38,33.381310884988395
70.0,21,66.0,17,30,32.30934455750581
70.0,21,65.0,17,45,42.97932351218242
69.0,5,66.0,17,17,18.443340348441126
69.0,16,65.0,17,29,30.1546722787529
68.0,15,65.0,11,41,36.669978954676616
69.0,5,67.0,10,48,38.47395370028856
68.0,47,65.0,16,51,54.4640168362587
68.0,47,65.0,16,50,53.75268490594693
68.0,1,66.0,7,35,27.20596211841791
68.0,1,65.0,7,86,63.483890564318415
69.0,57,66.0,11,22,35.278731205658374
69.0,63,66.0,11,35,46.25805471784079
69.0,62,66.0,11,35,45.969386648152565
69.0,63,66.0,11,35,46.25805471784079
69.0,62,66.0,11,35,45.969386648152565
68.0,46,65.0,11,81,74.07196632748258
69.0,5,66.0,17,23,22.711331930311776
69.0,5,66.0,5,25,20.66997895467662
69.0,25,66.0,5,28,28.57733613937645
70.0,25,67.0,5,25,26.443340348441126
71.0,30,67.0,36,37,45.37137402095854
70.0,25,66.0,36,29,38.23737823002321
69.0,15,66.0,12,19,21.309344557505803
69.0,5,66.0,17,27,25.55665965155887
70.0,1,68.0,16,20,19.133995790935323
70.0,10,67.0,31,20,26.06202946345273
71.0,1,69.0,16,76,58.9685838883947
71.0,10,68.0,31,76,65.8966175609121
69.0,1,67.0,27,19,21.59801262719403
70.0,1,67.0,17,19,18.711331930311772
69.0,1,67.0,27,26,26.577336139376452
70.0,1,67.0,17,26,23.690655442494197
71.0,16,67.0,27,46,45.13399579093533
71.0,26,67.0,38,50,54.04135297563516
71.0,11,69.0,5,26,23.11331930311775
70.0,11,68.0,5,31,26.669978954676616
71.0,30,67.0,6,30,31.732008418129354
71.0,20,68.0,6,14,17.464016836258704
71.0,10,67.0,7,41,34.071966327482585
70.0,10,67.0,12,16,17.732008418129354
71.0,31,67.0,18,15,24.814714369399667
71.0,21,67.0,5,30,28.845327721247102
70.0,16,68.0,5,15,16.732008418129354
71.0,16,68.0,11,31,29.845327721247095
71.0,31,68.0,1,34,33.422663860623544
71.0,31,67.0,6,27,29.88668069688225
70.0,26,68.0,1,30,29.133995790935323
70.0,1,67.0,5,35,26.628625979041463
71.0,10,69.0,1,88,65.77255863400664
71.0,10,69.0,1,66,50.1232561671476
70.0,3,67.0,17,60,48.45327721247099
69.0,3,66.0,17,15,16.443340348441126
71.0,7,66.0,8,14,14.288668069688224
70.0,7,66.0,8,20,18.556659651558874
69.0,2,65.0,19,22,21.711331930311776
69.0,3,67.0,19,18,19.1546722787529
69.0,3,66.0,5,21,17.247315094053068
69.0,20,66.0,6,22,23.1546722787529
69.0,10,66.0,8,19,18.711331930311772
68.0,10,65.0,8,29,25.82465123342952
69.0,11,67.0,3,77,58.8139116096418
69.0,11,67.0,2,24,20.82465123342952
69.0,5,67.0,2,33,25.49463018810614
69.0,5,67.0,2,31,24.07196632748259
70.0,5,67.0,12,86,66.08190319151244
70.0,5,67.0,12,100,76.04055021587729
71.0,15,68.0,12,48,41.93797053654726
70.0,1,67.0,12,28,23.66997895467662
72.0,25,69.0,5,114,89.75188214618906
72.0,25,69.0,5,105,83.3498947733831
71.0,12,68.0,18,100,79.79323512182422
71.0,6,68.0,16,89,69.6592393308889
70.0,1,68.0,6,27,21.22663860623549
71.0,10,68.0,1,43,33.76262176997679
72.0,25,69.0,3,28,28.0
71.0,15,67.0,7,77,61.1232561671476
71.0,5,68.0,12,23,21.26799158187065
70.0,5,67.0,12,35,29.803974745611942
71.0,5,68.0,17,15,17.02067648781758
71.0,5,67.0,17,43,36.93797053654727
70.0,3,67.0,10,33,27.226638606235493
70.0,3,67.0,10,35,28.64930246685904
71.0,26,68.0,5,55,48.07196632748259
71.0,36,68.0,1,55,49.803974745611946
70.0,6,68.0,5,42,33.05128983966501
69.0,6,67.0,5,27,22.38131088498839
69.0,1,67.0,5,33,25.205962118417915
69.0,1,67.0,5,31,23.783298257794364
69.0,20,67.0,8,46,40.803974745611946
69.0,15,67.0,4,46,38.205962118417915
70.0,10,67.0,5,49,39.18528563060033
71.0,10,68.0,5,30,25.66997895467662
70.0,6,67.0,28,30,31.154672278752905
70.0,1,67.0,5,56,41.56659651558873
70.0,6,66.0,10,87,66.504567052136
70.0,12,66.0,5,91,69.63856284307131
70.0,12,67.0,5,40,33.36063439717081
70.0,20,67.0,10,40,37.11331930311775
69.0,20,66.0,10,37,34.97932351218242
69.0,15,66.0,6,44,37.36063439717081
70.0,10,67.0,1,26,21.66997895467662
70.0,10,67.0,1,24,20.247315094053068
70.0,15,66.0,1,36,30.22663860623549
70.0,15,67.0,1,19,18.133995790935323
69.0,5,66.0,13,31,27.247315094053068
69.0,5,66.0,17,28,26.267991581870646
69.0,2,67.0,22,34,31.113319303117745
69.0,2,67.0,22,34,31.113319303117745
70.0,30,67.0,3,13,18.77336139376451
70.0,30,67.0,3,26,28.020676487817582
70.0,30,66.0,4,47,43.24731509405307
70.0,32,67.0,11,25,30.196025254388058
69.0,20,67.0,3,27,25.845327721247095
69.0,20,67.0,3,40,35.09264281530017
70.0,42,67.0,1,37,38.732008418129354
70.0,42,67.0,1,63,57.2266386062355
69.0,20,67.0,32,46,47.732008418129354
69.0,20,67.0,32,33,38.48469332407628
70.0,22,67.0,5,78,63.2779284459005
69.0,7,67.0,3,56,42.721268794341626
70.0,17,68.0,3,45,37.783298257794364
71.0,17,67.0,47,99,88.89661756091212
70.0,31,67.0,37,39,47.37137402095854
70.0,22,68.0,3,52,44.205962118417915
71.0,20,68.0,50,86,81.3813108849884
71.0,31,68.0,42,82,79.40198737280596
72.0,33,68.0,49,33,47.14473541472305
71.0,5,69.0,37,28,32.04135297563516
71.0,5,69.0,37,30,33.46401683625871
71.0,5,69.0,42,23,29.928033672517415
71.0,5,69.0,44,22,29.79403788158209
71.0,4,69.0,44,22,29.505369811893864
72.0,42,69.0,44,20,39.05209259942288
71.0,27,68.0,54,24,40.454079972228854
71.0,17,69.0,2,27,24.690655442494194
73.0,20,69.0,45,51,55.04135297563515
71.0,5,69.0,37,66,59.07196632748259
72.0,5,70.0,37,47,45.556659651558874
71.0,12,69.0,15,16,19.17534876657048
72.0,12,70.0,15,17,19.88668069688225
70.0,10,68.0,25,22,25.752684905946932
70.0,3,68.0,12,32,27.092642815300167
69.0,11,67.0,8,64,51.009936864029854
69.0,5,67.0,10,64,49.855264585276956
69.0,5,67.0,10,63,49.143932654965184
69.0,5,67.0,10,62,48.4326007246534
70.0,5,67.0,36,31,33.88668069688225
69.0,2,67.0,28,31,30.711331930311772
70.0,5,67.0,36,58,53.09264281530017
69.0,2,67.0,28,58,49.91729404872969
69.0,17,66.0,11,28,28.0
69.0,38,66.0,1,28,31.17534876657048
69.0,17,66.0,11,30,29.42266386062355
69.0,38,66.0,1,30,32.59801262719403
70.0,43,67.0,2,20,27.216701742205636
68.0,1,66.0,32,20,23.752684905946932
70.0,43,67.0,2,23,29.35069753314096
68.0,1,66.0,32,23,25.88668069688226
68.0,7,65.0,32,41,40.422663860623544
69.0,10,65.0,32,41,41.28866806968823
69.0,5,66.0,35,24,28.618689115011605
68.0,5,66.0,30,24,27.17534876657048
69.0,5,67.0,14,40,33.93797053654727
70.0,36,66.0,25,40,46.06202946345273
68.0,5,66.0,14,35,30.381310884988395
69.0,36,65.0,25,35,42.50536981189386
68.0,25,64.0,12,63,55.49463018810614
67.0,25,64.0,8,42,39.40198737280597
67.0,25,64.0,7,42,39.11331930311775
67.0,25,64.0,8,48,43.669978954676616
67.0,25,64.0,7,48,43.381310884988395
68.0,35,64.0,2,63,55.49463018810614
68.0,25,64.0,7,69,58.31928142153566
68.0,35,64.0,2,69,59.76262176997679
68.0,30,65.0,7,27,29.88668069688225
68.0,41,65.0,2,27,31.618689115011605
67.0,40,64.0,2,47,45.556659651558874
67.0,30,64.0,2,47,42.66997895467662
67.0,40,64.0,2,53,49.82465123342952
67.0,30,64.0,2,53,46.93797053654727
67.0,40,64.0,2,58,53.381310884988395
67.0,30,64.0,2,58,50.49463018810614
68.0,35,65.0,2,32,33.443340348441126
67.0,5,65.0,2,32,24.783298257794364
68.0,36,65.0,2,23,27.330021045323384
68.0,40,65.0,2,23,28.484693324076282
68.0,41,64.0,2,64,57.93797053654727
69.0,10,66.0,2,23,19.82465123342952
68.0,5,66.0,2,23,18.381310884988395
69.0,10,66.0,2,20,17.690655442494197
68.0,5,66.0,2,20,16.24731509405307
68.0,15,65.0,19,45,41.82465123342952
69.0,41,64.0,46,87,87.0
69.0,46,65.0,38,46,56.96938664815257
68.0,44,65.0,7,45,46.732008418129354
67.0,2,64.0,33,87,71.98926037621227
67.0,2,65.0,33,48,44.247315094053064
68.0,3,66.0,2,24,18.515306675923714
68.0,10,65.0,37,27,32.7733613937645
68.0,5,65.0,42,27,32.77336139376451
68.0,5,65.0,42,30,34.90735718469983
68.0,3,65.0,42,27,32.19602525438806
68.0,2,66.0,25,32,30.556659651558874
68.0,2,66.0,5,33,25.49463018810614
69.0,35,66.0,10,33,36.46401683625871
68.0,2,66.0,5,57,42.56659651558873
69.0,35,66.0,10,57,53.53598316374129
69.0,47,66.0,1,52,50.8453277212471
69.0,46,65.0,1,56,53.40198737280597
69.0,43,66.0,3,69,62.36063439717081
69.0,1,66.0,37,62,55.071966327482585
68.0,2,66.0,25,58,49.05128983966501
69.0,41,66.0,22,56,58.02067648781758
69.0,41,65.0,22,113,98.56659651558873
68.0,2,66.0,20,30,27.690655442494197
69.0,43,65.0,44,41,54.278731205658374
70.0,43,65.0,44,62,69.21670174220563
68.0,3,65.0,46,26,32.63936560282919
68.0,3,65.0,45,30,35.19602525438806
69.0,15,66.0,33,43,44.443340348441126
68.0,8,66.0,3,26,21.66997895467662
69.0,13,67.0,3,54,43.03061335184743
69.0,10,66.0,8,72,56.41192423683583
69.0,9,66.0,3,42,33.33995790935324
69.0,7,67.0,4,32,25.937970536547265
69.0,9,66.0,37,33,36.752684905946936
68.0,2,66.0,3,35,26.339957909353235
68.0,2,66.0,3,29,22.07196632748259
69.0,10,66.0,37,54,51.97932351218242
69.0,10,65.0,37,53,51.267991581870646
69.0,2,66.0,8,61,46.2779284459005
69.0,9,66.0,3,62,47.56659651558873
69.0,9,66.0,3,60,46.143932654965184
69.0,2,66.0,3,60,44.1232561671476
69.0,12,66.0,3,60,47.00993686402986
69.0,2,67.0,3,37,27.762621769976786
69.0,10,67.0,3,38,30.783298257794364
69.0,8,67.0,3,35,28.07196632748259
69.0,7,67.0,4,32,25.937970536547265
69.0,38,66.0,8,16,24.660042090646762
69.0,38,66.0,8,23,29.639365602829187
69.0,43,66.0,8,30,36.06202946345273
70.0,33,67.0,19,32,37.77336139376451
69.0,31,67.0,2,20,23.75268490594693
70.0,33,67.0,20,37,41.618689115011605
69.0,2,67.0,3,39,29.185285630600333
70.0,43,67.0,3,42,43.1546722787529
71.0,43,68.0,3,48,47.422663860623544
70.0,11,68.0,5,52,41.607949491223884
71.0,6,68.0,39,49,47.8453277212471
70.0,3,68.0,29,55,48.36063439717081
70.0,8,68.0,19,53,45.494630188106136
70.0,1,68.0,21,39,34.09264281530017
70.0,3,67.0,19,64,51.87594107309453
70.0,1,68.0,16,37,31.226638606235493
70.0,8,68.0,9,39,32.64930246685904
69.0,8,67.0,14,37,32.66997895467662
69.0,8,67.0,14,22,22.0
70.0,13,68.0,14,15,18.464016836258708
71.0,8,69.0,4,74,56.10257967933003
70.0,8,68.0,4,34,27.649302466859037
70.0,13,68.0,9,38,33.381310884988395
70.0,11,67.0,35,36,38.88668069688225
71.0,11,68.0,35,115,95.08190319151245
70.0,2,68.0,30,116,91.75188214618906
70.0,2,68.0,20,105,81.04055021587729
71.0,8,69.0,5,98,73.46321407650085
70.0,2,68.0,30,97,78.23657547026534
72.0,43,68.0,42,88,87.13399579093533
72.0,43,67.0,42,139,123.41192423683583
72.0,39,69.0,2,69,60.91729404872969
72.0,43,68.0,2,101,84.83458809745937
71.0,39,67.0,7,37,39.59801262719403
70.0,23,68.0,11,53,47.51530667592372
70.0,23,67.0,11,46,42.5359831637413
71.0,24,69.0,5,32,31.133995790935323
71.0,9,69.0,5,32,26.803974745611942
71.0,24,69.0,5,27,27.57733613937645
71.0,9,69.0,5,27,23.247315094053068
70.0,3,68.0,5,20,16.535983163741296
71.0,28,69.0,1,20,22.59801262719403
70.0,23,68.0,2,32,29.97932351218242
71.0,23,69.0,2,24,24.288668069688224
71.0,23,67.0,21,47,46.13399579093532
71.0,25,67.0,28,47,48.732008418129354
71.0,15,68.0,43,22,32.392050508776116
70.0,5,67.0,43,31,35.90735718469983
70.0,8,67.0,38,20,27.505369811893864
70.0,2,68.0,5,26,20.515306675923718
70.0,2,68.0,5,26,20.515306675923718
70.0,39,68.0,5,18,25.505369811893864
70.0,22,68.0,7,22,24.02067648781758
70.0,3,68.0,23,48,41.64930246685904
70.0,3,68.0,5,51,38.5872730034063
70.0,3,68.0,5,58,43.56659651558873
70.0,3,68.0,8,61,46.56659651558873
71.0,42,68.0,6,61,57.24731509405307
69.0,3,67.0,8,23,19.535983163741296
70.0,42,67.0,6,23,30.216701742205636
70.0,32,68.0,2,26,28.309344557505803
70.0,22,68.0,2,22,22.577336139376452
70.0,22,68.0,8,29,29.288668069688228
70.0,22,68.0,12,29,30.443340348441126
70.0,22,68.0,7,31,30.422663860623548
70.0,22,67.0,17,34,35.443340348441126
69.0,22,67.0,22,5,16.258054717840793
69.0,22,67.0,18,32,34.3093445575058
69.0,22,67.0,13,31,32.1546722787529
68.0,22,66.0,13,22,25.752684905946932
71.0,42,67.0,33,40,50.103382439087895
71.0,42,67.0,33,39,49.392050508776116
70.0,10,67.0,38,20,28.082705951270313
69.0,2,67.0,31,20,23.75268490594693
70.0,10,67.0,38,26,32.35069753314096
69.0,2,67.0,31,26,28.02067648781758
69.0,22,66.0,33,29,36.505369811893864
70.0,12,67.0,7,46,38.205962118417915
70.0,2,68.0,5,20,16.24731509405307
70.0,1,67.0,2,43,31.453277212470983
70.0,1,66.0,43,42,42.57733613937645
70.0,1,67.0,6,44,33.31928142153566
69.0,1,67.0,17,23,21.556659651558874
70.0,38,67.0,17,29,36.50536981189386
70.0,28,68.0,7,32,32.86600420906468
69.0,28,67.0,7,20,24.330021045323384
69.0,3,67.0,12,23,20.690655442494197
69.0,4,67.0,5,25,20.381310884988395
69.0,4,66.0,37,53,49.53598316374129
69.0,4,67.0,5,51,38.87594107309453
69.0,3,67.0,5,43,32.89661756091211
69.0,3,67.0,8,40,31.628625979041463
68.0,3,66.0,18,17,18.1546722787529
69.0,20,67.0,10,31,30.711331930311772
69.0,15,67.0,10,20,21.443340348441126
69.0,15,67.0,5,41,34.93797053654726
67.0,3,64.0,6,30,23.93797053654727
68.0,5,64.0,12,45,36.91729404872969
66.0,10,63.0,17,45,39.80397474561194
68.0,28,64.0,10,51,47.247315094053064
68.0,16,65.0,2,51,41.47395370028856
67.0,28,64.0,10,40,39.42266386062355
67.0,16,65.0,2,40,33.64930246685904
67.0,1,65.0,2,51,37.14393265496518
67.0,1,64.0,7,57,42.85526458527695
68.0,41,66.0,3,16,24.082705951270313
68.0,31,66.0,3,16,21.196025254388058
68.0,41,65.0,3,56,52.53598316374129
68.0,31,65.0,3,56,49.64930246685904
68.0,41,65.0,3,58,53.95864702436484
68.0,31,65.0,3,58,51.07196632748259
68.0,26,66.0,3,46,41.09264281530017
68.0,31,66.0,3,46,42.5359831637413
68.0,10,66.0,25,39,37.8453277212471
68.0,10,65.0,40,39,42.17534876657048
67.0,5,65.0,25,37,34.979323512182425
67.0,5,65.0,25,40,37.11331930311775
68.0,12,65.0,32,11,20.52604629971144
68.0,12,65.0,32,34,36.88668069688225
68.0,22,66.0,1,41,35.80397474561194
68.0,22,66.0,1,46,39.36063439717082
68.0,17,66.0,1,44,36.49463018810614
67.0,3,64.0,21,65,53.16460914278275
67.0,5,65.0,2,49,36.87594107309454
68.0,38,65.0,7,49,47.8453277212471
68.0,5,66.0,2,34,26.20596211841791
69.0,38,66.0,7,34,37.17534876657048
68.0,43,64.0,23,42,48.92803367251741
68.0,48,64.0,33,43,53.969386648152565
69.0,47,65.0,2,71,64.64930246685904
69.0,48,64.0,38,71,75.33002104532338
69.0,47,65.0,2,69,63.22663860623549
69.0,48,64.0,38,69,73.90735718469983
69.0,46,65.0,10,60,58.8453277212471
67.0,46,64.0,10,49,51.02067648781758
67.0,26,65.0,2,57,48.62862597904146
67.0,26,65.0,2,56,47.91729404872969
67.0,31,65.0,2,52,46.51530667592372
67.0,35,64.0,40,54,60.06202946345273
66.0,30,64.0,5,28,30.02067648781758
66.0,10,64.0,11,29,26.690655442494197
68.0,21,64.0,20,75,65.18528563060033
67.0,2,63.0,26,75,61.432600724653405
67.0,2,63.0,48,75,67.78329825779437
68.0,21,64.0,20,78,67.31928142153566
67.0,2,63.0,26,78,63.56659651558873
67.0,2,63.0,48,78,69.91729404872969
65.0,2,63.0,43,39,40.732008418129354
66.0,5,64.0,2,41,31.185285630600333
66.0,26,64.0,2,32,30.8453277212471
66.0,6,64.0,13,33,28.958647024364844
67.0,38,64.0,13,44,46.02067648781758
67.0,38,64.0,13,43,45.3093445575058
67.0,39,64.0,13,51,51.28866806968822
67.0,31,64.0,2,47,42.95864702436484
67.0,23,63.0,32,47,49.3093445575058
67.0,28,63.0,33,41,46.7733613937645
67.0,28,64.0,33,15,28.27873120565837
68.0,34,65.0,28,11,25.7220715540995
66.0,3,64.0,5,27,21.515306675923714
66.0,5,63.0,31,38,37.422663860623544
66.0,7,63.0,47,60,58.267991581870646
66.0,7,63.0,47,58,56.8453277212471
65.0,1,63.0,47,55,52.979323512182425
65.0,1,63.0,39,55,50.66997895467662
66.0,29,63.0,39,82,77.95864702436484
66.0,29,63.0,39,79,75.82465123342952
66.0,19,63.0,44,80,75.09264281530017
66.0,4,62.0,49,64,60.82465123342952
65.0,2,63.0,17,20,19.711331930311776
66.0,27,63.0,40,43,49.928033672517415
65.0,15,63.0,7,19,19.866004209064677
64.0,32,62.0,5,62,54.783298257794364
65.0,27,62.0,5,50,44.80397474561194
65.0,22,62.0,26,49,48.71133193031178
65.0,32,62.0,20,49,49.86600420906468
65.0,43,62.0,5,46,46.577336139376456
65.0,43,62.0,5,33,37.330021045323384
64.0,17,62.0,6,32,29.40198737280597
64.0,22,62.0,1,32,29.40198737280597
64.0,17,62.0,6,48,40.783298257794364
64.0,22,62.0,1,48,40.783298257794364
64.0,32,62.0,1,47,42.95864702436484
64.0,32,62.0,1,44,40.82465123342952
64.0,7,62.0,1,38,29.339957909353235
64.0,2,62.0,13,43,34.91729404872969
64.0,17,62.0,3,40,34.22663860623549
64.0,2,62.0,1,42,30.741945282159207
64.0,2,62.0,1,41,30.030613351847432
64.0,1,62.0,1,39,28.31928142153566
66.0,42,62.0,42,38,51.278731205658374
65.0,8,62.0,35,47,45.8453277212471
65.0,8,62.0,35,54,50.82465123342952
64.0,25,62.0,10,21,25.041352975635156
65.0,21,62.0,6,21,22.732008418129354
65.0,26,62.0,1,27,27.0
65.0,46,62.0,1,29,34.19602525438806
65.0,7,63.0,1,21,17.247315094053068
65.0,41,62.0,6,27,32.7733613937645
65.0,40,62.0,3,21,27.35069753314096
65.0,45,62.0,8,29,35.928033672517415
64.0,8,62.0,2,58,44.14393265496518
64.0,8,62.0,2,62,46.98926037621227
64.0,8,62.0,2,67,50.545920027771146
65.0,42,62.0,3,68,61.36063439717081
65.0,47,62.0,1,79,70.051289839665
64.0,20,62.0,2,30,27.690655442494197
64.0,20,62.0,2,29,26.97932351218242
64.0,2,62.0,32,54,48.22663860623549
64.0,2,62.0,9,82,61.50456705213599
64.0,2,62.0,2,96,69.44253758868325
60.0,10,57.0,5,89,67.63856284307131
64.0,19,62.0,1,33,29.24731509405307
58.0,5,56.0,1,45,33.74194528215921
59.0,5,57.0,1,224,161.07036080796684
60.0,5,58.0,26,15,19.618689115011605
61.0,5,59.0,10,34,28.515306675923714
61.0,5,59.0,10,32,27.092642815300167
61.0,5,59.0,10,32,27.092642815300167
60.0,5,58.0,15,30,27.11331930311775
60.0,5,58.0,10,30,25.66997895467662
61.0,28,59.0,22,73,66.36063439717081
61.0,28,59.0,27,73,67.80397474561194
61.0,5,59.0,14,224,164.82304571391379
61.0,5,58.0,11,233,170.35902887765508
61.0,5,59.0,11,240,175.33835238983752
61.0,10,59.0,11,245,180.33835238983752
61.0,10,59.0,11,244,179.62702045952574
60.0,5,58.0,7,19,16.97932351218242
61.0,39,58.0,3,68,60.494630188106136
61.0,23,58.0,5,68,56.45327721247098
61.0,17,58.0,10,87,69.67991581870648
61.0,26,58.0,10,87,72.2779284459005
61.0,21,59.0,10,57,49.494630188106136
61.0,26,59.0,10,57,50.93797053654726
61.0,11,59.0,15,58,48.76262176997679
60.0,11,58.0,15,50,43.07196632748259
60.0,1,58.0,38,36,36.86600420906468
61.0,18,59.0,7,30,28.556659651558874
61.0,8,59.0,7,58,45.58727300340631
61.0,8,59.0,6,46,36.76262176997679
61.0,8,59.0,6,47,37.47395370028856
61.0,15,59.0,1,24,21.690655442494197
61.0,8,58.0,48,24,33.23737823002321
61.0,6,58.0,7,38,30.783298257794364
61.0,6,59.0,15,28,25.97932351218242
61.0,8,59.0,10,24,22.267991581870646
60.0,8,58.0,15,24,23.711331930311772
61.0,22,59.0,2,31,28.97932351218242
61.0,12,59.0,12,42,36.80397474561194
61.0,7,59.0,12,49,40.33995790935324
61.0,5,59.0,9,40,32.49463018810614
61.0,5,58.0,9,52,41.030613351847435
61.0,28,58.0,26,70,65.3813108849884
61.0,28,58.0,41,68,68.28866806968821
61.0,18,58.0,46,75,71.82465123342952
60.0,3,57.0,51,22,31.237378230023218
61.0,7,58.0,51,38,43.7733613937645
61.0,2,58.0,53,49,50.732008418129354
61.0,4,58.0,53,42,46.33002104532338
61.0,4,58.0,53,42,46.33002104532338
61.0,4,58.0,53,41,45.618689115011605
61.0,3,59.0,2,41,30.60794949122388
61.0,1,58.0,11,71,53.968583888394704
60.0,2,58.0,27,40,36.82465123342952
60.0,2,58.0,27,47,41.80397474561194
60.0,2,58.0,22,46,39.64930246685904
61.0,33,58.0,29,32,40.66004209064677
61.0,38,58.0,29,34,43.52604629971144
61.0,21,59.0,2,26,25.133995790935323
61.0,28,58.0,27,26,34.37137402095854
61.0,28,58.0,27,27,35.08270595127031
61.0,10,59.0,15,37,33.53598316374129
61.0,21,58.0,32,47,48.732008418129354
61.0,21,58.0,32,46,48.02067648781758
61.0,41,58.0,17,39,44.48469332407628
61.0,46,58.0,7,38,42.33002104532338
61.0,46,58.0,9,38,42.90735718469983
61.0,46,58.0,9,40,44.330021045323384
61.0,12,59.0,2,30,25.381310884988395
61.0,12,59.0,2,33,27.515306675923718
60.0,2,58.0,2,19,14.669978954676617
61.0,43,58.0,2,19,26.50536981189386
61.0,38,58.0,9,35,38.46401683625871
61.0,43,58.0,9,37,41.330021045323384
61.0,38,58.0,19,38,43.48469332407628
61.0,38,58.0,19,42,46.33002104532338
61.0,19,59.0,2,38,33.09264281530017
61.0,19,59.0,2,40,34.51530667592372
60.0,11,58.0,15,26,26.0
60.0,11,58.0,15,28,27.42266386062355
61.0,1,58.0,10,65,49.41192423683582
61.0,6,58.0,2,65,48.545920027771146
61.0,1,58.0,3,69,50.23657547026535
61.0,1,58.0,3,70,50.94790740057712
61.0,13,59.0,2,34,28.515306675923714
61.0,8,59.0,1,37,28.917294048729687
61.0,8,59.0,3,55,42.29860493371808
61.0,8,59.0,2,54,41.298604933718075
61.0,8,59.0,3,58,44.432600724653405
60.0,1,58.0,13,37,30.360634397170816
61.0,44,58.0,10,50,51.1546722787529
61.0,2,58.0,3,96,69.73120565837148
61.0,7,59.0,2,64,48.1232561671476
61.0,7,59.0,1,87,64.19522249463019
60.0,4,58.0,37,75,65.18528563060033
60.0,5,56.0,1,22,17.381310884988395
60.0,6,55.0,3,22,18.24731509405307
59.0,21,55.0,15,41,39.556659651558874
58.0,21,55.0,11,41,38.40198737280597
56.0,1,54.0,17,15,15.866004209064677
58.0,4,55.0,11,15,15.0
56.0,1,54.0,17,20,19.42266386062355
58.0,4,55.0,11,20,18.556659651558874
59.0,14,56.0,14,19,21.59801262719403
58.0,2,56.0,18,19,19.288668069688224
58.0,2,56.0,23,19,20.732008418129354
60.0,10,56.0,21,35,33.8453277212471
58.0,10,56.0,6,27,23.82465123342952
57.0,4,55.0,20,27,26.133995790935323
58.0,15,55.0,5,18,18.57733613937645
57.0,5,54.0,5,18,15.690655442494197
58.0,10,55.0,5,23,20.690655442494197
58.0,5,55.0,10,23,20.690655442494197
59.0,5,55.0,15,26,24.267991581870646
58.0,5,55.0,10,26,22.82465123342952
59.0,5,55.0,15,31,27.82465123342952
58.0,5,55.0,10,31,26.38131088498839
59.0,31,54.0,30,32,40.37137402095854
58.0,5,54.0,5,32,25.64930246685904
59.0,31,54.0,30,34,41.794037881582085
58.0,5,54.0,5,34,27.07196632748259
59.0,9,56.0,2,22,18.82465123342952
59.0,6,56.0,1,22,17.66997895467662
59.0,10,55.0,3,32,26.515306675923718
59.0,15,55.0,8,34,30.82465123342952
58.0,15,56.0,2,21,19.8453277212471
58.0,5,56.0,2,18,14.82465123342952
59.0,25,56.0,2,27,27.0
58.0,5,56.0,2,28,21.937970536547265
58.0,5,55.0,44,29,34.77336139376451
59.0,37,55.0,38,20,35.8767438328524
59.0,42,55.0,39,21,38.320084181293524
59.0,42,55.0,39,22,39.0314161116053
59.0,52,55.0,38,21,40.918096808487554
59.0,52,55.0,39,18,39.07276908724046
58.0,45,55.0,2,31,35.618689115011605
58.0,45,55.0,12,39,44.19602525438806
58.0,35,55.0,2,45,42.6906554424942
58.0,25,55.0,2,44,39.09264281530017
57.0,2,55.0,31,38,36.556659651558874
57.0,2,55.0,31,35,34.422663860623544
58.0,37,56.0,2,34,35.443340348441126
58.0,9,56.0,28,22,26.330021045323384
58.0,3,56.0,2,17,13.535983163741294
57.0,5,54.0,12,13,14.154672278752901
59.0,11,56.0,2,23,20.11331930311775
59.0,38,54.0,30,29,40.25805471784079
59.0,37,55.0,35,24,37.856067345034816
59.0,42,55.0,35,27,41.43340348441127
58.0,7,55.0,28,26,28.59801262719403
58.0,7,55.0,28,21,25.041352975635156
59.0,37,54.0,33,37,46.52604629971144
59.0,37,55.0,23,21,32.25805471784079
59.0,43,55.0,33,16,33.32008418129353
57.0,2,54.0,11,26,22.24731509405307
56.0,2,54.0,11,21,18.690655442494197
58.0,47,54.0,23,19,33.7220715540995
59.0,47,55.0,23,23,36.5673992753466
59.0,42,54.0,33,42,51.52604629971144
59.0,47,54.0,34,48,57.52604629971144
57.0,3,54.0,31,26,28.309344557505803
57.0,3,54.0,31,30,31.154672278752905
58.0,32,55.0,45,28,42.144735414723044
58.0,32,55.0,47,19,36.320084181293524
58.0,27,55.0,50,27,41.43340348441127
58.0,27,55.0,42,36,45.52604629971144
58.0,18,56.0,5,15,17.309344557505803
58.0,18,56.0,5,22,22.288668069688228
58.0,3,56.0,5,25,20.092642815300167
58.0,3,56.0,10,20,17.97932351218242
58.0,3,56.0,10,21,18.690655442494197
58.0,5,56.0,8,25,21.535983163741296
58.0,3,55.0,37,31,33.59801262719403
58.0,3,55.0,60,49,53.041352975635164
58.0,5,56.0,35,40,40.0
58.0,3,56.0,47,40,42.88668069688225
59.0,22,56.0,2,45,38.93797053654726
58.0,22,56.0,2,26,25.42266386062355
58.0,22,56.0,2,19,20.443340348441126
58.0,27,56.0,25,23,31.37137402095854
58.0,17,56.0,39,23,32.52604629971144
58.0,17,56.0,44,30,38.94871016033499
58.0,15,56.0,43,50,52.3093445575058
58.0,12,56.0,43,50,51.443340348441126
58.0,12,56.0,42,51,51.86600420906468
58.0,12,56.0,37,42,44.02067648781758
58.0,12,56.0,37,43,44.732008418129354
58.0,12,56.0,32,46,45.42266386062355
58.0,11,56.0,37,36,39.46401683625871
58.0,7,56.0,37,32,35.46401683625871
58.0,5,56.0,52,36,42.06202946345273
58.0,5,56.0,22,36,33.40198737280597
59.0,6,57.0,22,29,28.711331930311776
58.0,2,56.0,22,44,38.22663860623549
58.0,4,56.0,5,52,39.58727300340631
57.0,2,55.0,39,59,53.80397474561194
59.0,12,57.0,2,51,40.319281421535656
59.0,20,56.0,34,48,49.732008418129354
59.0,31,56.0,29,57,57.86600420906467
59.0,41,56.0,24,54,57.17534876657048
59.0,30,55.0,29,57,57.57733613937645
59.0,35,55.0,29,56,58.3093445575058
58.0,28,56.0,2,25,26.443340348441126
58.0,28,56.0,2,23,25.020676487817582
59.0,20,56.0,34,28,35.50536981189386
59.0,20,55.0,44,38,45.50536981189386
59.0,20,55.0,44,37,44.794037881582085
59.0,30,56.0,39,29,40.54672278752902
59.0,25,55.0,34,46,49.752684905946936
59.0,35,55.0,34,48,54.06202946345273
59.0,40,55.0,29,48,54.06202946345273
59.0,35,56.0,34,31,41.969386648152565
59.0,40,56.0,29,31,41.969386648152565
59.0,40,56.0,28,31,41.68071857846434
59.0,40,56.0,28,39,47.37137402095854
58.0,21,56.0,2,27,25.845327721247095
59.0,6,56.0,6,56,43.29860493371808
59.0,13,56.0,4,56,44.74194528215921
59.0,13,56.0,4,55,44.030613351847435
59.0,38,56.0,9,18,26.371374020958537
59.0,43,56.0,11,21,30.52604629971144
59.0,43,56.0,4,19,27.082705951270313
59.0,3,57.0,4,39,29.762621769976786
59.0,3,57.0,4,50,37.58727300340631
59.0,3,56.0,12,52,41.31928142153566
59.0,34,56.0,14,17,25.94871016033499
59.0,39,56.0,19,17,28.83539085721724
59.0,23,56.0,34,20,30.680718578464344
60.0,13,56.0,44,51,52.732008418129354
60.0,23,56.0,34,53,54.1546722787529
59.0,2,57.0,32,35,34.71133193031177
58.0,4,56.0,16,21,20.711331930311772
59.0,7,57.0,18,34,31.40198737280597
59.0,4,57.0,16,35,30.669978954676616
58.0,2,56.0,23,20,21.443340348441126
59.0,2,56.0,23,57,47.76262176997678
58.0,2,56.0,23,20,21.443340348441126
59.0,7,56.0,18,52,44.205962118417915
59.0,2,56.0,18,54,44.18528563060033
59.0,1,56.0,16,58,46.16460914278276
59.0,5,57.0,4,34,26.783298257794364
59.0,4,57.0,4,34,26.494630188106136
59.0,2,57.0,4,37,28.051289839665014
59.0,1,57.0,5,36,27.339957909353238
59.0,3,57.0,10,38,30.783298257794364
59.0,2,57.0,9,25,20.958647024364844
59.0,2,57.0,10,25,21.247315094053068
59.0,4,57.0,10,28,23.958647024364844
59.0,6,57.0,5,24,20.247315094053068
59.0,4,57.0,4,24,19.38131088498839
60.0,5,57.0,49,30,36.928033672517415
59.0,2,57.0,37,31,33.3093445575058
60.0,48,57.0,19,30,40.680718578464344
60.0,48,57.0,17,32,41.52604629971144
59.0,30,57.0,2,52,46.2266386062355
59.0,30,57.0,2,51,45.51530667592371
59.0,1,57.0,6,27,21.22663860623549
59.0,2,57.0,5,37,28.339957909353238
59.0,1,56.0,5,42,31.607949491223884
59.0,1,57.0,13,24,21.113319303117745
59.0,1,57.0,13,23,20.401987372805973
59.0,1,57.0,6,24,19.092642815300167
59.0,3,57.0,5,25,20.092642815300167
60.0,39,57.0,1,44,42.8453277212471
59.0,24,57.0,1,26,25.711331930311776
60.0,19,57.0,1,41,34.93797053654726
60.0,20,57.0,39,18,29.835390857217245
60.0,30,57.0,29,41,46.19602525438806
61.0,45,59.0,1,50,48.8453277212471
60.0,13,58.0,10,50,42.205962118417915
60.0,13,58.0,5,51,41.47395370028856
60.0,40,57.0,8,46,46.577336139376456
60.0,40,57.0,8,45,45.86600420906467
60.0,2,58.0,5,37,28.339957909353238
60.0,2,58.0,5,39,29.762621769976786
60.0,1,58.0,5,45,33.74194528215921
61.0,15,59.0,5,43,36.36063439717081
61.0,15,59.0,5,44,37.07196632748259
61.0,10,58.0,32,41,41.28866806968823
61.0,10,58.0,30,40,40.0
61.0,11,58.0,30,40,40.28866806968823
61.0,11,58.0,31,39,39.86600420906468
61.0,4,59.0,5,27,21.80397474561194
61.0,5,59.0,5,27,22.092642815300167
61.0,5,58.0,43,41,43.020676487817575
61.0,5,58.0,38,41,41.57733613937645
61.0,34,58.0,12,29,33.90735718469983
61.0,1,57.0,45,64,58.80397474561194
61.0,7,58.0,34,61,55.22663860623549
61.0,7,58.0,34,59,53.80397474561194
61.0,9,58.0,23,48,43.381310884988395
61.0,10,58.0,23,49,44.381310884988395
61.0,3,58.0,28,51,45.22663860623549
61.0,3,58.0,33,50,45.95864702436484
60.0,1,58.0,12,29,24.381310884988395
60.0,1,58.0,5,29,22.360634397170816
60.0,1,58.0,5,34,25.917294048729687
60.0,1,58.0,7,28,22.22663860623549
60.0,1,58.0,5,28,21.64930246685904
60.0,22,58.0,8,98,78.37057126120068
60.0,22,58.0,8,85,69.1232561671476
60.0,5,57.0,38,83,71.45327721247098
60.0,5,57.0,36,80,68.74194528215921
59.0,2,57.0,36,75,64.31928142153566
59.0,2,57.0,36,49,45.82465123342952
59.0,5,57.0,11,23,20.979323512182425
59.0,3,57.0,6,28,22.515306675923718
60.0,1,57.0,38,60,53.93797053654727
60.0,37,57.0,2,31,33.3093445575058
60.0,42,57.0,2,33,36.17534876657048
58.0,2,56.0,5,37,28.339957909353238
59.0,23,57.0,4,33,31.267991581870646
59.0,8,57.0,7,34,28.515306675923714
60.0,9,58.0,27,50,45.95864702436484
60.0,9,58.0,27,66,57.33995790935324
60.0,42,57.0,5,74,66.20596211841792
60.0,37,56.0,5,97,81.12325616714759
60.0,37,56.0,5,97,81.12325616714759
60.0,47,56.0,39,50,60.392050508776116
59.0,40,56.0,3,159,125.51450391616585
60.0,40,57.0,3,55,51.53598316374129
60.0,46,56.0,40,56,64.66004209064675
60.0,46,56.0,40,57,65.37137402095854
59.0,2,56.0,40,59,54.09264281530017
59.0,2,56.0,39,59,53.80397474561194
59.0,1,57.0,2,67,48.52524353995357
58.0,1,56.0,2,149,106.85446182551908
59.0,42,56.0,2,144,115.13319303117746
60.0,44,56.0,40,71,74.75268490594694
59.0,1,56.0,39,68,59.91729404872969
59.0,1,56.0,39,72,62.76262176997679
59.0,37,56.0,2,140,110.84452496148923
59.0,37,56.0,2,141,111.555856891801
58.0,27,55.0,13,39,39.28866806968823
58.0,20,56.0,12,37,35.556659651558874
59.0,40,56.0,12,36,40.618689115011605
59.0,38,56.0,12,37,40.752684905946936
60.0,33,56.0,12,58,54.24731509405307
59.0,39,56.0,2,38,38.86600420906468
59.0,38,56.0,10,32,36.618689115011605
59.0,37,56.0,10,37,39.88668069688225
59.0,37,56.0,15,36,40.618689115011605
59.0,37,56.0,15,44,46.30934455750581
59.0,37,56.0,15,50,50.577336139376456
58.0,21,56.0,2,27,25.845327721247095
58.0,11,56.0,2,31,25.803974745611942
58.0,6,56.0,2,29,22.937970536547265
58.0,6,56.0,3,29,23.22663860623549
58.0,6,56.0,3,32,25.360634397170813
58.0,6,56.0,2,32,25.07196632748259
58.0,6,56.0,3,32,25.360634397170813
58.0,6,56.0,2,32,25.07196632748259
58.0,25,56.0,9,43,40.40198737280597
58.0,15,56.0,6,42,35.93797053654727
58.0,5,56.0,4,42,32.47395370028856
59.0,17,57.0,29,50,48.8453277212471
59.0,17,57.0,29,51,49.556659651558874
59.0,12,57.0,29,52,48.82465123342952
59.0,2,57.0,34,54,48.80397474561194
59.0,2,57.0,39,59,53.80397474561194
59.0,10,57.0,34,86,73.87594107309454
60.0,10,58.0,34,18,25.50536981189386
60.0,10,58.0,34,26,31.196025254388058
60.0,27,58.0,13,61,54.93797053654727
60.0,17,58.0,13,57,49.20596211841791
61.0,24,59.0,14,34,35.1546722787529
61.0,22,59.0,13,34,34.28866806968823
61.0,31,58.0,17,26,32.35069753314096
61.0,34,59.0,2,25,28.17534876657048
61.0,34,59.0,2,34,34.57733613937645
61.0,21,59.0,2,36,32.24731509405307
61.0,26,59.0,2,37,34.401987372805976
61.0,25,59.0,2,38,34.82465123342952
61.0,19,59.0,1,36,31.381310884988395
61.0,16,59.0,1,39,32.64930246685904
60.0,9,58.0,27,39,38.13399579093532
60.0,9,58.0,22,39,36.6906554424942
61.0,15,59.0,12,18,20.59801262719403
61.0,17,58.0,41,23,33.103382439087895
61.0,22,58.0,36,65,62.97932351218242
61.0,15,59.0,12,62,51.896617560912105
60.0,2,58.0,2,79,57.34989477338309
61.0,54,58.0,3,85,76.91729404872969
61.0,49,58.0,3,86,76.18528563060033
61.0,49,58.0,3,87,76.8966175609121
61.0,54,58.0,3,75,69.80397474561194
61.0,53,58.0,3,71,66.66997895467662
61.0,2,58.0,3,89,64.75188214618906
61.0,41,58.0,10,45,46.732008418129354
61.0,46,58.0,10,45,48.17534876657048
61.0,46,58.0,10,53,53.86600420906468
61.0,44,58.0,10,53,53.28866806968823
61.0,36,59.0,2,54,49.38131088498839
61.0,26,59.0,9,55,49.2266386062355
61.0,26,59.0,9,54,48.51530667592371
61.0,21,59.0,10,76,63.009936864029854
61.0,21,59.0,6,75,61.14393265496518
61.0,20,59.0,9,37,34.6906554424942
61.0,1,59.0,32,36,35.13399579093532
61.0,1,59.0,32,33,33.0
61.0,2,59.0,37,23,27.61868911501161
61.0,2,59.0,27,23,24.732008418129354
61.0,2,59.0,26,35,32.97932351218242
61.0,2,59.0,15,44,36.205962118417915
61.0,2,59.0,4,28,21.64930246685904
61.0,2,59.0,5,28,21.937970536547265
61.0,2,59.0,8,38,29.917294048729687
61.0,1,59.0,8,36,28.205962118417915
61.0,35,59.0,8,29,33.04135297563516
61.0,35,59.0,8,36,38.02067648781758
61.0,35,59.0,8,34,36.598012627194024
61.0,20,58.0,9,47,41.80397474561194
61.0,25,59.0,9,32,32.57733613937645
61.0,20,59.0,4,32,29.690655442494197
61.0,20,58.0,10,54,47.071966327482585
61.0,20,58.0,10,61,52.05128983966501
61.0,20,59.0,11,31,31.0
61.0,27,59.0,2,38,35.40198737280597
61.0,22,59.0,2,33,30.401987372805973
61.0,22,59.0,4,24,24.57733613937645
61.0,20,59.0,4,29,27.556659651558874
61.0,20,59.0,4,24,24.0
61.0,22,59.0,2,41,36.09264281530017
61.0,22,59.0,2,34,31.113319303117745
60.0,20,58.0,5,30,28.556659651558874
60.0,20,58.0,11,35,33.845327721247095
60.0,20,58.0,10,36,34.267991581870646
61.0,27,59.0,2,31,30.422663860623548
61.0,22,59.0,2,32,29.690655442494197
61.0,20,58.0,4,65,53.16460914278275
61.0,27,59.0,1,29,28.711331930311776
61.0,22,59.0,2,27,26.133995790935323
61.0,22,59.0,2,26,25.42266386062355
61.0,22,59.0,4,34,31.690655442494197
61.0,20,58.0,6,73,59.432600724653405
61.0,20,58.0,11,78,64.4326007246534
61.0,20,58.0,11,84,68.70059230652404
61.0,20,58.0,10,83,67.70059230652404
61.0,27,59.0,3,46,41.381310884988395
61.0,22,59.0,1,45,38.64930246685904
61.0,27,58.0,38,44,50.06202946345273
61.0,32,58.0,38,43,50.794037881582085
61.0,37,58.0,38,55,60.77336139376451
61.0,37,58.0,38,51,57.92803367251741
61.0,42,58.0,28,49,55.06202946345274
60.0,4,57.0,36,54,49.958647024364836
60.0,4,57.0,36,55,50.66997895467662
59.0,1,57.0,36,56,50.51530667592372
59.0,2,57.0,29,60,51.628625979041466
59.0,2,57.0,24,51,43.783298257794364
58.0,1,56.0,15,44,35.91729404872969
59.0,39,57.0,1,43,42.13399579093532
59.0,19,57.0,6,42,37.09264281530017
59.0,19,56.0,40,41,46.196025254388054
59.0,28,56.0,25,41,44.46401683625871
60.0,33,57.0,1,74,62.45327721247099
60.0,18,57.0,1,74,58.1232561671476
59.0,8,57.0,1,41,31.762621769976782
59.0,7,57.0,3,52,39.87594107309453
59.0,5,57.0,3,51,38.5872730034063
60.0,37,58.0,21,42,46.618689115011605
60.0,37,58.0,21,48,50.88668069688225
60.0,27,58.0,20,49,48.42266386062355
60.0,2,58.0,22,36,32.53598316374129
60.0,9,58.0,6,39,32.07196632748259
61.0,10,57.0,44,38,42.618689115011605
60.0,3,58.0,27,21,23.59801262719403
60.0,3,58.0,1,28,21.07196632748259
60.0,1,58.0,1,28,20.49463018810614
60.0,3,58.0,1,33,24.628625979041463
60.0,1,58.0,1,33,24.051289839665014
61.0,15,58.0,1,47,38.05128983966501
61.0,10,58.0,1,48,37.319281421535656
60.0,7,58.0,3,26,21.381310884988395
60.0,1,58.0,3,37,27.47395370028856
60.0,1,58.0,3,36,26.762621769976786
60.0,2,58.0,1,28,20.783298257794364
60.0,2,58.0,1,30,22.205962118417915
60.0,1,58.0,1,31,22.628625979041463
60.0,1,58.0,3,40,29.607949491223884
60.0,1,58.0,8,34,26.783298257794364
60.0,1,58.0,10,34,27.360634397170813
61.0,46,57.0,10,51,52.443340348441126
60.0,43,57.0,5,33,37.330021045323384
60.0,31,57.0,10,27,31.041352975635153
60.0,35,57.0,10,34,37.17534876657048
60.0,37,57.0,5,25,29.907357184699833
60.0,32,57.0,13,30,34.330021045323384
60.0,32,57.0,13,29,33.618689115011605
60.0,33,57.0,18,33,38.19602525438806
60.0,23,57.0,38,35,42.50536981189386
60.0,18,57.0,39,31,38.50536981189386
59.0,18,56.0,39,21,31.392050508776116
59.0,18,56.0,39,23,32.81471436939967
59.0,6,57.0,4,18,15.690655442494197
59.0,27,56.0,9,61,53.783298257794364
59.0,27,56.0,9,62,54.494630188106136
59.0,35,56.0,8,59,54.381310884988395
59.0,37,57.0,1,53,48.66997895467662
59.0,27,56.0,17,51,48.97932351218242
59.0,3,56.0,5,70,52.10257967933002
59.0,3,55.0,42,59,54.95864702436484
58.0,3,55.0,32,40,38.556659651558874
59.0,8,55.0,32,63,56.36063439717081
58.0,1,56.0,13,23,20.401987372805973
58.0,1,56.0,13,24,21.113319303117745
58.0,1,56.0,8,25,20.381310884988395
57.0,1,55.0,31,25,27.02067648781758
58.0,1,56.0,31,21,24.17534876657048
58.0,1,56.0,8,26,21.092642815300167
58.0,1,56.0,8,27,21.80397474561194
58.0,1,56.0,8,28,22.515306675923718
58.0,1,56.0,3,24,18.22663860623549
58.0,1,56.0,2,24,17.937970536547265
59.0,12,56.0,36,29,34.48469332407628
59.0,2,55.0,36,36,36.57733613937645
60.0,41,55.0,38,36,48.41272699659369
60.0,46,55.0,38,36,49.85606734503482
59.0,40,55.0,38,21,37.454079972228854
59.0,45,55.0,38,23,40.320084181293524
60.0,40,56.0,38,25,40.29940769347595
60.0,40,55.0,38,45,54.52604629971144
59.0,5,57.0,7,51,39.74194528215921
59.0,6,57.0,7,39,31.49463018810614
59.0,2,56.0,37,37,37.577336139376456
59.0,2,57.0,5,36,27.628625979041463
59.0,1,57.0,5,34,25.917294048729687
59.0,2,57.0,5,41,31.185285630600333
59.0,4,57.0,6,42,32.76262176997678
59.0,2,57.0,5,43,32.607949491223884
59.0,2,57.0,5,45,34.030613351847435
59.0,2,57.0,6,41,31.473953700288558
59.0,2,57.0,6,43,32.89661756091211
59.0,4,57.0,5,49,37.45327721247099
59.0,1,57.0,5,49,36.58727300340631
59.0,1,57.0,6,48,36.16460914278275
59.0,1,57.0,6,51,38.29860493371808
59.0,3,57.0,5,50,37.87594107309453
59.0,3,57.0,5,51,38.5872730034063
59.0,1,57.0,6,53,39.721268794341626
59.0,28,57.0,5,31,31.57733613937645
59.0,28,57.0,5,35,34.42266386062355
59.0,15,57.0,5,33,29.24731509405307
59.0,4,57.0,5,34,26.783298257794364
59.0,2,57.0,5,36,27.628625979041463
59.0,2,57.0,13,19,17.8453277212471
59.0,4,57.0,5,18,15.401987372805971
59.0,3,57.0,5,26,20.803974745611942
59.0,2,57.0,5,26,20.515306675923718
59.0,3,57.0,5,19,15.82465123342952
59.0,3,57.0,5,18,15.113319303117745
59.0,5,57.0,5,26,21.381310884988395
59.0,8,57.0,5,24,20.82465123342952
59.0,8,57.0,5,27,22.958647024364844
60.0,22,57.0,31,28,35.216701742205636
60.0,31,56.0,28,39,44.77336139376451
60.0,41,56.0,23,37,44.794037881582085
60.0,7,58.0,15,25,24.133995790935323
58.0,13,55.0,32,8,18.68071857846434
60.0,6,58.0,2,29,22.937970536547265
60.0,8,57.0,5,29,24.381310884988395
60.0,40,57.0,5,28,32.90735718469983
60.0,2,57.0,5,45,34.030613351847435
61.0,46,57.0,5,46,47.44334034844113
60.0,33,57.0,12,24,30.062029463452735
61.0,45,57.0,5,47,47.86600420906468
60.0,40,57.0,5,26,31.484693324076282
60.0,33,57.0,13,30,34.618689115011605
60.0,35,57.0,13,31,35.90735718469983
60.0,30,57.0,13,25,30.196025254388058
60.0,35,57.0,13,18,26.660042090646762
60.0,35,57.0,13,19,27.371374020958537
60.0,40,57.0,13,18,28.103382439087888
61.0,40,58.0,8,45,45.86600420906467
60.0,7,58.0,1,40,30.762621769976786
60.0,7,58.0,1,41,31.473953700288558
60.0,9,58.0,1,40,31.339957909353238
60.0,9,58.0,1,42,32.76262176997678
60.0,9,57.0,43,40,43.46401683625871
60.0,2,57.0,37,34,35.443340348441126
60.0,2,57.0,37,35,36.1546722787529
60.0,4,57.0,38,40,40.57733613937645
60.0,4,57.0,38,39,39.86600420906468
60.0,4,58.0,5,30,23.93797053654727
61.0,23,58.0,33,35,41.06202946345273
60.0,2,58.0,26,34,32.267991581870646
60.0,2,58.0,11,42,33.62862597904146
60.0,4,58.0,6,38,29.917294048729687
61.0,15,59.0,1,66,51.56659651558873
61.0,10,59.0,1,66,50.1232561671476
61.0,25,58.0,39,31,40.52604629971144
61.0,35,58.0,34,31,41.969386648152565
61.0,10,59.0,6,93,70.77255863400664
61.0,39,58.0,8,40,42.02067648781758
61.0,20,59.0,2,30,27.690655442494197
61.0,4,59.0,2,30,23.071966327482592
61.0,1,59.0,7,16,13.690655442494197
61.0,1,59.0,7,18,15.113319303117745
61.0,1,59.0,7,16,13.690655442494197
61.0,3,59.0,7,22,18.535983163741296
60.0,1,58.0,9,36,28.49463018810614
61.0,27,59.0,2,30,29.711331930311776
61.0,1,59.0,26,105,82.48389056431841
61.0,2,59.0,12,105,78.7312056583715
61.0,2,59.0,5,107,78.13319303117746
61.0,6,58.0,45,108,91.54592002777115
61.0,8,58.0,45,108,92.12325616714759
61.0,2,59.0,37,83,70.29860493371808
61.0,3,59.0,21,86,68.10257967933002
61.0,4,59.0,21,82,65.54592002777115
61.0,4,59.0,21,77,61.98926037621228
61.0,4,59.0,21,72,58.432600724653405
61.0,4,59.0,18,68,54.721268794341626
61.0,2,59.0,10,69,52.54592002777115
61.0,2,59.0,12,64,49.56659651558873
61.0,5,59.0,27,41,38.40198737280597
61.0,1,59.0,32,82,67.85526458527696
61.0,3,59.0,17,87,67.6592393308889
61.0,3,59.0,7,98,72.59720986743616
61.0,12,59.0,5,24,21.97932351218242
61.0,10,58.0,32,25,29.907357184699833
61.0,5,59.0,31,32,33.1546722787529
61.0,5,59.0,13,48,39.33995790935323
61.0,5,59.0,8,50,39.319281421535656
61.0,5,59.0,3,48,36.45327721247098
61.0,5,59.0,1,48,35.87594107309453
61.0,10,59.0,1,49,38.030613351847435
61.0,10,59.0,1,47,36.607949491223884
61.0,5,59.0,2,44,33.31928142153566
61.0,5,58.0,2,70,51.81391160964179
61.0,15,58.0,2,76,58.9685838883947
61.0,15,58.0,2,77,59.679915818706476
61.0,15,59.0,1,32,27.381310884988395
61.0,5,59.0,3,38,29.339957909353235
61.0,11,59.0,3,32,26.803974745611942
61.0,6,59.0,47,19,28.814714369399663
61.0,9,59.0,26,23,26.464016836258708
61.0,9,59.0,28,23,27.041352975635156
61.0,9,59.0,26,27,29.309344557505803
61.0,9,59.0,28,27,29.88668069688225
61.0,9,59.0,26,29,30.732008418129354
61.0,9,59.0,28,29,31.309344557505803
61.0,9,59.0,29,35,35.86600420906468
61.0,4,59.0,43,48,47.71133193031177
61.0,39,59.0,3,28,32.04135297563516
61.0,5,59.0,9,55,43.16460914278276
61.0,5,59.0,15,56,45.607949491223884
61.0,7,59.0,10,37,31.226638606235493
61.0,7,59.0,5,61,46.855264585276956
61.0,7,59.0,6,67,51.41192423683582
61.0,7,59.0,7,45,36.05128983966501
61.0,7,59.0,7,48,38.18528563060033
61.0,5,59.0,3,40,30.762621769976786
61.0,9,59.0,2,32,25.937970536547265
61.0,9,59.0,2,33,26.64930246685904
61.0,14,59.0,2,38,31.64930246685904
61.0,13,59.0,2,36,29.937970536547265
61.0,9,59.0,3,29,24.092642815300167
61.0,9,59.0,3,28,23.38131088498839
61.0,26,59.0,2,42,37.95864702436484
61.0,17,58.0,30,55,52.6906554424942
61.0,7,59.0,5,60,46.143932654965184
61.0,20,59.0,13,59,51.494630188106136
61.0,20,59.0,13,67,57.18528563060033
61.0,20,59.0,13,68,57.896617560912105
61.0,1,59.0,34,45,42.11331930311775
61.0,57,59.0,9,70,68.84532772124709
61.0,57,59.0,15,72,72.0
61.0,62,59.0,15,69,71.3093445575058
61.0,56,59.0,15,20,34.7220715540995
61.0,56,59.0,15,15,31.165411902540626
61.0,61,59.0,14,29,42.278731205658374
61.0,16,59.0,14,29,29.288668069688228
61.0,5,59.0,3,44,33.607949491223884
61.0,5,59.0,10,44,35.62862597904146
61.0,18,59.0,13,94,75.81391160964179
64.0,31,62.0,2,35,34.422663860623544
64.0,29,62.0,1,28,28.57733613937645
64.0,40,62.0,15,44,47.17534876657048
61.0,2,59.0,35,26,29.17534876657048
61.0,30,59.0,7,61,54.07196632748259
61.0,3,59.0,29,33,32.71133193031177
61.0,21,59.0,9,72,59.87594107309453
61.0,42,58.0,42,23,40.60875225098175
61.0,2,58.0,41,147,116.97852075242454
60.0,2,57.0,41,44,43.71133193031177
61.0,20,59.0,17,44,41.97932351218242
61.0,21,59.0,13,49,44.66997895467662
61.0,21,59.0,13,41,38.97932351218242
61.0,15,59.0,13,26,26.577336139376452
60.0,10,58.0,30,25,29.33002104532338
60.0,5,58.0,31,25,28.17534876657048
61.0,26,58.0,10,45,42.40198737280597
61.0,31,58.0,5,45,42.40198737280597
61.0,30,59.0,5,18,22.907357184699833
60.0,2,58.0,40,21,27.06202946345273
61.0,2,58.0,15,141,105.20515935866004
61.0,5,57.0,43,146,117.7105291705539
61.0,10,57.0,47,147,121.01987372805971
60.0,10,57.0,47,25,34.23737823002321
60.0,10,57.0,52,26,36.392050508776116
60.0,10,58.0,4,28,23.958647024364844
60.0,10,58.0,6,35,29.515306675923718
60.0,10,58.0,6,36,30.22663860623549
61.0,48,58.0,8,37,42.48469332407629
61.0,48,58.0,8,35,41.06202946345273
61.0,17,59.0,23,153,120.38050812523052
61.0,7,59.0,22,156,119.33915514959537
61.0,7,59.0,22,158,120.76181901021891
61.0,12,58.0,47,159,130.13319303117746
60.0,8,58.0,7,80,61.23657547026535
60.0,3,58.0,17,82,64.10257967933002
60.0,3,58.0,32,68,58.47395370028856
60.0,3,58.0,32,70,59.896617560912105
60.0,3,58.0,32,71,60.60794949122389
60.0,3,58.0,32,68,58.47395370028856
61.0,6,58.0,22,162,123.31847866177779
61.0,6,58.0,17,162,121.87513831333666
61.0,23,57.0,48,165,137.86520144930682
61.0,23,57.0,47,165,137.57653337961858
61.0,33,58.0,41,128,112.41192423683583
61.0,43,58.0,46,132,119.58727300340631
61.0,38,58.0,41,165,140.17454600681262
61.0,7,59.0,39,83,72.31928142153566
61.0,12,59.0,24,77,65.16460914278275
61.0,10,59.0,24,83,68.85526458527696
61.0,10,59.0,24,80,66.72126879434163
61.0,5,59.0,24,21,23.309344557505803
61.0,6,59.0,24,35,33.556659651558874
61.0,23,59.0,26,32,36.90735718469983
61.0,23,59.0,26,33,37.618689115011605
61.0,5,59.0,24,50,43.93797053654727
61.0,2,59.0,24,50,43.07196632748259
61.0,38,59.0,2,98,81.25725195808293
61.0,39,57.0,5,4,15.546722787529019
61.0,12,59.0,10,34,30.535983163741292
61.0,15,59.0,17,45,41.247315094053064
61.0,10,59.0,10,44,37.07196632748259
61.0,2,59.0,37,25,29.041352975635156
61.0,2,59.0,17,70,55.2779284459005
61.0,2,58.0,38,71,62.05128983966502
61.0,2,58.0,39,71,62.33995790935324
61.0,2,58.0,38,67,59.205962118417915
61.0,7,58.0,28,68,58.47395370028856
61.0,41,58.0,12,56,55.13399579093532
61.0,43,58.0,22,61,62.1546722787529
61.0,10,58.0,20,121,94.7312056583715
61.0,8,58.0,41,64,59.66997895467662
61.0,8,58.0,45,65,61.53598316374129
61.0,8,58.0,50,64,62.267991581870646
61.0,13,58.0,43,68,64.53598316374129
61.0,12,58.0,13,46,39.93797053654727
61.0,24,58.0,37,41,46.7733613937645
61.0,44,58.0,42,33,48.29940769347595
61.0,49,58.0,27,44,53.23737823002322
61.0,49,58.0,12,42,47.48469332407628
61.0,49,58.0,12,44,48.90735718469983
61.0,47,58.0,9,45,48.17534876657048
61.0,7,59.0,26,53,47.22663860623549
61.0,13,57.0,12,170,128.14312989520732
61.0,12,57.0,5,170,125.83378533770151
61.0,22,58.0,9,32,31.711331930311776
61.0,42,58.0,9,32,37.48469332407628
61.0,7,59.0,6,32,26.515306675923718
61.0,7,59.0,6,34,27.937970536547265
61.0,5,59.0,30,35,35.0
61.0,7,59.0,21,41,37.247315094053064
61.0,7,59.0,21,37,34.401987372805976
61.0,2,59.0,21,42,36.51530667592372
61.0,2,59.0,26,35,32.97932351218242
61.0,4,59.0,26,22,24.309344557505803
61.0,4,59.0,26,25,26.443340348441126
61.0,1,59.0,18,27,24.690655442494194
61.0,1,59.0,18,24,22.55665965155887
61.0,25,59.0,2,60,50.47395370028856
61.0,30,59.0,2,151,116.64849970710117
61.0,30,59.0,2,150,115.9371677767894
61.0,1,58.0,46,113,93.94790740057712
61.0,8,58.0,46,114,96.67991581870646
61.0,38,59.0,7,33,36.46401683625871
61.0,10,59.0,2,33,26.937970536547265
61.0,5,59.0,2,36,27.628625979041463
61.0,20,59.0,7,41,36.95864702436484
61.0,5,59.0,9,40,32.49463018810614
61.0,5,59.0,7,24,20.535983163741292
61.0,5,59.0,9,26,22.535983163741296
61.0,4,59.0,9,44,35.05128983966501
61.0,4,59.0,8,42,33.33995790935324
61.0,4,59.0,9,41,32.91729404872969
61.0,21,59.0,13,84,69.56659651558873
64.0,46,62.0,2,38,40.88668069688225
61.0,5,59.0,4,48,36.74194528215921
61.0,38,59.0,2,37,37.86600420906468
61.0,38,59.0,2,33,35.02067648781758
61.0,28,59.0,9,37,37.0
61.0,33,59.0,10,37,38.732008418129354
61.0,32,59.0,5,33,34.154672278752905
61.0,32,59.0,4,32,33.1546722787529
61.0,32,59.0,5,40,39.13399579093532
61.0,32,59.0,4,34,34.57733613937645
61.0,36,59.0,2,42,40.845327721247095
61.0,31,59.0,10,44,43.13399579093532
61.0,13,59.0,15,55,47.205962118417915
61.0,1,59.0,22,56,46.47395370028856
61.0,1,59.0,27,57,48.62862597904146
61.0,1,59.0,32,58,50.783298257794364
61.0,2,59.0,32,37,36.13399579093532
61.0,4,59.0,30,49,44.66997895467662
61.0,30,58.0,32,71,68.40198737280598
61.0,5,58.0,47,87,76.8966175609121
61.0,3,58.0,47,87,76.31928142153566
60.0,3,58.0,43,23,29.639365602829187
61.0,5,59.0,2,27,21.22663860623549
61.0,5,59.0,7,31,25.515306675923714
61.0,5,59.0,7,25,21.247315094053068
61.0,5,59.0,2,37,28.339957909353238
61.0,5,59.0,9,33,27.515306675923718
61.0,5,59.0,9,31,26.092642815300167
61.0,5,59.0,2,33,25.49463018810614
61.0,5,59.0,1,20,15.958647024364844
61.0,31,58.0,15,47,46.71133193031177
61.0,31,58.0,16,60,56.24731509405307
61.0,31,58.0,16,61,56.95864702436484
61.0,5,58.0,41,62,57.381310884988395
60.0,5,57.0,46,26,33.216701742205636
61.0,37,58.0,15,36,40.618689115011605
60.0,26,58.0,13,36,36.86600420906468
60.0,21,58.0,13,37,36.13399579093532
61.0,23,58.0,38,23,33.969386648152565
60.0,7,58.0,28,21,25.041352975635156
60.0,26,58.0,12,35,35.86600420906468
60.0,26,58.0,12,38,38.0
60.0,21,58.0,12,39,37.267991581870646
61.0,29,58.0,28,24,33.52604629971144
61.0,29,58.0,28,30,37.794037881582085
61.0,7,58.0,40,26,32.06202946345273
61.0,12,58.0,40,28,34.92803367251741
61.0,4,59.0,22,55,46.628625979041466
61.0,2,59.0,32,44,41.11331930311775
61.0,2,59.0,21,46,39.36063439717082
61.0,2,59.0,8,46,35.607949491223884
61.0,2,59.0,6,43,32.89661756091211
61.0,32,58.0,14,44,44.577336139376456
61.0,38,58.0,14,44,46.3093445575058
61.0,32,58.0,14,45,45.28866806968823
61.0,38,58.0,14,45,47.020676487817575
61.0,43,58.0,3,39,41.02067648781758
61.0,17,59.0,1,35,30.092642815300167
61.0,7,58.0,42,44,45.443340348441126
61.0,7,58.0,42,43,44.732008418129354
61.0,8,58.0,42,40,42.88668069688225
60.0,1,58.0,6,37,28.339957909353238
60.0,1,58.0,6,38,29.05128983966501
61.0,1,58.0,44,56,52.82465123342952
61.0,18,58.0,38,58,57.42266386062355
61.0,18,58.0,38,60,58.8453277212471
61.0,4,59.0,31,59,52.071966327482585
60.0,2,58.0,23,35,32.11331930311775
61.0,28,58.0,33,37,43.928033672517415
61.0,23,58.0,38,34,41.794037881582085
60.0,3,58.0,24,59,49.76262176997678
61.0,9,59.0,22,34,33.13399579093532
61.0,4,59.0,22,31,29.556659651558874
61.0,5,59.0,22,44,39.09264281530017
61.0,3,58.0,24,77,62.56659651558873
60.0,2,58.0,29,59,50.91729404872969
61.0,35,58.0,34,62,64.02067648781758
60.0,2,58.0,24,64,53.030613351847435
60.0,2,58.0,24,68,55.87594107309453
61.0,39,58.0,34,64,66.59801262719404
61.0,35,58.0,34,64,65.44334034844113
60.0,17,58.0,10,25,25.57733613937645
60.0,17,58.0,10,38,34.82465123342952
60.0,3,58.0,7,35,27.783298257794364
60.0,3,58.0,7,32,25.64930246685904
60.0,3,58.0,6,31,24.64930246685904
60.0,1,58.0,1,38,27.607949491223884
60.0,1,58.0,1,31,22.628625979041463
60.0,1,58.0,1,34,24.762621769976786
60.0,1,58.0,5,34,25.917294048729687
60.0,1,58.0,5,33,25.205962118417915
60.0,1,58.0,2,29,21.49463018810614
60.0,1,58.0,2,28,20.783298257794364
60.0,1,58.0,2,38,27.89661756091211
60.0,1,58.0,4,36,27.05128983966501
60.0,1,58.0,4,35,26.339957909353235
61.0,12,59.0,22,35,34.71133193031177
61.0,12,59.0,17,40,36.82465123342952
61.0,2,59.0,17,27,24.690655442494194
61.0,40,59.0,2,180,140.16380638302488
61.0,23,59.0,4,195,146.50376429237812
61.0,2,59.0,27,119,93.01987372805971
61.0,3,59.0,17,104,79.75188214618906
61.0,8,59.0,31,12,19.794037881582085
61.0,8,59.0,31,43,41.8453277212471
61.0,3,59.0,8,35,28.07196632748259
61.0,36,58.0,40,168,141.44253758868325
61.0,36,58.0,40,171,143.57653337961858
61.0,35,58.0,39,200,163.62782321928358
61.0,34,58.0,39,214,173.2978021739602
61.0,32,58.0,39,203,164.89581480115424
61.0,32,58.0,39,199,162.05048707990713
61.0,34,58.0,39,215,174.009134104272
61.0,34,58.0,39,219,176.85446182551908
61.0,32,58.0,39,228,182.6791130589486
61.0,34,58.0,39,228,183.25644919832504
61.0,34,58.0,39,220,177.56579375583087
61.0,32,58.0,37,228,182.10177691957213
61.0,32,58.0,22,206,162.12245340738974
61.0,32,58.0,22,204,160.69978954676617
61.0,36,58.0,22,194,154.74114252240133
61.0,39,58.0,6,189,147.4317979648955
60.0,34,57.0,13,77,68.33995790935325
61.0,6,59.0,25,79,65.14393265496517
61.0,5,59.0,30,66,57.05128983966502
61.0,15,59.0,5,73,57.70059230652405
61.0,5,59.0,5,84,62.63856284307131
61.0,13,59.0,3,45,36.62862597904146
61.0,2,58.0,50,28,34.92803367251741
61.0,10,58.0,22,30,30.577336139376452
61.0,10,58.0,22,32,32.0
60.0,1,57.0,28,47,41.803974745611946
61.0,22,57.0,28,44,45.732008418129354
60.0,5,58.0,33,29,31.59801262719403
60.0,2,58.0,15,36,30.515306675923718
60.0,3,58.0,10,40,32.205962118417915
60.0,2,58.0,10,30,24.803974745611942
61.0,37,57.0,22,55,56.154672278752905
60.0,32,57.0,37,32,42.68071857846434
60.0,22,58.0,5,33,31.267991581870646
60.0,22,58.0,5,31,29.845327721247095
60.0,5,58.0,5,36,28.49463018810614
60.0,5,58.0,5,33,26.360634397170816
61.0,47,58.0,2,42,44.020676487817575
61.0,5,59.0,35,52,48.5359831637413
61.0,12,59.0,15,60,50.47395370028856
61.0,12,59.0,15,56,47.62862597904146
61.0,12,59.0,10,54,44.76262176997678
64.0,9,62.0,3,48,37.607949491223884
61.0,2,59.0,18,81,63.39124774901825
64.0,42,62.0,12,39,43.330021045323384
65.0,32,62.0,10,44,43.42266386062355
65.0,32,62.0,10,43,42.71133193031177
65.0,32,62.0,10,42,42.0
65.0,41,62.0,10,34,38.90735718469983
65.0,42,62.0,10,32,37.77336139376451
65.0,41,62.0,11,31,37.06202946345273
64.0,22,62.0,5,91,72.52524353995356
64.0,22,62.0,5,110,86.04055021587729
65.0,47,62.0,10,96,84.74194528215921
65.0,20,63.0,5,110,85.46321407650083
65.0,22,62.0,42,105,93.16460914278275
65.0,37,62.0,27,119,103.12325616714759
65.0,42,62.0,32,120,106.72126879434164
65.0,42,62.0,32,122,108.14393265496518
65.0,37,62.0,27,113,98.85526458527696
65.0,37,62.0,27,112,98.14393265496517
65.0,37,62.0,32,102,92.47395370028855
65.0,42,62.0,32,94,88.2266386062355
64.0,21,62.0,7,34,32.267991581870646
64.0,21,62.0,7,39,35.82465123342952
65.0,9,62.0,37,48,47.422663860623544
65.0,28,62.0,27,52,52.86600420906468
65.0,28,62.0,27,56,55.71133193031177
65.0,43,62.0,22,55,57.88668069688225
64.0,1,62.0,22,53,44.33995790935324
64.0,23,62.0,2,77,61.98926037621228
64.0,8,62.0,2,80,59.79323512182422
64.0,8,62.0,2,81,60.50456705213599
64.0,12,62.0,2,85,64.504567052136
64.0,30,62.0,1,40,37.401987372805976
64.0,9,62.0,5,28,23.958647024364844
64.0,4,62.0,21,32,29.97932351218242
64.0,4,62.0,5,26,21.092642815300167
64.0,13,62.0,6,21,20.422663860623548
64.0,3,62.0,5,18,15.113319303117745
64.0,8,62.0,5,15,14.42266386062355
64.0,18,62.0,3,58,47.319281421535656
64.0,3,62.0,3,57,42.2779284459005
64.0,1,62.0,3,54,39.56659651558873
65.0,39,63.0,2,48,45.97932351218242
64.0,14,62.0,5,61,48.87594107309453
64.0,4,62.0,10,56,43.87594107309453
64.0,2,62.0,8,57,43.4326007246534
65.0,41,62.0,9,54,52.845327721247095
65.0,1,62.0,5,52,38.72126879434163
65.0,13,62.0,5,52,42.18528563060033
65.0,8,62.0,5,48,37.896617560912105
65.0,13,62.0,5,54,43.60794949122388
64.0,28,62.0,2,25,26.443340348441126
64.0,8,62.0,2,34,27.07196632748259
64.0,8,62.0,2,32,25.64930246685904
64.0,8,62.0,2,33,26.360634397170816
66.0,18,63.0,2,31,27.82465123342952
65.0,3,63.0,21,21,21.866004209064677
65.0,5,63.0,17,22,22.0
65.0,2,62.0,30,47,42.66997895467662
65.0,25,63.0,7,22,24.886680696882255
66.0,25,64.0,7,15,19.907357184699833
65.0,5,63.0,22,18,20.59801262719403
65.0,12,62.0,32,18,25.505369811893864
65.0,12,62.0,32,23,29.06202946345274
65.0,7,62.0,19,20,21.732008418129354
65.0,5,62.0,9,15,14.711331930311776
65.0,6,62.0,9,26,22.82465123342952
65.0,6,62.0,14,25,23.556659651558874
65.0,3,62.0,14,12,13.443340348441126
65.0,8,62.0,16,18,19.732008418129354
64.0,1,62.0,13,21,18.97932351218242
65.0,33,62.0,8,22,27.484693324076286
65.0,20,62.0,15,14,20.062029463452735
67.0,12,64.0,10,21,21.288668069688224
68.0,12,64.0,10,15,17.02067648781758
67.0,12,63.0,2,21,18.97932351218242
66.0,17,64.0,5,10,13.464016836258704
66.0,17,64.0,5,22,22.0
66.0,12,64.0,10,22,22.0
67.0,17,64.0,5,32,29.113319303117745
67.0,12,64.0,5,33,28.381310884988395
66.0,12,64.0,11,19,20.1546722787529
66.0,12,64.0,11,18,19.443340348441126
66.0,13,64.0,11,22,22.577336139376452
66.0,13,64.0,10,11,14.464016836258706
66.0,13,64.0,10,22,22.288668069688228
67.0,18,63.0,29,27,32.7733613937645
67.0,13,64.0,10,28,26.556659651558874
66.0,20,64.0,22,11,19.94871016033499
66.0,35,64.0,3,11,18.79403788158209
66.0,40,64.0,3,19,25.928033672517408
65.0,30,63.0,3,43,40.11331930311775
65.0,35,63.0,3,43,41.556659651558874
65.0,40,63.0,3,49,47.267991581870646
65.0,20,63.0,3,68,55.009936864029854
65.0,5,63.0,3,68,50.67991581870647
65.0,5,63.0,1,68,50.10257967933002
64.0,24,62.0,7,68,57.319281421535656
64.0,39,62.0,2,64,57.36063439717081
64.0,39,62.0,2,62,55.93797053654726
64.0,39,62.0,2,63,56.64930246685904
64.0,6,62.0,3,8,8.288668069688224
65.0,14,62.0,3,7,9.886680696882255
65.0,2,62.0,3,30,22.783298257794364
66.0,12,63.0,5,20,19.133995790935323
66.0,17,63.0,5,18,19.1546722787529
67.0,11,63.0,3,8,9.732008418129354
66.0,5,63.0,8,23,20.11331930311775
66.0,6,63.0,8,23,20.401987372805973
67.0,5,63.0,3,20,16.535983163741296
67.0,6,62.0,3,16,13.979323512182422
73.0,19,62.0,3,4,9.196025254388058
72.0,12,62.0,3,3,6.464016836258706
