date,max(buy),min(buy),mean(buy),mean-std(buy),mean-2std(buy),mean-2.5std(buy),price_quantile_90(buy),price_quantile_95(buy),price_quantile_N(buy),max(sell),min(sell),mean(sell),mean+std(sell),mean+2std(sell),mean+2.5std(sell),price_quantile_90(sell),price_quantile_95(sell),price_quantile_N(sell)
20220916_0,1560.0,70.0,233.5782967032967,122.30825245496352,11.038208206630344,-44.596813917536224,325.0,385.0,385.0,-15.0,-580.0,-194.88324175824167,-103.12212108283892,-11.36100040743608,34.51955993026533,-305.0,-363.25,-363.24999999999983
20220916_1,1560.0,50.0,275.9352517985611,-55.79439097360142,-387.524033745764,-553.3888551318453,506.0000000000005,1446.0,1446.0,-60.0,-580.0,-182.76978417266187,-71.61624021292538,39.53730374681112,95.11407572667936,-345.0,-435.0,-435.0
20220916_2,400.0,40.0,151.97992700729927,54.11910748011489,-43.74171204706949,-92.67212181066168,305.0,325.0,325.0,-20.0,-570.0,-154.54379562043795,-43.01186735877657,68.52006090288481,124.28602503371548,-310.0,-390.0,-390.0
20220919_0,500.0,30.0,120.02738892270236,43.96338225374596,-32.10062441521045,-70.13262774968864,238.99999999999977,280.0,280.0,-15.0,-550.0,-111.3481436396835,-30.87323299352761,49.60167765262828,89.83913297570622,-208.99999999999991,-259.49999999999994,-259.4999999999996
20220919_1,315.0,5.0,82.78664007976072,39.63906870955751,-3.5085026606456893,-25.082288345747287,135.0,150.0,150.0,-15.0,-420.0,-94.64107676969093,-46.32026359704505,2.0005495756008287,26.160956161923764,-160.0,-175.0,-175.0
20220919_2,580.0,25.0,82.72200772200772,2.409369470697498,-77.90326878061272,-118.05958790626782,136.50000000000006,190.0,190.0,-35.0,-265.0,-80.67567567567568,-49.5068425620288,-18.33800944838191,-2.753592891558469,-115.0,-145.75,-145.7499999999999
20220920_0,1500.0,15.0,85.90198863636364,-0.5048212674182508,-86.91163117120014,-130.1150361230911,125.0,230.0,230.0,0.0,-1320.0,-107.6455965909091,-12.1415838198987,83.3624289511117,131.11443533661688,-200.0,-278.24999999999994,-278.24999999999966
20220920_1,1500.0,25.0,114.12032355915066,-88.92228350871524,-291.9648905765811,-393.4861941105141,126.00000000000024,412.9999999999996,412.9999999999996,-20.0,-1315.0,-106.20323559150656,65.11567811024855,236.43459181200367,322.0940486628813,-110.99999999999994,-157.99999999999997,-157.9999999999998
20220920_2,565.0,0.0,72.0,31.831897199175728,-8.336205601648544,-28.42025700206068,120.0,130.0,130.0,-35.0,-575.0,-79.45918367346938,-29.47080703526228,20.517569602944832,45.51175792204839,-135.0,-145.0,-145.0
20220921_0,1480.0,10.0,95.6960680127524,16.956873715594583,-61.782320581563226,-101.15191773014216,185.0,260.0,260.0,-10.0,-750.0,-84.81402763018066,-8.598749837774008,67.61652795463264,105.72416685083596,-135.0,-250.0,-250.0
20220921_1,1480.0,10.0,70.04914004914005,-7.452298602748016,-84.95373725463608,-123.70445658058011,105.0,180.0,180.0,-35.0,-480.0,-76.38411138411138,-36.1001719028263,4.183767578458784,24.32573731910132,-110.0,-140.0,-139.99999999999972
20220921_2,1100.0,25.0,100.49450549450547,-21.426438938554355,-143.3473833716142,-204.3078555881441,220.0,408.2499999999993,408.2499999999993,-20.0,-400.0,-70.33516483516483,-40.16197981423518,-9.988794793305535,5.097797717159281,-95.0,-120.0,-120.0
20220922_0,405.0,25.0,87.62135922330097,29.551894443305088,-28.517570336690795,-57.55230272668874,155.0,233.4999999999997,233.4999999999997,0.0,-600.0,-73.16073354908306,-24.77771068563254,23.60531217781798,47.79682360954324,-110.0,-165.0,-165.0
20220922_1,780.0,10.0,87.62004175365344,32.877287162556165,-21.86546742854111,-49.23684472408975,140.0,205.0,205.0,-10.0,-320.0,-55.66805845511482,-28.876296429197136,-2.0845344032794486,11.311346609679395,-75.0,-95.0,-95.0
20220922_2,845.0,30.0,106.10722610722613,14.74680363964002,-76.61361882794607,-122.29383006173911,241.0,305.0,305.0,-20.0,-315.0,-61.82983682983683,-30.010451020379897,1.8089347890770355,17.71862769380551,-85.0,-105.99999999999996,-105.9999999999998
20220923_0,720.0,35.0,127.3212669683258,45.14402749899857,-37.03321197032865,-78.12183170499226,245.0,270.0,270.0,-10.0,-325.0,-76.46153846153847,-40.24916899555159,-4.036799529564704,14.069385203428736,-115.0,-140.0,-140.0
20220923_1,400.0,20.0,99.0574809805579,49.62350981371466,0.1895386468714264,-24.52744693655019,135.0,180.0,180.0,-20.0,-550.0,-77.4894336432798,-25.611472447789566,26.266488747700663,52.20546934544578,-109.0,-150.0,-150.0
20220923_2,310.0,70.0,109.58333333333331,65.90524439531384,22.227155457294344,0.3881109882845948,130.0,160.2499999999982,160.2499999999982,-30.0,-540.0,-90.91666666666669,-12.231117671685697,66.45443132329528,105.79720582078578,-135.0,-290.25,-290.24999999999994
20220926_0,290.0,290.0,290.0,,,,290.0,290.0,290.0,-2620.0,-2620.0,-2620.0,,,,-2620.0,-2620.0,-2620.0
20220926_1,400.0,5.0,89.49816401468789,36.62027277998613,-16.257618454715626,-42.69656407206651,135.0,220.0,220.0,-5.0,-545.0,-57.93757649938801,-7.389722347945302,43.158131803497405,68.43205887921877,-80.0,-105.0,-105.0
20220926_2,1770.0,-25.0,132.26738934056007,-112.27532309065202,-356.8180355218641,-479.08939173747024,245.0,308.5000000000002,308.5000000000002,-10.0,-1285.0,-154.89611562782295,19.475302755733395,193.8467211392897,281.0324303310679,-250.0,-345.0,-345.0
20220927_0,1270.0,10.0,110.47520661157024,-20.17006924322889,-150.81534509802805,-216.1379830254276,200.0,280.0,280.0,-10.0,-1020.0,-105.15643447461628,-5.129020793110058,94.89839288839616,144.9120997291493,-160.0,-220.0,-220.0
20220927_1,1270.0,-5.0,95.91641791044776,-42.712230677725415,-181.3408792658986,-250.6552035599852,145.0,196.49999999999977,196.49999999999977,20.0,-1020.0,-72.91044776119404,-7.525197710193424,57.86005234080719,90.5526773663075,-105.0,-125.0,-125.0
20220927_2,350.0,-15.0,118.98995535714286,48.34914617902841,-22.291662999086043,-57.61206758814328,230.0,250.0,250.0,10.0,-720.0,-93.80580357142856,-34.92971733493737,23.946368901553825,53.38441201979943,-150.0,-190.0,-190.0
20220928_0,3105.0,45.0,194.39167556029884,-207.42637929056764,-609.2444341414341,-810.1534615668673,315.0,475.99999999999966,475.99999999999966,-5.0,-1470.0,-117.18783351120598,91.51393030343029,300.2156941180665,404.5665760253846,-130.0,-466.0,-465.9999999999998
20220928_1,1490.0,-5.0,118.6,-13.463130342537625,-145.52626068507524,-211.55782585634407,180.0,270.0,270.0,15.0,-1375.0,-85.4989247311828,8.957740667603503,103.4144060663898,150.64273876578295,-120.0,-205.0,-205.0
20220928_2,1465.0,20.0,141.98260073260073,-51.05283355444445,-244.0882678414896,-340.60598498501224,199.4999999999999,315.0,315.0,0.0,-1235.0,-106.90018315018315,77.30726805056278,261.51471925130875,353.6184448516817,-170.0,-317.25,-317.2499999999998
20220929_0,2455.0,30.0,113.9484240687679,-52.94017209962945,-219.8287682680268,-303.2730663522255,130.0,260.0,260.0,-5.0,-1720.0,-82.82521489971347,85.88969258046853,254.6046000606505,338.9620538007415,-95.0,-130.0,-130.0
20220929_1,1420.0,15.0,90.7404458598726,-38.72570097233188,-168.19184780453637,-232.9249212206386,125.0,166.25,166.25,-5.0,-1300.0,-86.74761146496816,47.52477919926712,181.7971698635024,248.93336519562,-110.0,-177.5,-177.49999999999943
20220929_2,415.0,15.0,77.86307053941908,30.085981894096697,-17.69110675122569,-41.57965107388688,120.0,150.0,150.0,-35.0,-1125.0,-79.72337482710927,2.60295269667337,84.92928022045601,126.09244398234732,-115.0,-140.0,-140.0
20220930_0,1630.0,20.0,146.408540471638,-36.22435621601454,-218.85725290366707,-310.17370124749334,240.0,305.0,305.0,0.0,-1250.0,-75.07966857871256,58.92784396919643,192.93535651710545,259.93911279105987,-105.0,-150.0,-150.0
20220930_1,1140.0,25.0,102.12971481140754,-56.01093961998605,-214.1515940513796,-293.2219212670764,115.0,157.00000000000043,157.00000000000043,-10.0,-750.0,-52.10671573137075,6.44765859095471,65.00203291328017,94.27922007444288,-75.0,-85.0,-85.0
20220930_2,1015.0,20.0,97.64271653543308,-27.832848986137776,-153.30841450770862,-216.04619726849404,135.0,190.0,190.0,-10.0,-585.0,-67.29330708661418,-19.88608273548838,27.52114161563742,51.22475379120032,-75.0,-86.25,-86.24999999999979
20221010_1,1550.0,25.0,132.08570075757575,-31.35917995994069,-194.8040606774572,-276.52650103621534,215.0,330.0,330.0,5.0,-1590.0,-74.31581439393939,75.56790233949577,225.45161907293087,300.39347743964856,-100.0,-147.24999999999994,-147.24999999999952
20221010_2,285.0,45.0,94.03460837887069,49.763681845967824,5.492755313064976,-16.64270795338645,135.0,210.0,210.0,-15.0,-180.0,-47.82786885245902,-27.50583821840915,-7.183807584359279,2.9772077326656543,-70.0,-80.0,-80.0
20221011_0,330.0,60.0,121.11578947368422,61.96375351750181,2.811717561319398,-26.764300416771803,220.0,240.0,240.0,-35.0,-1230.0,-95.72631578947367,-9.76164316792766,76.20302945361837,119.18536576439138,-145.0,-230.0,-230.0
20221011_1,400.0,30.0,74.6073793755913,38.79084795829776,2.974316541004228,-14.933949167642538,115.0,130.0,130.0,-5.0,-1230.0,-60.931882686849576,5.303515186156204,71.53891305916198,104.65661199566487,-85.0,-110.99999999999996,-110.99999999999976
20221011_2,395.0,35.0,91.2918215613383,53.64633261489851,16.000843668458728,-2.821900804761171,140.0,160.0,160.0,90.0,-240.0,-42.927509293680295,1.433548940311134,45.79460717430256,67.97513629129827,-105.0,-135.0,-135.0
20221012_0,405.0,30.0,95.08917954815696,55.02422764660481,14.95927574505265,-5.073200205723424,135.0,165.0,165.0,-5.0,-700.0,-51.575505350772886,1.3725538273164446,54.320613005405775,80.79464259445044,-95.0,-135.0,-134.99999999999983
20221012_1,405.0,25.0,68.95161290322581,31.798449101310226,-5.354714700605356,-23.931296601563147,100.0,125.0,125.0,-10.0,-290.0,-45.96299810246679,-14.074100920806696,17.8147962608534,33.75924485168344,-80.0,-95.0,-95.0
20221012_2,335.0,30.0,78.65641711229947,41.37291086243586,4.0894046125722525,-14.552348512359544,120.0,138.2499999999999,138.2499999999999,-20.0,-670.0,-53.80347593582888,-7.887918278064198,38.02763937970048,60.98541820858282,-75.0,-95.0,-95.0
20221013_0,750.0,10.0,89.07668231611893,22.702829213966893,-43.67102388818515,-76.85795043926117,145.0,190.0,190.0,-10.0,-1205.0,-69.47313510693792,-3.922958838688686,61.62721742956055,94.40230556368516,-100.0,-135.0,-135.0
20221013_1,370.0,-45.0,53.95437262357415,14.362300650343506,-25.22977132288713,-45.02580730950245,80.0,100.0,100.0,0.0,-355.0,-44.448669201520914,-8.890227102010655,26.668214997499604,44.44743604725474,-75.0,-91.5,-91.4999999999997
20221013_2,215.0,15.0,58.37245696400626,33.56576371075795,8.759070457509637,-3.6442761691145193,90.0,105.0,105.0,5.0,-160.0,-31.870109546165885,-13.5773741614204,4.715361223325083,13.861728915697825,-55.0,-70.0,-70.0
20221014_0,550.0,20.0,83.66967871485944,33.01165483390792,-17.646369047043606,-42.97538098751937,140.0,170.0,170.0,25.0,-1590.0,-55.43423694779116,1.3940768591985844,58.22239066618833,86.63654756968322,-90.0,-115.0,-115.0
20221014_1,450.0,0.0,75.99056603773585,22.12392690717761,-31.74271222338062,-58.67603178865974,135.0,160.0,160.0,-5.0,-1580.0,-69.48113207547169,44.23192407884784,157.94498023316737,214.8015083103271,-100.0,-150.0,-150.0
20221014_2,240.0,-10.0,71.23828647925033,35.535281878201985,-0.1677227228463635,-18.01922502337053,120.0,143.49999999999966,143.49999999999966,5.0,-370.0,-60.69611780455154,-23.67503804127807,13.346041721995398,31.85658160363213,-95.0,-113.49999999999996,-113.49999999999984
20221017_0,1620.0,10.0,83.86080870917574,17.81515721322525,-48.230494282725246,-81.2533200307005,145.0,180.0,180.0,20.0,-495.0,-67.55443234836703,-16.35341939529426,34.84759355777851,60.44810003431489,-90.0,-165.0,-165.0
20221017_1,1620.0,10.0,67.65135699373695,-11.770072487865562,-91.19150196946808,-130.90221671026933,110.0,145.0,145.0,-5.0,-490.0,-58.044537230340985,-17.38917178753897,23.266193655263045,43.59387637666405,-85.0,-110.0,-110.0
20221017_2,195.0,5.0,48.12066574202497,30.60763479676863,13.09460385151229,4.338088378884123,65.0,75.0,75.0,-15.0,-190.0,-56.803051317614425,-34.14447330964586,-11.485895301677289,-0.1566062976930027,-85.0,-95.0,-95.0
20221018_0,1730.0,10.0,93.05524239007892,-16.389644082895913,-125.83453055587074,-180.5569737923581,125.0,193.4999999999997,193.4999999999997,5.0,-1330.0,-94.40248027057496,94.98834939002354,284.37917905062204,379.07459388092127,-100.0,-245.9999999999999,-245.9999999999988
20221018_1,1730.0,15.0,92.33908045977012,-76.92067990921441,-246.1804402781989,-330.8103204626912,110.0,142.74999999999977,142.74999999999977,-20.0,-1320.0,-93.39655172413794,75.02087105775709,243.4382938396521,327.6470052305997,-105.0,-257.75,-257.74999999999983
20221018_2,335.0,25.0,66.82565789473684,20.812610531857764,-25.200436831021307,-48.20696051246084,95.0,129.24999999999983,129.24999999999983,-25.0,-240.0,-56.13486842105263,-35.31951879197722,-14.504169162901796,-4.096494348364089,-80.0,-90.0,-90.0
20221019_0,1620.0,25.0,102.9813401187447,-58.36695704042839,-219.71525419960147,-300.389402779188,146.00000000000023,310.49999999999955,310.49999999999955,-10.0,-1340.0,-92.6420695504665,67.56112526047339,227.7643200714133,307.8659174768832,-105.0,-185.0,-185.0
20221019_1,1620.0,5.0,62.19178082191781,-5.871466907224921,-73.93471463636766,-107.96633850093905,80.0,105.0,105.0,-5.0,-1340.0,-58.66438356164384,35.43478830764244,129.53396017692873,176.58354611157188,-80.0,-100.0,-100.0
20221019_2,250.0,40.0,67.02160493827161,37.2728713874027,7.524137836533789,-7.3502289389006705,90.0,100.0,100.0,-15.0,-290.0,-48.96604938271605,-16.26141253972986,16.44322430325633,32.795542724749424,-78.49999999999997,-95.0,-95.0
20221020_0,1360.0,30.0,118.33333333333331,-77.12271555509385,-272.57876444352104,-370.3067888877346,129.4999999999999,494.4999999999993,494.4999999999993,-30.0,-1405.0,-115.16381766381768,98.29408011479244,311.75197789340257,418.4809267827076,-125.0,-454.5,-454.49999999999966
20221020_1,1360.0,20.0,72.85778985507247,-9.245724143330534,-91.34923814173354,-132.40099514093504,95.0,110.0,110.0,-30.0,-1195.0,-70.22192028985508,4.156255214881185,78.53443071961745,115.72351847198556,-95.0,-124.24999999999996,-124.24999999999976
20221020_2,820.0,10.0,65.91885441527447,20.768355389008285,-24.382143637257897,-46.957393150390985,90.0,105.0,105.0,-30.0,-1065.0,-68.89021479713604,31.62590485896329,132.14202451506264,182.40008434311235,-75.0,-116.49999999999996,-116.4999999999997
20221021_0,1495.0,20.0,86.30287648054146,-24.17217183323895,-134.64722014701937,-189.8847443039096,95.0,124.75000000000024,124.75000000000024,-20.0,-1760.0,-85.54568527918782,38.83907679901911,163.22383887722606,225.4162199163295,-110.0,-159.74999999999997,-159.74999999999972
20221021_1,1465.0,15.0,63.8782991202346,-13.289509127128952,-90.4573173744925,-129.04122149817428,80.0,90.0,90.0,-10.0,-1760.0,-54.70674486803519,16.723384357626472,88.15351358328813,123.86857819611896,-75.0,-90.0,-90.0
20221021_2,295.0,5.0,66.48541114058355,31.80346909173608,-2.8784729571113985,-20.219443981535136,100.0,120.0,120.0,-15.0,-330.0,-52.83819628647215,-18.380217952770053,16.07776038093204,33.30674954778309,-75.0,-90.0,-90.0
20221024_0,1630.0,20.0,70.28132033008252,-25.980333170113227,-122.24198667030898,-170.37281342040683,105.0,185.0,185.0,-10.0,-1320.0,-63.514628657164295,2.120458668473546,67.75554599411139,100.57308965693032,-98.99999999999991,-155.0,-155.0
20221024_1,1630.0,15.0,87.08198051948052,-6.362941593484578,-99.80786370644968,-146.53032476293225,110.0,125.0,125.0,5.0,-1395.0,-47.87337662337662,26.271235005474686,100.415846634326,137.48815244875163,-70.0,-82.24999999999997,-82.24999999999973
20221024_2,365.0,25.0,77.40674955595027,33.30310556322371,-10.80053842950285,-32.85236042586614,125.0,155.0,155.0,-10.0,-1395.0,-53.0461811722913,11.390893975018784,75.82796912232887,108.04650669598392,-70.0,-104.5,-104.49999999999989
20221025_0,1630.0,30.0,93.39453125,-24.877910238835696,-143.1503517276714,-202.28657247208923,120.0,145.24999999999977,145.24999999999977,0.0,-1235.0,-57.97265625,-1.623512588582237,54.725631072835526,82.9002029035444,-85.0,-120.0,-120.0
20221025_1,1630.0,10.0,78.39122486288848,-36.99347852802198,-152.37818191893246,-210.07053361438767,105.0,125.0,125.0,0.0,-965.0,-68.61365021328459,18.732978626388714,106.079607466062,149.75292188589867,-95.0,-135.0,-135.0
20221025_2,1065.0,40.0,77.35372340425532,7.197118010378645,-62.95948738349803,-98.03779008043638,130.0,145.0,145.0,-5.0,-295.0,-51.90824468085106,-8.70530997627511,34.49762472830084,56.099092080588825,-75.0,-112.24999999999996,-112.24999999999984
20221026_0,2095.0,15.0,80.85271317829458,-62.84883282025686,-206.5503788188083,-278.40115181808403,110.0,205.0,205.0,-20.0,-1080.0,-65.63307493540051,39.10246924827469,143.8380134319499,196.2057855237875,-95.0,-135.0,-135.0
20221026_1,2020.0,20.0,57.60727611940298,-27.32246176147008,-112.25219964234314,-154.7170685827797,65.0,85.0,85.0,15.0,-480.0,-48.00839552238806,-8.07061800234785,31.86715951769236,51.836048277712464,-80.0,-100.0,-100.0
20221026_2,2005.0,5.0,77.54335260115607,-24.70895091173881,-126.9612544246337,-178.08740618108112,90.0,135.0,135.0,-5.0,-230.0,-41.87861271676301,-17.044640039380777,7.789332638001454,20.20631897669257,-60.0,-80.0,-80.0
20221027_0,1540.0,45.0,94.34582743988685,-14.730977572160567,-123.80778258420798,-178.34618509023167,120.0,155.0,155.0,-15.0,-1540.0,-68.21782178217822,20.86696774230744,109.9517572667931,154.49415202903592,-90.0,-150.0,-150.0
20221027_1,1540.0,35.0,85.1813031161473,3.871545802799986,-77.43821151054733,-118.09309016722098,145.0,163.99999999999977,163.99999999999977,0.0,-1540.0,-58.55240793201133,30.134876773322787,118.82216147865692,163.16580383132398,-100.0,-140.0,-140.0
20221027_2,520.0,0.0,58.23485967503693,17.281410405010767,-23.672038865015395,-44.14876350002848,65.0,70.0,70.0,-20.0,-1090.0,-64.59379615952733,10.92914831804866,86.45209279562465,124.21356503441264,-90.0,-195.0,-195.0
20221028_0,1430.0,30.0,83.42492917847025,-5.889260893722906,-95.20345096591606,-139.86054600201263,85.0,113.99999999999976,113.99999999999976,15.0,-1440.0,-88.37393767705383,78.92915537251555,246.2322484220849,329.8837949468696,-110.0,-160.0,-160.0
20221028_1,1430.0,15.0,61.86762778505898,16.790766021601996,-28.286095741854982,-50.82452662358347,75.0,80.0,80.0,-5.0,-1310.0,-47.97946701616426,13.8776462597368,75.73475953563786,106.6633161735884,-65.0,-80.0,-80.0
20221028_2,545.0,5.0,61.19321817018554,19.521987662115208,-22.14924284595512,-42.98485809999029,75.0,85.0,85.0,-5.0,-465.0,-49.68650031989763,-2.5692412946560808,44.54801773058547,68.10664724320624,-65.0,-120.0,-120.0
20221031_0,1885.0,15.0,69.20941076727426,-0.0216455947705327,-69.25270195681533,-103.86823013783771,90.0,125.49999999999956,125.49999999999956,-5.0,-1470.0,-72.2318779143705,-0.896100677511356,70.43967655934779,106.10756517777736,-145.99999999999994,-250.0,-250.0
20221031_1,1885.0,-10.0,61.44183922046285,-11.313321419338097,-84.06848205913904,-120.4460623790395,80.0,109.24999999999956,109.24999999999956,0.0,-1470.0,-62.743605359317904,0.5274203747838797,63.79844610888566,95.43395897593656,-95.0,-185.0,-185.0
20221031_2,915.0,0.0,62.48350612629595,8.429628729223403,-45.624248667849145,-72.65118736638543,80.0,165.0,165.0,5.0,-785.0,-45.22620169651272,0.4649860050360459,46.156173706584816,69.00176755735919,-70.0,-80.0,-80.0
20221101_0,635.0,-10.0,77.1830985915493,13.332863705569189,-50.51737118041092,-82.44248862340096,140.0,170.0,170.0,-10.0,-805.0,-64.90472245236123,-7.116263009099114,50.672196434163,79.56642615579406,-90.0,-165.0,-165.0
20221101_1,465.0,10.0,60.948194662480375,25.922690440309125,-9.102813781862125,-26.61556589294776,105.0,125.0,125.0,0.0,-1980.0,-52.78021978021978,-3.722176288524928,45.335867203169926,69.86488894901736,-70.0,-130.0,-130.0
20221101_2,465.0,5.0,60.57484567901235,30.24274893908584,-0.0893478008406774,-15.255396170803929,80.0,95.0,95.0,-20.0,-350.0,-57.94753086419753,-16.03071277543645,25.886105313324634,46.84451435770518,-80.0,-141.25,-141.24999999999972
20221102_0,1085.0,5.0,58.74478442280946,-19.79290930469719,-98.33060303220384,-137.59944989595715,81.49999999999977,130.0,130.0,0.0,-585.0,-68.71696801112657,8.669704943559196,86.05637789824496,124.74971437558784,-211.49999999999991,-250.0,-250.0
20221102_1,1085.0,0.0,48.956969130028064,6.71364007801904,-35.529688973989984,-56.65135349999449,65.0,90.0,90.0,0.0,-585.0,-57.153882132834426,2.632652710802411,62.41918755443925,92.31245497625764,-95.0,-135.74999999999994,-135.74999999999957
20221102_2,210.0,5.0,48.41717791411043,24.20075610179178,-0.0156657105268749,-12.123876616686204,75.0,95.0,95.0,-10.0,-175.0,-49.15337423312884,-30.13037547258103,-11.107376712033222,-1.5958773317593185,-70.0,-85.0,-85.0
20221103_0,2380.0,10.0,59.962793360045794,-47.52231464590879,-155.00742265186338,-208.74997665484068,80.0,95.0,95.0,-15.0,-1460.0,-65.97023468803664,3.3951609029959258,72.76055649402849,107.44325428954475,-85.0,-155.0,-155.0
20221103_1,1990.0,-5.0,60.96754563894523,-56.30914427953245,-173.58583419801013,-232.22417915724893,85.0,120.0,120.0,-10.0,-1460.0,-69.1237322515213,9.38705486628065,87.8978419840826,127.15323554298358,-115.0,-180.0,-180.0
20221103_2,1655.0,10.0,53.623711340206185,-55.96124377995764,-165.54619890012145,-220.33867646020337,65.0,77.74999999999977,77.74999999999977,-5.0,-455.0,-64.1701030927835,-1.504784619897649,61.16053385298821,92.49319308943114,-85.49999999999997,-155.0,-155.0
20221104_0,1520.0,25.0,70.2769428939459,-1.069931237875679,-72.41680536969726,-108.09024243560803,85.0,122.99999999999956,122.99999999999956,5.0,-750.0,-70.89523400601117,-6.51806855316687,57.85909689967743,90.04767962609957,-95.0,-125.0,-125.0
20221104_1,1410.0,-25.0,52.46103896103896,4.734310382240061,-42.99241819655884,-66.85578248595829,70.0,80.0,80.0,10.0,-250.0,-52.78787878787879,-25.81487959595416,1.1581195959704829,14.644619191932795,-80.0,-105.0,-105.0
20221104_2,1160.0,0.0,66.07202680067002,4.9239728852026445,-56.22408103026473,-86.7981079879984,95.0,110.0,110.0,0.0,-230.0,-51.18509212730319,-22.76485190694938,5.655388313404423,19.865508423581325,-80.0,-95.0,-95.0
20221107_0,2785.0,15.0,70.9717031500267,-42.36877433093636,-155.70925181189943,-212.37949055238096,95.0,110.0,110.0,-10.0,-1200.0,-59.05766150560598,10.684544552517863,80.4267506106417,115.29785363970362,-75.0,-90.0,-90.0
20221107_1,2785.0,15.0,73.4302759134974,-93.59120059451998,-260.61267710253736,-344.12341535654605,85.0,95.0,95.0,5.0,-1100.0,-69.10514541387025,29.9715363317311,129.04821807733245,178.58655895013314,-90.0,-105.0,-105.0
20221107_2,120.0,10.0,44.75594493116395,28.23803450068144,11.720124070198928,3.46116885495767,65.0,75.0,75.0,-25.0,-700.0,-87.62828535669587,24.84772489947612,137.3237351556481,193.56174028373408,-100.99999999999994,-335.5,-335.49999999999983
20221108_0,1280.0,15.0,66.85870224378411,12.521466012301588,-41.81577021918093,-68.98438833492219,90.0,105.0,105.0,5.0,-1000.0,-53.004851425106125,2.422306894276936,57.84946521366,85.56304437335152,-85.0,-105.0,-105.0
20221108_1,1280.0,10.0,52.33251231527094,-22.55357023270596,-97.43965278068283,-134.8826940546713,75.0,95.0,95.0,-15.0,-1000.0,-64.51724137931035,2.496350794246325,69.509942967803,103.01673905458134,-100.0,-120.0,-120.0
20221108_2,590.0,0.0,52.47524752475248,17.039310834618618,-18.39662585551524,-36.114594200582175,70.0,80.0,80.0,-25.0,-630.0,-55.14301430143014,-18.237947851544668,18.667118598340807,37.11965182328355,-80.0,-95.0,-95.0
20221109_0,2920.0,10.0,54.88546603475513,-78.43058209817951,-211.74663023111407,-278.40465429758143,70.0,80.0,80.0,-20.0,-1000.0,-68.15165876777252,-14.836836606684804,38.477985554402906,65.13539663494677,-85.0,-105.0,-105.0
20221109_1,2915.0,15.0,95.24781341107872,-133.33831331357177,-361.9244400382222,-476.21750340054746,75.0,100.0,100.0,-20.0,-980.0,-70.88921282798835,14.378143263623985,99.64549935523632,142.2791774010425,-100.0,-183.75,-183.74999999999983
20221109_2,1150.0,-5.0,47.88776796973518,-14.839465529047054,-77.56669902782929,-108.9303157772204,60.0,70.0,70.0,-30.0,-230.0,-57.52206809583858,-43.21987042052162,-28.917672745204666,-21.76657390754618,-70.0,-75.0,-75.0
20221110_0,1555.0,20.0,59.784527518172375,-0.5734331632553236,-60.93139384468302,-91.11037418539686,85.0,100.0,100.0,-30.0,-1000.0,-66.3914849428868,-14.266655650554178,37.85817364177845,63.92058828794477,-90.0,-110.0,-110.0
20221110_1,1550.0,20.0,59.160929432013766,-29.76222403912997,-118.6853775102737,-163.14695424584556,79.50000000000045,90.0,90.0,-25.0,-990.0,-59.647160068846816,9.721255173765996,79.08967041637881,113.7738780376852,-85.0,-105.0,-105.0
20221110_2,525.0,5.0,39.74088291746641,12.680053320986328,-14.380776275493751,-27.91119107373379,60.0,70.0,70.0,-15.0,-825.0,-56.03646833013436,7.851810164764565,71.74008865966348,103.68422790711294,-75.0,-85.0,-85.0
20221111_0,1370.0,0.0,52.02759197324415,-1.3533577774879717,-54.73430752822009,-81.42478240358616,75.0,95.0,95.0,10.0,-850.0,-67.0861204013378,-2.933045610636256,61.22002918006528,93.29656657541608,-95.0,-115.0,-115.0
20221111_1,1370.0,-5.0,63.13442622950819,-30.73670703580204,-124.60784030111228,-171.5434069337674,75.0,90.0,90.0,-15.0,-850.0,-55.291803278688526,20.66057140552608,96.61294608974067,134.58913343184798,-65.0,-80.0,-80.0
20221111_2,760.0,0.0,55.55991041433371,27.090549084631668,-1.378812245070371,-15.613492909921398,70.0,75.0,75.0,-20.0,-610.0,-48.57782754759239,-7.288437589906373,34.00095236777964,54.645647346622646,-63.99999999999999,-70.0,-70.0
20221114_0,940.0,-5.0,47.157743442328425,7.843127598883676,-31.47148824456108,-51.12879616628345,75.0,85.0,85.0,-15.0,-745.0,-68.71361839741286,-27.59520147031684,13.523215456779184,34.08242392032719,-90.0,-105.0,-105.0
20221114_1,1415.0,10.0,50.31407611187529,7.405704257810477,-35.502667596254334,-56.95685352328673,75.0,85.0,85.0,-5.0,-665.0,-59.30994956441999,-20.65755562919226,17.99483830603547,37.321035273649336,-80.0,-90.0,-90.0
20221114_2,540.0,10.0,56.67898627243928,21.095947402662333,-14.487091467114617,-32.27861090200309,75.0,85.0,85.0,-15.0,-640.0,-55.70749736008448,-25.146741376152253,5.4140146077799685,20.69439259974608,-70.0,-85.0,-85.0
20221115_0,2910.0,20.0,71.82795698924731,-62.27196811559408,-196.37189322043548,-263.4218557728562,90.0,115.0,115.0,-20.0,-2640.0,-72.02646815550041,48.14444060407175,168.31534936364392,228.40080374342995,-80.0,-177.99999999999997,-177.99999999999972
20221115_1,2910.0,25.0,60.15764222069911,-46.32307836366301,-152.80379894802513,-206.0441592402062,70.0,85.0,85.0,0.0,-2640.0,-59.3899931459904,56.07993326466017,171.54985967531076,229.28482288063609,-75.0,-85.0,-85.0
20221115_2,275.0,15.0,53.421368547418965,33.24191225400274,13.06245596058652,2.9727278138784072,70.0,90.0,90.0,-25.0,-895.0,-49.57382953181273,-0.3609907905279073,48.85184795075691,73.45826732139932,-60.0,-67.0,-66.99999999999982
20221116_0,870.0,20.0,67.68601583113457,19.40496069763114,-28.87609443587229,-53.016622002624,85.0,100.0,100.0,-25.0,-870.0,-63.38522427440633,-17.859961863618622,27.66530054716909,50.42793175256295,-85.0,-101.5,-101.49999999999956
20221116_1,1470.0,5.0,61.33495145631068,-16.51382314167769,-94.36259773966606,-133.28698503866025,85.0,110.0,110.0,-20.0,-870.0,-61.0873786407767,16.905174869367634,94.89772837951196,133.89400513458412,-75.0,-115.0,-115.0
20221116_2,1390.0,30.0,58.2578125,-10.356717834216624,-78.97124816843325,-113.27851333554156,70.0,80.0,80.0,-20.0,-255.0,-47.4921875,-21.28428031603692,4.923626867926167,18.02758045990771,-65.0,-115.0,-115.0
20221117_0,1375.0,25.0,61.28137769994162,-15.845635428893535,-92.97264855772868,-131.53615512214628,85.0,95.0,95.0,-15.0,-1630.0,-57.594862813777,33.01634975261955,123.62756231901608,168.93316860221438,-80.0,-105.0,-105.0
20221117_1,1370.0,25.0,66.56648936170212,21.816211362977143,-22.93406663574784,-45.30920563511033,85.0,90.0,90.0,0.0,-1620.0,-45.30851063829788,22.97236789670937,91.25324643171662,125.39368569922024,-65.0,-75.0,-75.0
20221117_2,1260.0,25.0,62.023661270236616,-14.963209314550411,-91.95007989933744,-130.44351519173097,75.0,85.0,85.0,-25.0,-415.0,-52.23536737235367,-21.555975563617995,9.12341624511768,24.46311214948552,-65.0,-80.0,-80.0
20221118_0,1640.0,20.0,60.27959807776322,6.0334489716252975,-48.21270013451262,-75.33577468758159,80.0,85.0,85.0,-30.0,-1790.0,-67.10790738313673,-2.694183892062455,61.719539599011824,93.92640134454896,-90.0,-125.0,-125.0
20221118_1,1610.0,0.0,64.84848484848484,-79.36685460988775,-223.58219406826035,-295.6898637974466,75.0,100.0,100.0,-10.0,-1485.0,-83.86964886964887,28.74003175667238,141.34971238299363,197.65455269615427,-125.0,-165.0,-165.0
20221118_2,125.0,5.0,46.80665610142631,24.455191817715697,2.1037275340050883,-9.072004607850218,80.0,95.0,95.0,-20.0,-315.0,-67.59112519809825,-27.93309271840394,11.724939761290372,31.553956001137536,-110.0,-147.5,-147.49999999999986
20221121_0,1605.0,15.0,75.68496801705757,-16.560052997190525,-108.80507401143862,-154.92758451856267,105.0,130.0,130.0,-20.0,-1490.0,-80.31449893390192,13.16224169000182,106.63898231390556,153.37735262585744,-105.0,-135.0,-135.0
20221121_1,1605.0,5.0,76.79498269896193,-55.12277097768656,-187.04052465433503,-252.99940149265933,90.0,110.0,110.0,-15.0,-1490.0,-80.3265570934256,16.052900062887517,112.43235721920064,160.62208579735722,-105.0,-125.0,-125.0
20221121_2,670.0,20.0,97.73097826086956,-18.359302896416903,-134.44958405370338,-192.49472463234665,130.0,406.25,406.25,-10.0,-965.0,-111.5828804347826,56.411211396432165,224.40530322764693,308.4023491432543,-202.5,-513.75,-513.7499999999994
20221122_0,1470.0,25.0,75.7375478927203,-10.822642368950568,-97.38283263062144,-140.66292776145687,95.0,115.0,115.0,-15.0,-1500.0,-66.73052362707536,12.123327845088724,90.9771793172528,130.40410505333483,-85.0,-95.0,-95.0
20221122_1,1470.0,20.0,82.2621492128679,-65.73983753067323,-213.7418242742144,-287.7428176459849,85.0,120.0,120.0,-15.0,-1500.0,-73.8466803559206,19.529058097815607,112.9047965515518,159.5926657784199,-90.0,-130.0,-130.0
20221122_2,175.0,0.0,58.33732057416268,33.10453903527319,7.871757496383701,-4.744633273061048,90.0,110.0,110.0,-20.0,-595.0,-60.97488038277512,-30.09593046717948,0.7830194484161552,16.222494406213976,-85.0,-96.25,-96.24999999999984
20221123_0,1385.0,-15.0,63.62474437627812,-12.33095623708232,-88.28665685044275,-126.26450715712296,95.0,115.0,115.0,-25.0,-1465.0,-70.99693251533742,2.4059042767610777,75.80874106885958,112.5101594649088,-90.0,-110.0,-110.0
20221124_0,1195.0,20.0,82.04983922829582,-14.216430138674369,-110.48269950564456,-158.61583418912966,115.0,170.0,170.0,-15.0,-1300.0,-58.60128617363344,7.107402201882692,72.81609057739882,105.6704347651569,-80.0,-100.0,-100.0
20221124_1,1195.0,0.0,90.66640063846768,-51.88934081483066,-194.445082268129,-265.7229529947781,125.0,180.0,180.0,0.0,-1200.0,-90.22745411013568,71.86969996940353,233.9668540489427,315.0154310887123,-88.99999999999999,-180.99999999999991,-180.99999999999625
20221124_2,435.0,25.0,66.5973377703827,14.655582204576136,-37.286173361230425,-63.2570511441337,90.0,115.0,115.0,-20.0,-1310.0,-74.28868552412645,30.399968397327868,135.0886223187822,187.43294927950933,-90.0,-105.0,-105.0
20221125_0,1115.0,15.0,85.37971457696229,-16.016434500560848,-117.41258357808398,-168.11065811684557,145.0,215.0,215.0,15.0,-1650.0,-77.66819571865443,27.35628358080706,132.38076288026855,184.8930025299993,-120.0,-155.0,-155.0
20221125_1,1115.0,25.0,66.76802354095145,-37.190787457760734,-141.14959845647292,-193.1290039558289,75.0,145.0,145.0,-10.0,-1650.0,-75.73075036782737,67.8076364479412,211.34602326370967,283.1152166715941,-90.0,-120.0,-120.0
20221125_2,160.0,25.0,54.56391875746714,31.42723755291989,8.290556348372647,-3.2777842539009754,91.99999999999989,100.0,100.0,-20.0,-1075.0,-63.727598566308245,8.568723916824013,80.86504639995627,117.0132076415224,-95.0,-155.99999999999997,-155.9999999999998
20221128_0,675.0,0.0,68.66548042704626,22.943373582261977,-22.77873326252231,-45.639786684914455,105.0,120.0,120.0,15.0,-920.0,-67.14768683274022,-13.322442828465183,40.50280117580985,67.41542317794736,-95.0,-135.0,-135.0
20221128_1,675.0,-50.0,72.69554093567251,10.559300386248331,-51.57694016317585,-82.64506043788793,120.0,135.0,135.0,-25.0,-450.0,-76.18238304093568,-36.27023091943445,3.641921202066783,23.5979972628174,-105.0,-125.0,-125.0
20221128_2,545.0,20.0,84.30488974113135,21.983582463838104,-40.33772481345514,-71.49837845210178,160.0,190.0,190.0,0.0,-335.0,-49.693192713326944,-11.113541805458318,27.466109102410307,46.75593455634462,-85.0,-134.5,-134.49999999999977
20221129_0,505.0,20.0,79.03791737408037,31.87572848411896,-15.286460405842448,-38.867554850823154,120.0,155.0,155.0,0.0,-890.0,-40.45557441992077,-1.4830090585690598,37.48955630278265,56.97583898345851,-65.0,-90.0,-90.0
20221129_1,505.0,5.0,70.15488656195463,5.786349173487011,-58.58218821498061,-90.76645690921444,105.0,187.2499999999991,187.2499999999991,5.0,-980.0,-60.83551483420593,22.83237895388468,106.5002727419753,148.3342196360206,-85.0,-120.0,-120.0
20221129_2,480.0,30.0,93.26601671309191,9.410890009425929,-74.44423669424008,-116.37180004607306,165.0,295.0,295.0,0.0,-975.0,-69.74233983286908,36.29328043460406,142.3289007020772,195.34671083581367,-151.5,-280.75,-280.74999999999983
20221130_0,740.0,10.0,51.36970400464306,7.028694269439278,-37.312315465764506,-59.4828203333664,75.0,90.0,90.0,-10.0,-1080.0,-58.09924550203134,5.233018207772808,68.56528191757695,100.23141377247904,-90.0,-120.0,-120.0
20221130_1,345.0,5.0,51.4123006833713,25.122283845104647,-1.167732993162005,-14.312741412295324,80.0,105.0,105.0,-10.0,-1080.0,-59.97722095671982,24.40390402249289,108.7850290017056,150.97559149131197,-75.0,-126.0,-125.99999999999972
20221130_2,345.0,25.0,59.552023121387286,31.10421051284474,2.656397904302196,-11.567508399969078,90.0,125.0,125.0,10.0,-255.0,-34.45086705202312,-9.389687800639084,15.671491450744952,28.20208107643697,-55.0,-65.0,-65.0
20221201_0,605.0,15.0,56.70294494238156,17.00830967469112,-22.686325592999324,-42.53364322684455,80.0,95.0,95.0,5.0,-1300.0,-44.05036278275715,-6.415821570922724,31.2187196409117,50.03599024682892,-65.0,-85.0,-85.0
20221201_1,605.0,-20.0,71.20889748549322,11.342569363705708,-48.52375875808181,-78.45692281897558,105.0,130.0,130.0,0.0,-1300.0,-57.60348162475822,-4.456835356668705,48.68981091142081,75.26313404546556,-85.0,-100.0,-100.0
20221201_2,305.0,20.0,60.53429027113238,24.410258003360468,-11.71377426441144,-29.77579039829739,90.0,100.0,100.0,0.0,-635.0,-57.99840510366826,36.01244498053451,130.02329506473728,177.02872010683868,-80.0,-200.0,-200.0
20221202_0,1255.0,20.0,62.68633540372671,17.710319473726962,-27.265696456272785,-49.75370442127265,90.0,100.0,100.0,10.0,-835.0,-38.73964803312629,0.0860459355525193,38.91173990423133,58.32458688857074,-75.0,-90.0,-90.0
20221202_1,745.0,20.0,78.95034569453175,2.732571486500987,-73.48520272152977,-111.59408982554514,120.0,142.5,142.5,15.0,-745.0,-40.578252671275926,14.142122890291944,68.8624984518598,96.22268623264377,-65.0,-85.0,-85.0
20221202_2,535.0,-15.0,62.58602711157456,24.534081340074472,-13.517864431425616,-32.54383731717565,95.0,115.0,115.0,5.0,-315.0,-42.737226277372265,-13.696548934653444,15.34412840806538,29.86446707942479,-75.0,-85.0,-85.0
20221205_0,370.0,10.0,72.9308633807476,44.386990764254506,15.843118147761423,1.5711818395148782,105.0,120.0,120.0,25.0,-1880.0,-54.42275884882567,23.301038373111574,101.0248355950488,139.88673420601745,-90.0,-110.0,-110.0
20221205_1,215.0,0.0,65.30437539632213,38.52856357176552,11.752751747208904,-1.6351541650694088,95.0,105.99999999999908,105.99999999999908,10.0,-1400.0,-63.3291058972733,52.05543710011228,167.43998009749785,225.13225159619063,-90.0,-115.0,-115.0
20221205_2,190.0,20.0,61.57620041753653,42.89670217712316,24.21720393670978,14.87745481650309,85.0,95.0,95.0,0.0,-580.0,-43.26722338204593,-5.466204575744605,32.33481423055672,51.23532363370738,-75.0,-85.0,-85.0
20221206_0,745.0,20.0,64.75464190981432,15.678510908628688,-33.39762009255695,-57.93568559314977,85.0,100.0,100.0,10.0,-1475.0,-59.07161803713528,29.65303399787551,118.3776860328863,162.74001205039167,-95.0,-125.0,-125.0
20221206_1,745.0,5.0,63.39616402116402,3.014158724052152,-57.36784657305972,-87.55884922161565,90.0,105.0,105.0,0.0,-1475.0,-63.52513227513227,20.24447331048102,104.0140788960943,145.89888168890096,-85.0,-105.0,-105.0
20221206_2,170.0,30.0,63.50253807106599,42.62689162821438,21.751245185362777,11.313421963936976,85.0,95.0,95.0,-25.0,-150.0,-59.92385786802031,-43.45832476098636,-26.99279165395241,-18.760025100435435,-80.0,-86.74999999999999,-86.74999999999991
20221207_0,1690.0,5.0,83.08550185873607,-2.8659550531988742,-88.81741196513381,-131.79314042110127,105.0,131.74999999999957,131.74999999999957,-15.0,-640.0,-72.82218091697645,-11.475847884612278,49.87048514775189,80.54365166393397,-103.49999999999994,-125.0,-125.0
20221207_1,1690.0,10.0,96.6808510638298,-36.23192188227283,-169.14469482837546,-235.6010813014268,118.00000000000068,160.0,160.0,0.0,-480.0,-62.212765957446805,-6.117911327654745,49.97694330213732,78.02437061703336,-95.0,-140.0,-140.0
20221207_2,145.0,20.0,55.77225130890052,35.92586399030601,16.079476671711497,6.156283012414242,80.0,95.0,95.0,-5.0,-270.0,-43.19371727748691,-23.407501909925287,-3.621286542363663,6.271821141417149,-60.0,-70.0,-70.0
20221208_0,1445.0,10.0,54.533208020050125,-23.79764418716056,-102.12849639437124,-141.29392249797658,75.0,95.0,95.0,-25.0,-480.0,-53.20488721804512,-19.90910061422383,13.386685989597453,30.03457929150809,-70.0,-81.25,-81.24999999999964
20221208_1,1445.0,5.0,56.448170731707314,-42.71806541633577,-141.88430156437886,-191.4674196384004,70.0,90.0,90.0,-10.0,-270.0,-45.90701219512195,-18.20971831843821,9.487575558245531,23.3362224965874,-70.0,-80.0,-80.0
20221208_2,205.0,-5.0,40.69141193595342,20.91140541633701,1.1313988967206043,-8.7586043630876,60.0,80.0,80.0,-10.0,-140.0,-48.61717612809316,-32.91280461168114,-17.208433095269115,-9.356247337063104,-70.0,-85.0,-85.0
20221209_1,435.0,5.0,38.63514719000892,18.190060127327204,-2.2550269353545147,-12.477570466695376,55.0,60.0,60.0,-5.0,-480.0,-44.97769848349688,-14.422209695794002,16.133279091908875,31.41102348576031,-65.0,-85.0,-85.0
20221209_2,270.0,20.0,47.09694989106754,26.6910798368056,6.28520978254366,-3.917725244587309,65.0,85.0,85.0,-15.0,-185.0,-34.052287581699346,-18.31433360363817,-2.576379625576997,5.292597363453588,-50.0,-60.74999999999999,-60.74999999999978
20221212_0,1005.0,20.0,59.36884895164741,8.174032134680857,-43.020784682285694,-68.61819309076897,80.0,95.0,95.0,-10.0,-1490.0,-47.43688489516474,9.08357198954524,65.60402887425522,93.86425731661022,-70.0,-85.0,-85.0
20221212_1,1005.0,-20.0,45.154525386313466,-17.452718192979106,-80.05996177227168,-111.36358356191796,70.0,85.75000000000045,85.75000000000045,-5.0,-1490.0,-57.847682119205295,23.76844436158964,105.38457084238456,146.19263408278204,-80.0,-100.0,-100.0
20221212_2,380.0,20.0,47.80930760499432,26.50998079964777,5.210653994301225,-5.439009408372051,65.0,75.0,75.0,-15.0,-145.0,-50.777525539160045,-35.63080390895853,-20.48408227875701,-12.91072146365626,-75.0,-80.0,-80.0
20221213_0,585.0,0.0,36.86629526462396,-0.6019103388395095,-38.07011594230298,-56.80421874403471,65.0,85.0,85.0,-5.0,-2695.0,-52.55222841225627,41.88197921370653,136.31618683966934,183.53329065265075,-70.0,-100.0,-100.0
20221213_1,170.0,-5.0,35.86489542114189,20.47724409445746,5.089592767773038,-2.604232895569176,55.0,65.0,65.0,-5.0,-2555.0,-51.27473148671566,33.84147361737792,118.9576787214715,161.5157812735183,-80.0,-90.0,-90.0
20221213_2,255.0,0.0,26.44675925925926,6.422367204161851,-13.602024850935557,-23.61422087848426,45.0,55.0,55.0,-5.0,-385.0,-41.48148148148148,-2.7635757737331588,35.95432993401516,55.31328278788932,-60.0,-90.0,-90.0
20221214_0,535.0,10.0,58.30221703617269,13.359434111046404,-31.583348814079883,-54.05474027664303,85.0,95.0,95.0,0.0,-1400.0,-54.15985997666278,17.976015083763407,90.1118901441896,126.1798276744027,-70.0,-95.0,-95.0
20221214_1,225.0,5.0,47.2564302416212,28.33787925762007,9.419328273618936,-0.0399472183816271,65.0,80.0,80.0,0.0,-1395.0,-43.795791114575216,12.736988280020109,69.26976767461542,97.53615737191308,-55.0,-65.0,-65.0
20221214_2,170.0,-5.0,40.432203389830505,17.538235495758673,-5.355732398313158,-16.802716345349076,60.500000000000114,80.0,80.0,-15.0,-200.0,-46.66949152542373,-24.698274405190965,-2.7270572849581995,8.258551275158183,-70.0,-80.0,-80.0
20221215_0,1275.0,15.0,63.70809484873263,-24.01057645040032,-111.72924774953329,-155.58858339909975,85.0,125.0,125.0,-30.0,-1550.0,-66.98282910874897,-2.5400034905406272,61.90282212766772,94.1242349367719,-85.0,-104.5,-104.49999999999974
20221215_1,1275.0,0.0,42.372549019607845,0.8744259017570286,-40.62369721609379,-61.37275877501919,65.0,85.0,85.0,-15.0,-910.0,-51.24705882352941,-12.670877019634254,25.905304784260903,45.19339568620849,-65.0,-75.0,-75.0
20221215_2,120.0,-5.0,30.495283018867923,11.89179377053454,-6.711695477798841,-16.01344010196553,50.0,69.24999999999983,69.24999999999983,-15.0,-115.0,-48.6438679245283,-33.7649059846601,-18.8859440447919,-11.446463074857796,-65.0,-79.24999999999999,-79.2499999999999
20221216_0,1275.0,1275.0,1275.0,,,,1275.0,1275.0,1275.0,-1550.0,-1550.0,-1550.0,,,,-1550.0,-1550.0,-1550.0
20221216_1,340.0,0.0,41.8646408839779,12.218732682962075,-17.427175518053744,-32.25012961856166,65.0,110.0,110.0,-10.0,-1340.0,-70.19567219152854,6.474558018868294,83.14478822926513,121.47990333446354,-105.0,-130.0,-130.0
20221216_2,350.0,5.0,33.645970937912814,9.334360711233703,-14.977249515445408,-27.13305462878496,45.0,55.0,55.0,-30.0,-1180.0,-58.837516512549534,3.713806484162042,66.26512948087361,97.5407909792294,-75.0,-105.99999999999996,-105.99999999999984
20221219_0,1390.0,-5.0,54.37405731523378,1.9848523694777207,-50.40435257627834,-76.59895504915639,90.0,115.0,115.0,-15.0,-2380.0,-65.37707390648568,17.059927922177465,99.4969297508406,140.71543066517216,-85.0,-120.0,-120.0
20221219_1,1390.0,-5.0,56.01547753869384,-40.81021450380777,-137.6359065463094,-186.0487525675602,90.0,115.0,115.0,-5.0,-2380.0,-66.03435258588146,44.907553147945,155.84945888177143,211.32041174868468,-80.0,-115.0,-115.0
20221219_2,805.0,-10.0,44.04239766081872,-32.984130545618605,-110.01065875205592,-148.52392285527458,60.0,105.0,105.0,-15.0,-140.0,-54.16666666666666,-40.15845949271311,-26.15025231875956,-19.14614873178278,-70.0,-75.0,-75.0
20221220_0,1390.0,0.0,45.54896142433235,-10.398506213255232,-66.34597385084281,-94.3197076696366,65.0,110.0,110.0,-20.0,-2380.0,-67.54698318496538,20.96976310946853,109.48650940390245,153.74488255111942,-80.0,-95.0,-95.0
20221220_1,205.0,-20.0,33.050603795284644,3.228620001206046,-26.59336379287255,-41.50435568991185,60.0,105.0,105.0,-10.0,-940.0,-58.76653248993674,-15.68487205114976,27.396788387637223,48.93761860703071,-80.0,-95.0,-95.0
20221220_2,425.0,-10.0,35.28955954323002,5.711269016228343,-23.86702151077333,-38.656166774274176,55.0,75.0,75.0,-20.0,-200.0,-57.46329526916803,-36.2431498872368,-15.023004505305565,-4.412931814339949,-75.0,-93.75,-93.74999999999972
20221221_0,720.0,-20.0,36.01417183348096,-26.955438176401664,-89.92504818628429,-121.4098531912256,50.0,62.999999999999545,62.999999999999545,-40.0,-935.0,-76.61204605845882,-10.8451835107156,54.921679037027616,87.80511031089924,-95.0,-145.0,-145.0
20221221_1,230.0,-15.0,22.63723150357995,-1.5090074947337015,-25.65524649304736,-37.728365992204175,50.0,70.0,70.0,-20.0,-935.0,-69.54952267303102,-20.11701243504394,29.315497802943145,54.031752921936686,-90.0,-105.0,-105.0
20221221_2,265.0,-30.0,21.5695067264574,-4.328564445756072,-30.226635617969546,-43.175671204076274,40.0,70.0,70.0,-30.0,-300.0,-71.95067264573991,-43.78657458987945,-15.622476534018986,-1.5404275060887611,-110.0,-130.0,-130.0
20221222_0,910.0,0.0,37.63550667714061,-14.883828449877896,-67.4031635768964,-93.66283114040566,65.0,95.0,95.0,-35.0,-655.0,-68.39355852317361,-33.43131667999164,1.5309251631903322,19.01204608478132,-95.0,-122.0,-121.99999999999972
20221222_1,270.0,-30.0,27.35906862745098,-1.0821168891445474,-29.523302405740075,-43.74389516403784,65.0,80.0,80.0,-30.0,-245.0,-67.59803921568627,-45.53222280967712,-23.466406403667985,-12.433498200663408,-80.0,-112.24999999999994,-112.24999999999966
20221222_2,190.0,0.0,26.1340206185567,0.0447393740039139,-26.04454187054888,-39.08918249282526,60.0,80.0,80.0,-35.0,-235.0,-62.19931271477663,-43.45650615619972,-24.713699597622814,-15.342296318334355,-75.0,-90.0,-90.0
20221223_0,910.0,0.0,37.63550667714061,-14.883828449877896,-67.4031635768964,-93.66283114040566,65.0,95.0,95.0,-35.0,-655.0,-68.39355852317361,-33.43131667999164,1.5309251631903322,19.01204608478132,-95.0,-122.0,-121.99999999999972
20221223_1,1500.0,-10.0,44.08573596358119,-30.3535668540554,-104.792869671692,-142.01252108051028,75.0,100.0,100.0,-5.0,-970.0,-68.33080424886191,-23.30210531501948,21.726593618822942,44.24094308574416,-80.0,-105.0,-105.0
20221223_2,375.0,-10.0,22.60147601476015,-3.403577583110525,-29.4086311809812,-42.41115797991654,40.0,40.0,40.0,-15.0,-170.0,-54.39114391143912,-37.288562479106055,-20.185981046772994,-11.63469033060646,-70.0,-87.5,-87.49999999999994
20221226_0,1500.0,10.0,45.56519138755981,-20.299861584070698,-86.1649145557012,-119.09744104151646,80.0,100.0,100.0,-35.0,-970.0,-73.57655502392345,-28.34351788636729,16.889519251188858,39.50603781996693,-100.0,-125.0,-125.0
20221226_1,670.0,-10.0,41.42857142857143,3.485720371318557,-34.45713068593432,-53.42855621456076,70.0,85.0,85.0,-25.0,-1055.0,-59.76089588377724,-12.61150410949766,34.53788766478192,58.11258355192172,-80.0,-100.0,-100.0
20221226_2,160.0,0.0,36.56394453004623,14.96905480764772,-6.62583491475079,-17.423279775950043,60.0,75.0,75.0,-30.0,-220.0,-57.164869029275806,-34.80045472034112,-12.436040411406438,-1.253833256939096,-70.0,-80.0,-80.0
20221227_0,730.0,-120.0,34.25293685756241,-33.80955394226155,-101.8720447420855,-135.9032901419975,110.0,140.0,140.0,120.0,-1125.0,-66.66483113069016,4.413053847338318,75.4909388253668,111.02988131438104,-140.0,-165.0,-165.0
20221227_1,500.0,-10.0,35.24945770065076,-0.9507089669638092,-37.15087563457838,-55.25095896838565,60.0,85.0,85.0,-25.0,-935.0,-69.72017353579176,-23.10238611364436,23.515401308503044,46.82429501957674,-100.0,-145.0,-145.0
20221227_2,500.0,-10.0,36.29130966952265,-14.528714323007392,-65.34873831553743,-90.75875031180244,55.0,100.0,100.0,-30.0,-920.0,-74.29620563035496,-4.912801544465296,64.47060254142437,99.1623045843692,-85.0,-110.0,-110.0
20221228_0,1060.0,-5.0,46.91708229426434,-26.32049661443093,-99.5580755231262,-136.17686497747383,85.0,100.0,100.0,-30.0,-1060.0,-85.34600997506234,-2.073003455769665,81.20000306352301,122.83650632316936,-105.0,-155.0,-155.0
20221228_1,245.0,-25.0,25.57167730702264,-2.4398714338886336,-30.451420174799903,-44.45719454525553,60.0,85.0,85.0,-20.0,-340.0,-61.18978525827046,-30.69720757168506,-0.2046298850996564,15.04165895819304,-98.99999999999991,-125.0,-125.0
20221228_2,170.0,0.0,33.80389429763561,14.95574915434444,-3.8923959889467312,-13.316468560592313,50.0,60.0,60.0,-35.0,-220.0,-69.97218358831711,-43.40174732715816,-16.831311065999202,-3.546092935419722,-100.0,-130.0,-130.0
20221229_0,800.0,-15.0,34.03061224489796,-7.5271141584996,-49.08484056189716,-69.86370376359594,50.0,85.0,85.0,-35.0,-300.0,-76.38932496075353,-48.22974024843863,-20.070155536123742,-5.990363179966295,-100.0,-130.0,-130.0
20221229_1,800.0,-10.0,43.38196286472149,-32.23437139074909,-107.85070564621968,-145.65887277395495,55.0,96.75000000000011,96.75000000000011,-20.0,-295.0,-68.39522546419099,-37.08564538826592,-5.776065312340855,9.87872472562168,-95.0,-125.0,-125.0
20221229_2,445.0,15.0,39.23280423280424,-15.40642630627783,-70.0456568453599,-97.36527211490092,55.0,82.99999999999997,82.99999999999997,-45.0,-140.0,-69.12698412698413,-53.420068659085786,-37.71315319118744,-29.859695457238267,-85.0,-93.0,-92.99999999999996
20221230_0,1330.0,-5.0,41.93055555555556,-37.57912517148176,-117.08880589851908,-156.84364626203774,55.0,65.24999999999977,65.24999999999977,-40.0,-620.0,-72.50694444444444,-34.98643609262664,2.534072259191163,21.29432643510006,-85.0,-105.0,-105.0
20221230_2,275.0,-10.0,33.795180722891565,1.2246273898139606,-31.345925943263644,-47.63120260980245,76.00000000000009,95.0,95.0,-30.0,-125.0,-55.08032128514056,-40.41353942206848,-25.7467575589964,-18.41336662746036,-70.0,-78.0,-77.99999999999994
20230103_0,1330.0,1330.0,1330.0,,,,1330.0,1330.0,1330.0,-145.0,-145.0,-145.0,,,,-145.0,-145.0,-145.0
20230103_1,1000.0,-15.0,52.46103221337028,-31.435001536185645,-115.33103528574156,-157.27905216051954,87.00000000000045,125.0,125.0,10.0,-1000.0,-68.14340145479737,-2.234860507104216,63.67368044058894,96.62795091443552,-100.0,-120.0,-120.0
20230103_2,310.0,-15.0,23.564453125,-7.729240338395602,-39.0229338017912,-54.669780533489,40.0,50.0,50.0,-10.0,-560.0,-52.34375,-6.7119062246219485,38.9199375507561,61.73585943844513,-69.5,-85.0,-85.0
20230104_0,440.0,-20.0,26.431435445068164,-13.21305097050519,-52.85753738607855,-72.67978059386522,55.0,88.50000000000023,88.50000000000023,-30.0,-200.0,-64.41058540497194,-40.74403173404994,-17.077478063127934,-5.244201227666935,-95.0,-115.0,-115.0
20230104_1,130.0,-15.0,30.18413597733711,12.019753015194157,-6.1446299469488,-15.226821428020276,50.0,67.25000000000023,67.25000000000023,-10.0,-200.0,-52.16359773371105,-32.725801310690585,-13.288004887670112,-3.569106676159876,-75.0,-90.0,-90.0
20230104_2,190.0,-5.0,19.44833625218914,-1.7380225633002908,-22.92438137878972,-33.51756078653443,45.0,67.5,67.5,-5.0,-160.0,-46.97898423817863,-30.366066636290675,-13.753149034402718,-5.446690233458739,-65.0,-75.0,-75.0
20230105_0,700.0,-15.0,41.83141297756216,4.035098779018739,-33.76121541952468,-52.6593725187964,80.0,95.0,95.0,-35.0,-530.0,-77.05579138872044,-30.60969786215132,15.836395664417791,39.05944242770235,-110.99999999999994,-135.0,-135.0
20230105_1,325.0,-25.0,23.37649402390438,-2.9255532908796305,-29.227600605663643,-42.37862426305564,50.0,75.0,75.0,10.0,-355.0,-55.63745019920319,-31.67404998055628,-7.710649761909359,4.271050347414096,-75.0,-95.0,-95.0
20230105_2,325.0,-10.0,27.862849533954726,-5.6452564207146345,-39.15336237538399,-55.90741535271867,50.0,85.0,85.0,-10.0,-350.0,-46.91078561917443,-17.09059061340729,12.729604392359851,27.63970189524342,-65.0,-105.0,-105.0
20230106_0,255.0,-15.0,30.68771929824561,8.605517864831477,-13.47668356858266,-24.51778428528973,45.0,55.0,55.0,0.0,-425.0,-51.72631578947368,-23.473056268385943,4.780203252701796,18.906833013245667,-65.0,-95.0,-95.0
20230106_1,255.0,-10.0,29.160725858716784,1.9821343468764605,-25.196457164963864,-38.78575292088402,55.0,80.0,80.0,5.0,-420.0,-47.19701879455606,-22.132224598361887,2.932569597832284,15.46496669592937,-65.0,-80.0,-80.0
20230106_2,185.0,-10.0,38.4375,14.03027352176874,-10.376952956462516,-22.580566195578143,60.0,75.0,75.0,-20.0,-160.0,-50.9375,-32.70859202856455,-14.479684057129113,-5.365230071411389,-75.0,-85.0,-85.0
20230109_0,290.0,5.0,30.09733606557377,5.463872286628405,-19.16959149231696,-31.48632338178965,60.0,75.0,75.0,-20.0,-690.0,-49.5876024590164,-14.391417871435316,20.804766716145764,38.40285900993631,-60.0,-110.0,-110.0
20230109_1,550.0,-20.0,31.485127775450355,2.040276700349452,-27.40457437475145,-42.12699991230191,60.0,80.0,80.0,-5.0,-690.0,-53.97360703812317,-21.762317104623293,10.448972828876585,26.55461779562652,-76.99999999999989,-100.0,-100.0
20230109_2,675.0,0.0,33.01178992497321,-12.853599869731298,-58.7189896644358,-81.65168456178804,45.0,85.0,85.0,-25.0,-195.0,-51.61307609860665,-32.36354791555891,-13.114019732511174,-3.4892556409873023,-70.0,-90.0,-90.0
20230110_0,475.0,-335.0,56.63535536441829,-82.47263245343585,-221.58062027129,-291.13461418021706,295.0,335.0,335.0,315.0,-690.0,-29.42960615663196,113.08001055473903,255.58962726611003,326.8444356217955,-130.0,-320.0,-320.0
20230110_1,230.0,-5.0,33.23041738136078,6.011412568638047,-21.207592244084687,-34.81709465044605,65.0,80.0,80.0,-25.0,-330.0,-59.85991995425957,-37.51087536007706,-15.161830765894544,-3.9873084688032847,-80.0,-95.0,-95.0
20230110_2,245.0,0.0,31.368821292775664,9.443079259485156,-12.482662773805352,-23.445533790450604,50.0,65.0,65.0,-35.0,-245.0,-59.15716096324461,-38.427620501208224,-17.698080039171835,-7.333309808153636,-75.0,-82.99999999999997,-82.99999999999983
20230111_0,990.0,0.0,44.84564777327935,-2.284003312086412,-49.41365439745218,-72.97847994013506,70.0,90.0,90.0,-35.0,-410.0,-71.32085020242916,-38.72705114185879,-6.133252081288418,10.16364744899677,-100.0,-120.0,-120.0
20230111_1,380.0,-15.0,27.6765447667087,3.037022931743248,-21.602498903222205,-33.92225982070493,55.0,65.0,65.0,55.0,-305.0,-65.97414880201765,-34.91584461877672,-3.857540435535782,11.67161165608468,-90.0,-120.0,-120.0
20230111_2,105.0,-5.0,21.88571428571429,5.800116508999771,-10.285481267714744,-18.328280156072,40.0,55.0,55.0,-35.0,-285.0,-61.90476190476191,-36.61464231159438,-11.324522718426856,1.32053707815691,-80.0,-95.0,-95.0
20230112_0,670.0,-10.0,25.08333333333333,-6.621626638218121,-38.32658660976958,-54.17906659554531,45.0,70.0,70.0,-30.0,-320.0,-70.85119047619048,-46.78144867675975,-22.71170687732903,-10.676835977613663,-95.0,-115.0,-115.0
20230112_2,250.0,-15.0,23.65625,-4.066752202091653,-31.789754404183302,-45.65125550522913,45.0,60.0,60.0,-20.0,-175.0,-56.578125,-33.995775047244535,-11.413425094489073,-0.1222501181113386,-85.0,-95.0,-95.0
20230116_0,260.0,-10.0,37.613762486126525,7.377884511869507,-22.857993462387512,-37.975932449516016,75.0,95.0,95.0,-30.0,-580.0,-69.3118756936737,-31.763116160104666,5.785643373464367,24.560023140248887,-100.0,-125.0,-125.0
20230116_1,1760.0,-20.0,40.24147727272727,-41.50179578539903,-123.24506884352532,-164.11670537258848,65.0,90.0,90.0,-25.0,-650.0,-69.4971590909091,-11.801549278866196,45.8940605331767,74.74186543919814,-90.0,-125.0,-125.0
20230116_2,125.0,5.0,27.675736961451246,12.615808917323951,-2.44411912680334,-9.974083148866985,40.0,55.0,55.0,-40.0,-455.0,-75.58956916099773,-17.705541060561096,40.178487039875534,69.12050109009384,-100.0,-210.0,-209.99999999999915
20230117_0,450.0,0.0,37.76772793053546,6.760751061936254,-24.24622580666295,-39.74971424096255,55.0,70.0,70.0,-35.0,-800.0,-74.66714905933429,-23.27771509032715,28.111718878679994,53.806435863183566,-105.0,-130.0,-130.0
20230117_1,350.0,-15.0,40.33206106870229,8.373692506023456,-23.58467605665537,-39.5638603379948,55.0,85.0,85.0,-15.0,-770.0,-57.93893129770992,-16.48212234202397,24.97468661366198,45.70309109150495,-80.0,-105.0,-105.0
20230117_2,200.0,10.0,32.81653746770026,12.480629426615444,-7.85527861446937,-18.02323263501178,45.0,55.0,55.0,-25.0,-410.0,-58.20413436692507,-22.95237979386433,12.299374779196404,29.925252065726774,-80.0,-120.0,-120.0
20230118_0,1320.0,-20.0,39.899011602922215,-14.786249291817557,-69.47151018655732,-96.8141406339272,80.0,100.0,100.0,-15.0,-1600.0,-67.26471852170177,-20.73758383675908,25.78955084818361,49.05311819065496,-105.0,-135.0,-135.0
20230118_1,1320.0,-10.0,38.92045454545455,-27.407536069025227,-93.735526683505,-126.89952199074489,60.0,75.0,75.0,-15.0,-1385.0,-69.11576704545455,17.93442364963221,104.98461434471896,148.50970969226233,-95.0,-130.0,-130.0
20230118_2,290.0,-20.0,39.17170495767836,11.971709900528634,-15.22828515662109,-28.82828268519596,55.0,85.0,85.0,-30.0,-205.0,-67.12212817412333,-47.09790963373975,-27.073691093356167,-17.061581823164374,-80.0,-100.0,-100.0
20230119_0,945.0,15.0,54.10308236483072,6.383694000314847,-41.33569436420103,-65.19538854645896,75.0,100.0,100.0,0.0,-400.0,-59.83577564426478,-26.499834860032223,6.836105924200332,23.50407631631661,-95.0,-115.0,-115.0
20230119_1,510.0,-15.0,40.230727470141154,7.978858988671462,-24.27300949279823,-40.39894373353308,50.0,95.0,95.0,5.0,-1155.0,-57.62757871878393,-18.19906669302388,21.229445332736184,40.94370134561621,-90.0,-120.0,-120.0
20230119_2,350.0,0.0,46.66986564299424,22.759085289829297,-1.1516950633356444,-13.107085239918112,60.0,85.0,85.0,-20.0,-225.0,-57.49520153550864,-34.88622450612763,-12.277247476746638,-0.9727589620561404,-75.0,-100.0,-100.0
20230120_0,945.0,25.0,55.64,2.2367048812185715,-51.16659023756286,-77.86823779695358,85.0,120.0,120.0,-30.0,-720.0,-69.164,1.1922442494191188,71.54848849883824,106.72661062354778,-85.0,-110.0,-110.0
20230120_1,790.0,5.0,52.43003412969284,-0.2692952390382359,-52.96862460776931,-79.31828929213484,65.0,85.0,85.0,5.0,-1080.0,-63.3617747440273,16.170319421236854,95.702413586501,135.4684606691331,-95.0,-125.0,-125.0
20230120_2,380.0,-10.0,39.45975744211687,7.789281062477624,-23.88119531716162,-39.71643350698125,60.0,75.0,75.0,50.0,-440.0,-57.38699007717751,-26.87793220886492,3.631125659447669,18.885654593603967,-86.99999999999996,-120.0,-120.0
20230130_0,1170.0,1170.0,1170.0,,,,1170.0,1170.0,1170.0,-1080.0,-1080.0,-1080.0,,,,-1080.0,-1080.0,-1080.0
20230130_1,1235.0,-25.0,44.34475503456567,-27.559841940440272,-99.4644389154462,-135.41673740294917,60.0,90.0,90.0,-15.0,-1040.0,-63.190562067929065,0.4697312677107774,64.13002460335062,95.96017127117057,-85.0,-155.0,-155.0
20230130_2,120.0,5.0,29.594731509625127,13.648005653790376,-2.298720202044376,-10.27208312996175,50.0,60.0,60.0,-5.0,-295.0,-53.55623100303952,-25.952147516512102,1.651935970015309,15.453977713279016,-70.0,-90.0,-90.0
20230131_0,665.0,0.0,43.61660079051384,4.579383491793095,-34.457833806927646,-53.97644245628802,65.0,75.0,75.0,20.0,-1520.0,-47.30378317334839,15.973030283656527,79.24984374066145,110.88825046916388,-65.0,-97.5,-97.49999999999956
20230131_1,385.0,5.0,38.73822508676252,9.122516922641132,-20.49319124148025,-35.30104532354094,60.0,85.0,85.0,5.0,-540.0,-52.563212692117006,-23.23163645972401,6.099939772668982,20.765727888865484,-75.0,-90.0,-90.0
20230131_2,100.0,15.0,39.76331360946745,27.779167491856366,15.79502137424528,9.802948315439735,50.0,58.49999999999994,58.49999999999994,-10.0,-205.0,-42.65285996055227,-16.474809558887006,9.703240842778255,22.792266043610887,-60.0,-100.0,-100.0
20230201_0,575.0,15.0,56.90136476426799,19.22237074485444,-18.45662327455912,-37.29612028426589,80.0,127.24999999999908,127.24999999999908,10.0,-880.0,-48.9454094292804,5.086946304933406,59.11930203914721,86.13547990625409,-74.49999999999989,-110.0,-110.0
20230201_1,310.0,-25.0,56.1764705882353,32.801950154437094,9.427429720638884,-2.2598304962602214,75.0,105.0,105.0,15.0,-925.0,-33.649588867805186,7.729653407598953,49.10889568300309,69.79851682070515,-50.0,-60.0,-60.0
20230201_2,150.0,25.0,53.08073654390935,32.178247703093746,11.275758862278146,0.8245144418703418,70.0,105.0,105.0,15.0,-205.0,-26.26770538243626,-3.966084931732187,18.335535518971888,29.486345744323927,-45.0,-70.0,-70.0
20230202_0,345.0,0.0,58.2173095014111,30.75016461018766,3.283019718964219,-10.450552726647494,80.0,105.0,105.0,25.0,-1165.0,-39.4002822201317,6.298786426990745,51.99785507411319,74.8473893976744,-60.0,-95.0,-95.0
20230202_1,345.0,15.0,50.87795465508924,23.477713321148546,-3.922528012792149,-17.62264867976249,85.0,105.0,105.0,0.0,-1135.0,-35.54510371442354,13.224427729898167,61.993959174219874,86.37872489638073,-50.0,-90.0,-90.0
20230202_2,200.0,15.0,46.352739726027394,23.87418750829741,1.3956352905674263,-9.843640818297564,65.0,100.0,100.0,10.0,-315.0,-38.09931506849315,-10.832755911833637,16.433803244825874,30.06708282315564,-50.0,-80.0,-80.0
20230203_0,405.0,30.0,62.39314115308151,35.12208315471955,7.851025156357579,-5.784503842823405,95.0,115.0,115.0,0.0,-525.0,-39.17743538767396,-5.48635586849133,28.2047236506913,45.05026341028262,-70.0,-100.0,-100.0
20230203_1,220.0,10.0,54.45593035908596,31.73533772736101,9.01474509563606,-2.345551220226419,85.0,105.0,105.0,0.0,-525.0,-35.062568008705114,5.212532562358263,45.48763313342164,65.62518341895333,-55.0,-85.0,-85.0
20230203_2,210.0,20.0,52.31614135625597,31.13206337637612,9.947985396496271,-0.6440535934436511,75.0,85.0,85.0,0.0,-395.0,-42.90353390639923,-12.334937926908871,18.23365805258149,33.517956042326674,-65.0,-95.0,-95.0
20230206_0,745.0,15.0,55.654965753424655,11.535952569003555,-32.583060615417544,-54.6425672076281,90.0,115.0,115.0,-5.0,-1050.0,-41.42123287671233,3.661519998280802,48.744272873273935,71.28564931077051,-60.0,-80.0,-80.0
20230206_1,665.0,-5.0,50.2501667778519,9.043556005623335,-32.16305476660523,-52.76636015271952,75.0,115.99999999999908,115.99999999999908,15.0,-1020.0,-27.771847898599063,19.74849397562713,67.26883584985333,91.02900678696643,-45.0,-55.0,-55.0
20230207_0,685.0,10.0,60.85765693722511,22.325928058963555,-16.205800819298,-35.47166525842878,80.0,110.0,110.0,10.0,-320.0,-31.91123550579768,-8.13465632137926,15.64192286303916,27.53021245524837,-50.0,-80.0,-80.0
20230207_1,580.0,10.0,58.17892503536068,21.02156630479938,-16.13579242576192,-34.71447179104257,80.0,95.0,95.0,20.0,-245.0,-28.483026874115986,-7.132299281107162,14.218428311901658,24.89379210840607,-50.0,-60.0,-60.0
20230207_2,160.0,10.0,53.39622641509434,35.98519559725769,18.574164779421046,9.868649370502723,75.0,85.0,85.0,5.0,-125.0,-30.23584905660377,-16.01520971158206,-1.7945703665603503,5.315749305950508,-40.0,-55.0,-55.0
20230208_0,625.0,0.0,48.23450134770889,19.43018263240991,-9.374136082889072,-23.77629544053857,75.0,100.0,100.0,-5.0,-335.0,-40.881401617250674,-18.083760930024585,4.713879757201504,16.11270010081455,-65.0,-85.0,-85.0
20230208_1,330.0,5.0,48.44422211105553,24.674056226719262,0.9038903423829936,-10.98119259978514,65.0,85.0,85.0,10.0,-470.0,-31.75087543771886,-9.622259493028215,12.506356451662429,23.570664424007745,-50.0,-60.0,-60.0
20230208_2,160.0,20.0,52.25242718446602,35.2311928347718,18.20995848507757,9.69934131023046,60.0,85.0,85.0,5.0,-425.0,-31.660194174757283,-5.888130062777609,19.883934049202065,32.7699661051919,-40.0,-45.0,-45.0
20230209_0,765.0,5.0,60.18872113676732,16.769270580694965,-26.65017997537739,-48.359905253413565,80.0,105.0,105.0,40.0,-340.0,-32.93072824156305,-9.66782471661054,13.595078808341974,25.22653057081824,-50.0,-70.0,-70.0
20230209_1,715.0,15.0,45.277167947310645,16.984306422146926,-11.308555103016792,-25.45498586559866,60.0,85.0,85.0,10.0,-210.0,-27.228320526893523,-8.102691484957123,11.022937556979276,20.58575207794748,-45.0,-55.0,-55.0
20230209_2,215.0,25.0,62.7579556412729,35.747800128283586,8.737644615294265,-4.767433141200399,100.0,115.0,115.0,20.0,-210.0,-31.81774349083896,-8.478120828444695,14.861501833949568,26.5313131651467,-50.0,-70.0,-70.0
20230210_0,590.0,10.0,60.51081454210769,19.050184012499685,-22.41044651710832,-43.140761781912325,90.0,125.0,125.0,5.0,-1105.0,-29.404049700874367,17.04565598760265,63.49536167607967,86.72021452031818,-43.99999999999992,-75.0,-75.0
20230210_1,310.0,-5.0,35.71876087713192,11.229260264690446,-13.26024034775103,-25.504990653971767,60.0,80.0,80.0,20.0,-1105.0,-29.01496693351897,7.427944293474091,43.87085552046715,62.09231113396368,-45.0,-60.0,-60.0
20230210_2,200.0,5.0,40.92307692307692,18.86880962470297,-3.1854576736709888,-14.212591322857968,65.0,85.0,85.0,-10.0,-250.0,-41.46153846153846,-19.730895496534703,1.999747468469053,12.86506895097093,-55.0,-85.0,-85.0
20230213_0,590.0,-230.0,40.8945597307908,12.449067945016251,-15.996423840758297,-30.21916973364557,65.0,80.0,80.0,120.0,-1420.0,-39.15030846887269,8.02725637676636,55.20482122240541,78.79360364522492,-60.0,-85.0,-85.0
20230213_1,190.0,-15.0,30.678213689482472,12.879490942567813,-4.919231804346847,-13.818593177804178,45.0,55.0,55.0,5.0,-245.0,-33.806343906510854,-8.799988609316507,16.20636668787784,28.70954433647501,-60.0,-70.0,-70.0
20230213_2,130.0,10.0,40.72636815920398,27.13296429082489,13.539560422445817,6.7428584882562745,50.0,55.0,55.0,10.0,-220.0,-28.07960199004976,4.871128340604635,37.82185867125902,54.29722383658621,-85.0,-105.0,-105.0
20230214_0,265.0,-5.0,41.52005629838142,19.10485335899825,-3.310349580384909,-14.51795105007649,60.0,65.0,65.0,0.0,-490.0,-37.36101337086559,-10.421412171605514,16.518189027654557,29.9879896272846,-50.0,-60.0,-60.0
20230214_1,115.0,10.0,33.17460317460318,21.978008881031283,10.781414587459388,5.183117440673442,40.0,48.249999999999886,48.249999999999886,10.0,-250.0,-24.37996031746032,-3.7990840503294407,16.781792216801435,27.07223035036688,-45.0,-50.0,-50.0
20230214_2,110.0,5.0,35.04909983633388,20.574785276560693,6.100470716787505,-1.13668656309909,50.0,60.0,60.0,10.0,-110.0,-23.17512274959084,-7.178695798867581,8.817731151855671,16.8159446272173,-40.0,-45.0,-45.0
20230215_0,280.0,10.0,51.19569549621363,31.53131743439964,11.86693937258564,2.034750341678645,70.0,90.0,90.0,5.0,-490.0,-40.99043443603029,-13.80330035866415,13.383833718701991,26.977400757385062,-65.0,-90.0,-90.0
20230215_1,225.0,15.0,42.049300956585725,25.89199032272925,9.734679688872768,1.6560243719445251,55.0,60.0,60.0,20.0,-345.0,-28.830022075055187,0.9709838175091255,30.77198971007344,45.6724926563556,-50.0,-80.0,-80.0
20230215_2,150.0,10.0,34.71460340993328,22.67131100613181,10.628018602330332,4.606372400429596,45.0,55.0,55.0,10.0,-130.0,-18.95478131949592,-1.8980544935425,15.158672332410925,23.687035745387632,-35.0,-45.0,-45.0
20230216_0,465.0,5.0,39.496815286624205,16.997576802571487,-5.501661681481231,-16.751280923507586,55.0,65.0,65.0,5.0,-260.0,-33.945859872611464,-7.952768692560618,18.04032248749023,31.03686807751565,-60.0,-70.0,-70.0
20230216_1,245.0,10.0,38.1980906921241,21.14470532681468,4.091319961505256,-4.435372721149456,50.0,60.0,60.0,10.0,-200.0,-22.96420047732697,-4.232414481129151,14.499371515068669,23.86526451316757,-35.0,-50.0,-50.0
20230216_2,185.0,15.0,42.25039619651347,29.116466893698032,15.982537590882592,9.415572939474878,50.0,60.0,60.0,0.0,-110.0,-23.94611727416799,-10.823072762887138,2.2999717483937125,8.861494004034135,-40.0,-45.0,-45.0
20230217_0,465.0,5.0,43.60818350898946,14.767898882171403,-14.072385744646652,-28.49252805805568,65.0,95.0,95.0,55.0,-245.0,-29.463732176069435,-10.39156401875116,8.680604138567112,18.21668821722625,-50.0,-65.0,-65.0
20230217_1,110.0,10.0,33.0306905370844,21.246550709111755,9.462410881139114,3.570340967152795,45.0,55.0,55.0,5.0,-110.0,-26.764705882352946,-13.043721640961962,0.6772626004290174,7.537754721124507,-45.0,-45.0,-45.0
20230217_2,145.0,0.0,29.811165845648603,13.475194675675272,-2.860776494298058,-11.028762079284723,50.0,55.0,55.0,0.0,-115.0,-29.088669950738915,-14.445478844939812,0.1977122608592907,7.519307813758839,-45.0,-50.0,-50.0
20230220_0,130.0,5.0,39.387533875338754,22.48604064016265,5.584547404986544,-2.866199212601508,60.0,70.0,70.0,10.0,-370.0,-33.582655826558266,-12.855387419154344,7.871880988249579,18.235515191951546,-50.0,-60.0,-60.0
20230220_1,150.0,-5.0,33.45358090185676,18.196283244361823,2.938985586866892,-4.689663241880574,48.00000000000068,60.0,60.0,10.0,-355.0,-26.490716180371354,-10.61966788954099,5.251380401289374,13.186904546704556,-45.0,-50.0,-50.0
20230220_2,45.0,5.0,25.681818181818183,19.472248284083246,13.262678386348307,10.15789343748084,30.0,35.0,35.0,5.0,-70.0,-18.238636363636363,-9.83191040227038,-1.4251844409043954,2.7781785397785974,-25.0,-30.0,-30.0
20230221_0,115.0,115.0,115.0,,,,115.0,115.0,115.0,-370.0,-370.0,-370.0,,,,-370.0,-370.0,-370.0
20230221_1,165.0,0.0,29.13154533844189,17.47432989102901,5.817114443616134,-0.0114932800903062,40.0,45.0,45.0,5.0,-135.0,-19.476372924648786,-8.200833910359755,3.074705103929276,8.712474611073791,-30.0,-35.0,-35.0
20230221_2,115.0,5.0,26.069767441860463,17.603368706003018,9.136969970145577,4.903770602216852,35.0,40.0,40.0,0.0,-90.0,-25.65116279069768,-13.257107937845571,-0.8630530849934708,5.33397434143258,-40.0,-45.0,-45.0
20230222_0,150.0,0.0,37.20448369565217,21.969602736820207,6.734721777988241,-0.8827187014277413,55.0,60.0,60.0,0.0,-395.0,-38.04008152173913,-8.399466928920866,21.2411476638974,36.06145496030654,-55.0,-65.0,-65.0
20230222_1,95.0,10.0,30.827171903881705,18.50499807952523,6.182824255168757,0.0217373429905229,45.0,55.0,55.0,10.0,-125.0,-22.000924214417743,-6.338168285484105,9.324587643449531,17.15596560791635,-35.0,-45.0,-45.0
20230222_2,75.0,0.0,33.02287581699346,22.011876864488315,11.00087791198317,5.495378435730597,45.0,55.0,55.0,0.0,-175.0,-29.0686274509804,0.190506407961891,29.449640266904176,44.079207196375314,-35.0,-98.75,-98.74999999999991
20230223_0,295.0,10.0,40.77646295996109,21.09996639035262,1.4234698207441454,-8.414778464060092,55.0,65.0,65.0,0.0,-325.0,-32.23699140865618,-10.250380112447688,11.736231183760808,22.72953683186505,-55.0,-70.0,-70.0
20230223_1,270.0,10.0,36.552538370720185,18.334544899916423,0.1165514291126612,-8.99244530628922,50.0,60.0,60.0,5.0,-145.0,-23.17001180637544,-5.796234716228593,11.577542373918256,20.26443091899168,-40.0,-53.49999999999998,-53.4999999999998
20230223_2,90.0,10.0,34.88321167883212,25.25255757633376,15.621903473835404,10.806576422586224,45.0,50.0,50.0,5.0,-115.0,-16.73722627737226,-5.28348632214886,6.170253633074541,11.89712361068624,-25.0,-30.0,-30.0
20230224_0,365.0,-15.0,34.71403812824957,11.459616795526706,-11.794804537196155,-23.422015203557592,45.0,55.0,55.0,5.0,-280.0,-26.97573656845754,-3.240690687533444,20.49435519339065,32.3618781338527,-40.0,-65.0,-65.0
20230224_1,110.0,0.0,25.495495495495497,14.035023665817375,2.574551836139257,-3.155684078699803,40.0,45.0,45.0,5.0,-140.0,-22.54254254254254,-5.0180980648866615,12.50634641276922,21.26856865159716,-35.0,-55.0,-55.0
20230224_2,50.0,0.0,24.48328267477204,17.61737226343118,10.75146185209032,7.318506646419891,30.0,35.0,35.0,-5.0,-95.0,-23.79939209726444,-7.517691322556232,8.764009452151974,16.90485983950608,-40.0,-62.99999999999999,-62.999999999999936
20230227_0,235.0,-150.0,5.901677539608574,-8.14254588629725,-22.18676931220308,-29.208881025155986,20.0,30.0,30.0,100.0,-360.0,-26.46551724137931,-12.61288041723028,1.239756406918751,8.166074818993266,-35.0,-40.0,-40.0
20230227_1,65.0,-15.0,20.845718329794764,12.366683754195746,3.887649178596728,-0.3518681092027798,30.0,35.0,35.0,5.0,-100.0,-19.016277423920737,-9.146996327403402,0.7222847691139336,5.6569253173726,-30.0,-35.0,-35.0
20230227_2,55.0,0.0,22.22573839662447,15.132030729110514,8.038323061596556,4.491469227839577,30.0,35.0,35.0,5.0,-55.0,-15.29535864978903,-8.05697542283189,-0.8185921958747517,2.8005994176038165,-25.0,-25.0,-25.0
20230228_0,65.0,-5.0,21.646110056925995,12.644738469383835,3.643366881841679,-0.8573189119294007,35.0,35.0,35.0,0.0,-130.0,-19.430740037950663,-8.70191279007808,2.026914457794504,7.391328081730798,-30.0,-35.0,-35.0
20230228_1,65.0,5.0,18.468309859154928,11.645514486261328,4.822719113367723,1.4113214269209209,25.0,30.0,30.0,10.0,-60.0,-13.397887323943662,-3.9303841326031854,5.537119058737291,10.27087065440753,-20.0,-25.0,-25.0
20230228_2,80.0,0.0,21.482965931863728,14.42574068865552,7.368515445447311,3.839902823843208,30.0,30.0,30.0,10.0,-35.0,-8.72745490981964,-2.4113293963836746,3.90479611705229,7.062858873770272,-15.0,-20.0,-20.0
20230301_0,145.0,-25.0,19.09954158480681,6.423859515967099,-6.251822552872614,-12.58966358729247,30.0,35.0,35.0,25.0,-185.0,-21.00196463654224,-9.504714577672354,1.992535481197532,7.741160510632476,-30.0,-35.0,-35.0
20230301_1,100.0,0.0,22.741844769403823,13.13041531739476,3.518985865385698,-1.2867288606188332,30.0,30.0,30.0,10.0,-70.0,-13.30146231721035,-5.668918770705437,1.963624775799476,5.779896549051932,-20.0,-25.0,-25.0
20230301_2,70.0,-10.0,15.43800539083558,7.698779869461642,-0.0404456519122948,-3.910058412599264,20.0,25.0,25.0,0.0,-100.0,-17.419137466307276,-8.55803745264852,0.3030625610102362,4.733612567839614,-25.0,-25.0,-25.0
20230302_0,230.0,-105.0,21.893725268513283,5.32585408957646,-11.242017089360363,-19.525952678828776,35.0,50.0,50.0,50.0,-315.0,-23.70548332391181,-5.658354899961974,12.388773523987863,21.412337735962787,-35.0,-40.0,-40.0
20230302_1,85.0,-5.0,18.98706896551724,8.133635045256101,-2.71979887500504,-8.14651583513561,30.0,30.0,30.0,0.0,-130.0,-17.957974137931036,-6.622862865273939,4.712248407383157,10.379804043711705,-30.0,-38.24999999999999,-38.24999999999978
20230302_2,65.0,0.0,19.43478260869565,10.58762328030157,1.7404639519074865,-2.683115712289556,30.0,35.0,35.0,5.0,-115.0,-19.2536231884058,-9.14244040238085,0.9687423836440984,6.024333776656572,-25.0,-35.0,-35.0
20230303_0,105.0,-30.0,18.38777979431337,6.096460362092449,-6.194859070128473,-12.340518786238936,25.0,40.0,40.0,-5.0,-125.0,-21.073805202661827,-10.50095760159206,0.0718899994777082,5.358313800012592,-25.0,-30.0,-30.0
20230303_1,105.0,5.0,28.139344262295083,14.258440084246288,0.3775359061974903,-6.562916182826911,35.0,55.24999999999977,55.24999999999977,5.0,-120.0,-10.92622950819672,-0.6929632638504835,9.540302980495754,14.656936102668874,-20.0,-20.0,-20.0
20230303_2,65.0,0.0,19.82558139534884,12.707433507922886,5.589285620496934,2.03021167678396,30.0,30.0,30.0,10.0,-60.0,-9.872093023255816,-2.081473740069783,5.709145543116248,9.604455184709265,-15.0,-20.0,-20.0
20230306_0,290.0,0.0,32.1262950172669,16.136637876583826,0.1469807359007546,-7.847847834440785,40.0,55.0,55.0,35.0,-230.0,-10.680809077454366,1.5779284328704737,13.836665943195314,19.96603469835773,-20.0,-25.0,-25.0
20230306_1,175.0,10.0,28.177637947725074,16.810683445302736,5.443728942880394,-0.2397483083307747,35.0,40.0,40.0,10.0,-185.0,-9.15295256534366,0.5263523090771489,10.205657183497957,15.04530962070836,-20.0,-20.0,-20.0
20230306_2,50.0,5.0,22.416974169741696,13.27304758346444,4.1291209971871865,-0.44284229595144,35.0,35.0,35.0,5.0,-80.0,-10.62730627306273,-4.1444672936344,2.3383716857939305,5.579791175508097,-15.0,-20.0,-20.0
20230307_0,180.0,0.0,19.575736325385694,6.8266511713655795,-5.922433982654535,-12.296976559664593,35.0,40.0,40.0,10.0,-195.0,-19.694950911640955,-4.9469554214040805,9.801040068832794,17.17503781395123,-30.0,-45.0,-45.0
